BELNR,BUKRS,GJAHR,BUDAT,HKONT,KONTO_TEXT,DMBTR,SHKZG,LIFNR,BKTXT,USNAM,FREIGABE
5100000001,1000,2025,2025-02-25,410000,Bürobedarf,802.35,S,V10018,Rechnung V10018 02/2025,SCHMIDT_A,WAGNER_P
5100000002,1000,2025,2025-03-20,470000,Instandhaltung,93.32,S,V10002,Rechnung V10002 03/2025,KOCH_J,WAGNER_P
5100000003,1000,2025,2025-03-14,450000,Mietaufwand,1637.17,S,V10001,Rechnung V10001 03/2025,WEBER_K,MEYER_R
5100000004,1000,2025,2025-04-29,420000,Reisekosten,2219.2,S,V10035,Rechnung V10035 04/2025,BECKER_M,WAGNER_P
5100000005,1000,2025,2025-03-19,430000,Beratungskosten,21.72,S,V10018,Rechnung V10018 03/2025,HOFFMANN_S,WAGNER_P
5100000006,1000,2025,2025-08-06,400000,Materialaufwand,61.34,S,V10004,Rechnung V10004 08/2025,SCHMIDT_A,WAGNER_P
5100000007,1000,2025,2025-02-25,400000,Materialaufwand,604.59,S,V10034,Rechnung V10034 02/2025,KOCH_J,WAGNER_P
5100000008,1000,2025,2025-08-18,440000,IT-Dienstleistungen,297.08,S,V10022,Rechnung V10022 08/2025,KOCH_J,MEYER_R
5100000009,1000,2025,2025-05-05,400000,Materialaufwand,479.68,S,V10014,Rechnung V10014 05/2025,KOCH_J,MEYER_R
5100000010,1000,2025,2025-09-09,450000,Mietaufwand,125.85,S,V10019,Rechnung V10019 09/2025,SCHMIDT_A,BAUER_C
5100000011,1000,2025,2025-07-10,430000,Beratungskosten,2012.31,S,V10010,Rechnung V10010 07/2025,FISCHER_L,WAGNER_P
5100000012,1000,2025,2025-11-26,410000,Bürobedarf,1710.37,S,V10038,Rechnung V10038 11/2025,WEBER_K,WAGNER_P
5100000013,1000,2025,2025-06-12,440000,IT-Dienstleistungen,547.66,S,V10032,Rechnung V10032 06/2025,FISCHER_L,BAUER_C
5100000014,1000,2025,2025-04-16,440000,IT-Dienstleistungen,2991.67,S,V10008,Rechnung V10008 04/2025,KOCH_J,MEYER_R
5100000015,1000,2025,2025-08-06,450000,Mietaufwand,1041.08,S,V10030,Rechnung V10030 08/2025,HOFFMANN_S,BAUER_C
5100000016,1000,2025,2025-08-29,410000,Bürobedarf,124.6,S,V10008,Rechnung V10008 08/2025,HOFFMANN_S,WAGNER_P
5100000017,1000,2025,2025-06-12,440000,IT-Dienstleistungen,888.91,S,V10019,Rechnung V10019 06/2025,FISCHER_L,BAUER_C
5100000018,1000,2025,2025-07-25,460000,Werbekosten,106.25,S,V10030,Rechnung V10030 07/2025,KOCH_J,WAGNER_P
5100000019,1000,2025,2025-06-25,420000,Reisekosten,2009.26,S,V10002,Rechnung V10002 06/2025,KOCH_J,WAGNER_P
5100000020,1000,2025,2025-04-23,460000,Werbekosten,454.92,S,V10030,Rechnung V10030 04/2025,HOFFMANN_S,WAGNER_P
5100000021,1000,2025,2025-04-25,450000,Mietaufwand,366.58,S,V10010,Rechnung V10010 04/2025,HOFFMANN_S,MEYER_R
5100000022,1000,2025,2025-11-26,430000,Beratungskosten,165.76,S,V10028,Rechnung V10028 11/2025,BECKER_M,WAGNER_P
5100000023,1000,2025,2025-09-04,470000,Instandhaltung,3484.45,S,V10020,Rechnung V10020 09/2025,SCHMIDT_A,BAUER_C
5100000024,1000,2025,2025-02-05,470000,Instandhaltung,384.81,S,V10002,Rechnung V10002 02/2025,WEBER_K,WAGNER_P
5100000025,1000,2025,2025-12-16,410000,Bürobedarf,248.31,S,V10031,Rechnung V10031 12/2025,HOFFMANN_S,MEYER_R
5100000026,1000,2025,2025-09-18,470000,Instandhaltung,280.5,S,V10011,Rechnung V10011 09/2025,WEBER_K,BAUER_C
5100000027,1000,2025,2025-01-21,400000,Materialaufwand,1154.81,S,V10039,Rechnung V10039 01/2025,WEBER_K,MEYER_R
5100000028,1000,2025,2025-09-23,410000,Bürobedarf,884.22,S,V10034,Rechnung V10034 09/2025,KOCH_J,MEYER_R
5100000029,1000,2025,2025-08-06,400000,Materialaufwand,953.72,S,V10008,Rechnung V10008 08/2025,FISCHER_L,MEYER_R
5100000030,1000,2025,2025-11-28,420000,Reisekosten,981.73,S,V10025,Rechnung V10025 11/2025,KOCH_J,MEYER_R
5100000031,1000,2025,2025-07-02,470000,Instandhaltung,15163.34,S,V10015,Rechnung V10015 07/2025,WEBER_K,MEYER_R
5100000032,1000,2025,2025-07-11,440000,IT-Dienstleistungen,257.17,S,V10025,Rechnung V10025 07/2025,FISCHER_L,MEYER_R
5100000033,1000,2025,2025-04-25,440000,IT-Dienstleistungen,217.11,S,V10023,Rechnung V10023 04/2025,FISCHER_L,BAUER_C
5100000034,1000,2025,2025-04-29,400000,Materialaufwand,134.02,S,V10012,Rechnung V10012 04/2025,FISCHER_L,WAGNER_P
5100000035,1000,2025,2025-08-15,440000,IT-Dienstleistungen,1320.24,S,V10027,Rechnung V10027 08/2025,FISCHER_L,MEYER_R
5100000036,1000,2025,2025-10-29,430000,Beratungskosten,2999.96,S,V10011,Rechnung V10011 10/2025,WEBER_K,WAGNER_P
5100000037,1000,2025,2025-11-20,430000,Beratungskosten,410.63,S,V10037,Rechnung V10037 11/2025,HOFFMANN_S,BAUER_C
5100000038,1000,2025,2025-10-09,420000,Reisekosten,128.48,S,V10038,Rechnung V10038 10/2025,WEBER_K,BAUER_C
5100000039,1000,2025,2025-08-13,410000,Bürobedarf,131.74,S,V10007,Rechnung V10007 08/2025,FISCHER_L,MEYER_R
5100000040,1000,2025,2025-07-07,470000,Instandhaltung,1395.42,S,V10030,Rechnung V10030 07/2025,KOCH_J,MEYER_R
5100000041,1000,2025,2025-05-06,440000,IT-Dienstleistungen,1618.42,S,V10038,Rechnung V10038 05/2025,FISCHER_L,BAUER_C
5100000042,1000,2025,2025-10-08,430000,Beratungskosten,1175.03,S,V10006,Rechnung V10006 10/2025,SCHMIDT_A,WAGNER_P
5100000043,1000,2025,2025-04-28,400000,Materialaufwand,169.9,S,V10030,Rechnung V10030 04/2025,SCHMIDT_A,BAUER_C
5100000044,1000,2025,2025-04-07,460000,Werbekosten,714.41,S,V10038,Rechnung V10038 04/2025,FISCHER_L,MEYER_R
5100000045,1000,2025,2025-11-12,430000,Beratungskosten,593.89,S,V10010,Rechnung V10010 11/2025,BECKER_M,MEYER_R
5100000046,1000,2025,2025-08-06,430000,Beratungskosten,699.18,S,V10024,Rechnung V10024 08/2025,KOCH_J,WAGNER_P
5100000047,1000,2025,2025-05-12,450000,Mietaufwand,1986.81,S,V10032,Rechnung V10032 05/2025,SCHMIDT_A,MEYER_R
5100000048,1000,2025,2025-11-12,430000,Beratungskosten,4725.83,S,V10014,Rechnung V10014 11/2025,KOCH_J,BAUER_C
5100000049,1000,2025,2025-12-16,440000,IT-Dienstleistungen,1460.1,S,V10010,Rechnung V10010 12/2025,WEBER_K,BAUER_C
5100000050,1000,2025,2025-04-28,460000,Werbekosten,549.02,S,V10016,Rechnung V10016 04/2025,FISCHER_L,MEYER_R
5100000051,1000,2025,2025-07-14,430000,Beratungskosten,782.58,S,V10014,Rechnung V10014 07/2025,FISCHER_L,WAGNER_P
5100000052,1000,2025,2025-06-30,400000,Materialaufwand,1352.98,S,V10030,Rechnung V10030 06/2025,WEBER_K,WAGNER_P
5100000053,1000,2025,2025-09-15,410000,Bürobedarf,47.87,S,V10015,Rechnung V10015 09/2025,SCHMIDT_A,WAGNER_P
5100000054,1000,2025,2025-12-11,400000,Materialaufwand,295.46,S,V10016,Rechnung V10016 12/2025,SCHMIDT_A,WAGNER_P
5100000055,1000,2025,2025-07-23,440000,IT-Dienstleistungen,232.15,S,V10038,Rechnung V10038 07/2025,BECKER_M,WAGNER_P
5100000056,1000,2025,2025-10-20,420000,Reisekosten,177.29,S,V10024,Rechnung V10024 10/2025,WEBER_K,BAUER_C
5100000057,1000,2025,2025-08-07,410000,Bürobedarf,317.28,S,V10038,Rechnung V10038 08/2025,WEBER_K,MEYER_R
5100000058,1000,2025,2025-11-19,450000,Mietaufwand,5387.87,S,V10029,Rechnung V10029 11/2025,SCHMIDT_A,MEYER_R
5100000059,1000,2025,2025-05-30,410000,Bürobedarf,123.31,S,V10036,Rechnung V10036 05/2025,SCHMIDT_A,BAUER_C
5100000060,1000,2025,2025-05-22,420000,Reisekosten,2319.82,S,V10008,Rechnung V10008 05/2025,SCHMIDT_A,BAUER_C
5100000061,1000,2025,2025-06-05,470000,Instandhaltung,33.36,S,V10038,Rechnung V10038 06/2025,FISCHER_L,WAGNER_P
5100000062,1000,2025,2025-12-31,400000,Materialaufwand,288.35,S,V10038,Rechnung V10038 12/2025,SCHMIDT_A,BAUER_C
5100000063,1000,2025,2025-08-13,410000,Bürobedarf,639.32,S,V10002,Rechnung V10002 08/2025,WEBER_K,MEYER_R
5100000064,1000,2025,2025-02-26,420000,Reisekosten,1258.85,S,V10015,Rechnung V10015 02/2025,WEBER_K,BAUER_C
5100000065,1000,2025,2025-01-17,440000,IT-Dienstleistungen,1537.58,S,V10017,Rechnung V10017 01/2025,WEBER_K,BAUER_C
5100000066,1000,2025,2025-07-11,410000,Bürobedarf,1753.48,S,V10017,Rechnung V10017 07/2025,SCHMIDT_A,MEYER_R
5100000067,1000,2025,2025-10-22,470000,Instandhaltung,282.04,S,V10032,Rechnung V10032 10/2025,SCHMIDT_A,MEYER_R
5100000068,1000,2025,2025-06-27,400000,Materialaufwand,235.15,S,V10028,Rechnung V10028 06/2025,KOCH_J,WAGNER_P
5100000069,1000,2025,2025-07-28,470000,Instandhaltung,1944.5,S,V10009,Rechnung V10009 07/2025,HOFFMANN_S,BAUER_C
5100000070,1000,2025,2025-10-20,440000,IT-Dienstleistungen,362.82,S,V10025,Rechnung V10025 10/2025,SCHMIDT_A,MEYER_R
5100000071,1000,2025,2025-07-11,400000,Materialaufwand,64.0,S,V10039,Rechnung V10039 07/2025,WEBER_K,WAGNER_P
5100000072,1000,2025,2025-11-27,400000,Materialaufwand,80.38,S,V10018,Rechnung V10018 11/2025,FISCHER_L,BAUER_C
5100000073,1000,2025,2025-08-22,400000,Materialaufwand,113.17,S,V10038,Rechnung V10038 08/2025,KOCH_J,MEYER_R
5100000074,1000,2025,2025-09-24,420000,Reisekosten,1091.66,S,V10026,Rechnung V10026 09/2025,KOCH_J,WAGNER_P
5100000075,1000,2025,2025-10-14,420000,Reisekosten,618.86,S,V10037,Rechnung V10037 10/2025,HOFFMANN_S,MEYER_R
5100000076,1000,2025,2025-08-19,450000,Mietaufwand,1487.39,S,V10037,Rechnung V10037 08/2025,SCHMIDT_A,MEYER_R
5100000077,1000,2025,2025-01-21,420000,Reisekosten,248.74,S,V10001,Rechnung V10001 01/2025,FISCHER_L,WAGNER_P
5100000078,1000,2025,2025-06-06,450000,Mietaufwand,635.02,S,V10033,Rechnung V10033 06/2025,FISCHER_L,MEYER_R
5100000079,1000,2025,2025-02-21,420000,Reisekosten,1340.7,S,V10008,Rechnung V10008 02/2025,BECKER_M,MEYER_R
5100000080,1000,2025,2025-07-09,420000,Reisekosten,300.38,S,V10033,Rechnung V10033 07/2025,KOCH_J,BAUER_C
5100000081,1000,2025,2025-02-21,420000,Reisekosten,1023.35,S,V10033,Rechnung V10033 02/2025,WEBER_K,MEYER_R
5100000082,1000,2025,2025-07-09,420000,Reisekosten,170.87,S,V10011,Rechnung V10011 07/2025,BECKER_M,BAUER_C
5100000083,1000,2025,2025-05-07,460000,Werbekosten,275.65,S,V10003,Rechnung V10003 05/2025,WEBER_K,MEYER_R
5100000084,1000,2025,2025-01-10,410000,Bürobedarf,267.53,S,V10017,Rechnung V10017 01/2025,WEBER_K,WAGNER_P
5100000085,1000,2025,2025-02-17,420000,Reisekosten,72.72,S,V10013,Rechnung V10013 02/2025,WEBER_K,BAUER_C
5100000086,1000,2025,2025-07-07,470000,Instandhaltung,1074.01,S,V10023,Rechnung V10023 07/2025,HOFFMANN_S,WAGNER_P
5100000087,1000,2025,2025-01-30,450000,Mietaufwand,232.52,S,V10004,Rechnung V10004 01/2025,FISCHER_L,WAGNER_P
5100000088,1000,2025,2025-11-07,410000,Bürobedarf,502.7,S,V10002,Rechnung V10002 11/2025,HOFFMANN_S,BAUER_C
5100000089,1000,2025,2025-10-06,460000,Werbekosten,1063.37,S,V10018,Rechnung V10018 10/2025,HOFFMANN_S,MEYER_R
5100000090,1000,2025,2025-09-17,410000,Bürobedarf,1006.72,S,V10031,Rechnung V10031 09/2025,FISCHER_L,BAUER_C
5100000091,1000,2025,2025-03-05,410000,Bürobedarf,1428.84,S,V10013,Rechnung V10013 03/2025,KOCH_J,BAUER_C
5100000092,1000,2025,2025-10-17,430000,Beratungskosten,420.91,S,V10013,Rechnung V10013 10/2025,SCHMIDT_A,BAUER_C
5100000093,1000,2025,2025-08-21,450000,Mietaufwand,250.32,S,V10007,Rechnung V10007 08/2025,KOCH_J,WAGNER_P
5100000094,1000,2025,2025-05-23,410000,Bürobedarf,433.74,S,V10012,Rechnung V10012 05/2025,SCHMIDT_A,WAGNER_P
5100000095,1000,2025,2025-01-02,460000,Werbekosten,33.12,S,V10012,Rechnung V10012 01/2025,FISCHER_L,WAGNER_P
5100000096,1000,2025,2025-07-16,410000,Bürobedarf,48.65,S,V10011,Rechnung V10011 07/2025,HOFFMANN_S,WAGNER_P
5100000097,1000,2025,2025-10-17,460000,Werbekosten,59.36,S,V10014,Rechnung V10014 10/2025,HOFFMANN_S,BAUER_C
5100000098,1000,2025,2025-01-15,400000,Materialaufwand,99.92,S,V10012,Rechnung V10012 01/2025,WEBER_K,BAUER_C
5100000099,1000,2025,2025-01-22,430000,Beratungskosten,934.15,S,V10028,Rechnung V10028 01/2025,KOCH_J,MEYER_R
5100000100,1000,2025,2025-05-21,450000,Mietaufwand,115.73,S,V10014,Rechnung V10014 05/2025,SCHMIDT_A,MEYER_R
5100000101,1000,2025,2025-07-09,420000,Reisekosten,20000.0,S,V10031,Rechnung V10031 07/2025,HOFFMANN_S,BAUER_C
5100000102,1000,2025,2025-06-26,440000,IT-Dienstleistungen,3939.33,S,V10025,Rechnung V10025 06/2025,BECKER_M,WAGNER_P
5100000103,1000,2025,2025-06-06,450000,Mietaufwand,278.66,S,V10026,Rechnung V10026 06/2025,WEBER_K,WAGNER_P
5100000104,1000,2025,2025-04-02,450000,Mietaufwand,1603.63,S,V10024,Rechnung V10024 04/2025,KOCH_J,MEYER_R
5100000105,1000,2025,2025-01-23,430000,Beratungskosten,110.63,S,V10037,Rechnung V10037 01/2025,HOFFMANN_S,MEYER_R
5100000106,1000,2025,2025-01-14,460000,Werbekosten,354.71,S,V10011,Rechnung V10011 01/2025,SCHMIDT_A,WAGNER_P
5100000107,1000,2025,2025-02-06,450000,Mietaufwand,107.77,S,V10040,Rechnung V10040 02/2025,SCHMIDT_A,BAUER_C
5100000108,1000,2025,2025-09-10,420000,Reisekosten,286.45,S,V10009,Rechnung V10009 09/2025,SCHMIDT_A,BAUER_C
5100000109,1000,2025,2025-10-15,450000,Mietaufwand,1890.3,S,V10006,Rechnung V10006 10/2025,FISCHER_L,BAUER_C
5100000110,1000,2025,2025-06-11,470000,Instandhaltung,31.07,S,V10034,Rechnung V10034 06/2025,FISCHER_L,MEYER_R
5100000111,1000,2025,2025-01-30,460000,Werbekosten,987.4,S,V10036,Rechnung V10036 01/2025,HOFFMANN_S,MEYER_R
5100000112,1000,2025,2025-06-03,450000,Mietaufwand,720.81,S,V10004,Rechnung V10004 06/2025,HOFFMANN_S,WAGNER_P
5100000113,1000,2025,2025-12-24,460000,Werbekosten,190.44,S,V10024,Rechnung V10024 12/2025,SCHMIDT_A,WAGNER_P
5100000114,1000,2025,2025-04-01,460000,Werbekosten,48.73,S,V10021,Rechnung V10021 04/2025,FISCHER_L,MEYER_R
5100000115,1000,2025,2025-07-02,420000,Reisekosten,553.03,S,V10009,Rechnung V10009 07/2025,HOFFMANN_S,WAGNER_P
5100000116,1000,2025,2025-07-18,450000,Mietaufwand,211.2,S,V10021,Rechnung V10021 07/2025,KOCH_J,BAUER_C
5100000117,1000,2025,2025-05-02,410000,Bürobedarf,715.0,S,V10028,Rechnung V10028 05/2025,WEBER_K,MEYER_R
5100000118,1000,2025,2025-06-12,420000,Reisekosten,510.28,S,V10023,Rechnung V10023 06/2025,SCHMIDT_A,BAUER_C
5100000119,1000,2025,2025-06-25,470000,Instandhaltung,6392.28,S,V10021,Rechnung V10021 06/2025,SCHMIDT_A,WAGNER_P
5100000120,1000,2025,2025-06-26,420000,Reisekosten,335.97,S,V10036,Rechnung V10036 06/2025,FISCHER_L,WAGNER_P
5100000121,1000,2025,2025-09-19,460000,Werbekosten,95.81,S,V10010,Rechnung V10010 09/2025,FISCHER_L,WAGNER_P
5100000122,1000,2025,2025-08-04,430000,Beratungskosten,656.45,S,V10025,Rechnung V10025 08/2025,FISCHER_L,BAUER_C
5100000123,1000,2025,2025-01-22,410000,Bürobedarf,700.64,S,V10013,Rechnung V10013 01/2025,SCHMIDT_A,WAGNER_P
5100000124,1000,2025,2025-01-03,400000,Materialaufwand,4335.97,S,V10039,Rechnung V10039 01/2025,FISCHER_L,MEYER_R
5100000125,1000,2025,2025-06-02,440000,IT-Dienstleistungen,1874.65,S,V10011,Rechnung V10011 06/2025,WEBER_K,MEYER_R
5100000126,1000,2025,2025-11-26,430000,Beratungskosten,872.18,S,V10035,Rechnung V10035 11/2025,FISCHER_L,BAUER_C
5100000127,1000,2025,2025-01-16,440000,IT-Dienstleistungen,5121.92,S,V10026,Rechnung V10026 01/2025,SCHMIDT_A,MEYER_R
5100000128,1000,2025,2025-01-28,400000,Materialaufwand,73.55,S,V10009,Rechnung V10009 01/2025,HOFFMANN_S,BAUER_C
5100000129,1000,2025,2025-09-05,420000,Reisekosten,177.04,S,V10031,Rechnung V10031 09/2025,FISCHER_L,WAGNER_P
5100000130,1000,2025,2025-06-17,400000,Materialaufwand,111.89,S,V10010,Rechnung V10010 06/2025,WEBER_K,MEYER_R
5100000131,1000,2025,2025-03-25,420000,Reisekosten,264.09,S,V10011,Rechnung V10011 03/2025,KOCH_J,MEYER_R
5100000132,1000,2025,2025-03-17,470000,Instandhaltung,54.45,S,V10014,Rechnung V10014 03/2025,HOFFMANN_S,BAUER_C
5100000133,1000,2025,2025-09-02,410000,Bürobedarf,1361.36,S,V10028,Rechnung V10028 09/2025,SCHMIDT_A,MEYER_R
5100000134,1000,2025,2025-07-14,450000,Mietaufwand,345.31,S,V10016,Rechnung V10016 07/2025,SCHMIDT_A,MEYER_R
5100000135,1000,2025,2025-08-22,400000,Materialaufwand,46.84,S,V10023,Rechnung V10023 08/2025,SCHMIDT_A,MEYER_R
5100000136,1000,2025,2025-04-11,440000,IT-Dienstleistungen,97.04,S,V10023,Rechnung V10023 04/2025,BECKER_M,WAGNER_P
5100000137,1000,2025,2025-07-15,470000,Instandhaltung,813.72,S,V10008,Rechnung V10008 07/2025,FISCHER_L,BAUER_C
5100000138,1000,2025,2025-11-11,420000,Reisekosten,1883.72,S,V10010,Rechnung V10010 11/2025,FISCHER_L,MEYER_R
5100000139,1000,2025,2025-04-28,410000,Bürobedarf,12025.32,S,V10013,Rechnung V10013 04/2025,BECKER_M,BAUER_C
5100000140,1000,2025,2025-05-27,440000,IT-Dienstleistungen,52165.67,S,V10009,Rechnung V10009 05/2025,BECKER_M,BAUER_C
5100000141,1000,2025,2025-02-28,420000,Reisekosten,956.28,S,V10037,Rechnung V10037 02/2025,SCHMIDT_A,MEYER_R
5100000142,1000,2025,2025-08-22,470000,Instandhaltung,101.16,S,V10016,Rechnung V10016 08/2025,SCHMIDT_A,MEYER_R
5100000143,1000,2025,2025-01-15,460000,Werbekosten,16.26,S,V10017,Rechnung V10017 01/2025,HOFFMANN_S,WAGNER_P
5100000144,1000,2025,2025-04-01,450000,Mietaufwand,756.22,S,V10027,Rechnung V10027 04/2025,KOCH_J,MEYER_R
5100000145,1000,2025,2025-09-18,450000,Mietaufwand,134.2,S,V10032,Rechnung V10032 09/2025,KOCH_J,MEYER_R
5100000146,1000,2025,2025-01-09,440000,IT-Dienstleistungen,253.52,S,V10028,Rechnung V10028 01/2025,KOCH_J,WAGNER_P
5100000147,1000,2025,2025-12-29,450000,Mietaufwand,185.05,S,V10023,Rechnung V10023 12/2025,FISCHER_L,BAUER_C
5100000148,1000,2025,2025-05-30,430000,Beratungskosten,393.36,S,V10040,Rechnung V10040 05/2025,HOFFMANN_S,BAUER_C
5100000149,1000,2025,2025-05-27,470000,Instandhaltung,2712.34,S,V10036,Rechnung V10036 05/2025,KOCH_J,WAGNER_P
5100000150,1000,2025,2025-07-18,420000,Reisekosten,633.51,S,V10009,Rechnung V10009 07/2025,KOCH_J,MEYER_R
5100000151,1000,2025,2025-08-22,400000,Materialaufwand,382.29,S,V10007,Rechnung V10007 08/2025,SCHMIDT_A,MEYER_R
5100000152,1000,2025,2025-06-20,450000,Mietaufwand,93.97,S,V10016,Rechnung V10016 06/2025,SCHMIDT_A,WAGNER_P
5100000153,1000,2025,2025-11-19,450000,Mietaufwand,33.8,S,V10034,Rechnung V10034 11/2025,FISCHER_L,FISCHER_L
5100000154,1000,2025,2025-12-16,470000,Instandhaltung,226.31,S,V10039,Rechnung V10039 12/2025,BECKER_M,WAGNER_P
5100000155,1000,2025,2025-03-14,430000,Beratungskosten,452.12,S,V10029,Rechnung V10029 03/2025,KOCH_J,BAUER_C
5100000156,1000,2025,2025-09-16,430000,Beratungskosten,8338.91,S,V10028,Rechnung V10028 09/2025,WEBER_K,BAUER_C
5100000157,1000,2025,2025-04-22,440000,IT-Dienstleistungen,606.95,S,V10010,Rechnung V10010 04/2025,HOFFMANN_S,MEYER_R
5100000158,1000,2025,2025-12-30,430000,Beratungskosten,2374.12,S,V10024,Rechnung V10024 12/2025,KOCH_J,MEYER_R
5100000159,1000,2025,2025-04-02,460000,Werbekosten,221.66,S,V10008,Rechnung V10008 04/2025,KOCH_J,MEYER_R
5100000160,1000,2025,2025-04-16,430000,Beratungskosten,74.0,S,V10022,Rechnung V10022 04/2025,WEBER_K,WAGNER_P
5100000161,1000,2025,2025-09-18,460000,Werbekosten,105.19,S,V10008,Rechnung V10008 09/2025,WEBER_K,MEYER_R
5100000162,1000,2025,2025-10-16,430000,Beratungskosten,154.41,S,V10004,Rechnung V10004 10/2025,WEBER_K,BAUER_C
5100000163,1000,2025,2025-02-18,410000,Bürobedarf,14846.98,S,V10039,Rechnung V10039 02/2025,HOFFMANN_S,BAUER_C
5100000164,1000,2025,2025-07-24,470000,Instandhaltung,132.39,S,V10036,Rechnung V10036 07/2025,HOFFMANN_S,MEYER_R
5100000165,1000,2025,2025-05-08,440000,IT-Dienstleistungen,1884.81,S,V10028,Rechnung V10028 05/2025,FISCHER_L,WAGNER_P
5100000166,1000,2025,2025-08-13,450000,Mietaufwand,116.2,S,V10026,Rechnung V10026 08/2025,SCHMIDT_A,WAGNER_P
5100000167,1000,2025,2025-07-25,440000,IT-Dienstleistungen,2187.5,S,V10010,Rechnung V10010 07/2025,BECKER_M,MEYER_R
5100000168,1000,2025,2025-12-24,420000,Reisekosten,912.26,S,V10023,Rechnung V10023 12/2025,HOFFMANN_S,BAUER_C
5100000169,1000,2025,2025-12-05,470000,Instandhaltung,383.52,S,V10030,Rechnung V10030 12/2025,FISCHER_L,BAUER_C
5100000170,1000,2025,2025-08-28,420000,Reisekosten,461.64,S,V10022,Rechnung V10022 08/2025,WEBER_K,MEYER_R
5100000171,1000,2025,2025-09-05,470000,Instandhaltung,172.84,S,V10012,Rechnung V10012 09/2025,BECKER_M,WAGNER_P
5100000172,1000,2025,2025-11-24,430000,Beratungskosten,1005.98,S,V10016,Rechnung V10016 11/2025,BECKER_M,WAGNER_P
5100000173,1000,2025,2025-03-07,400000,Materialaufwand,237.94,S,V10034,Rechnung V10034 03/2025,BECKER_M,MEYER_R
5100000174,1000,2025,2025-09-23,400000,Materialaufwand,69.34,S,V10011,Rechnung V10011 09/2025,KOCH_J,MEYER_R
5100000175,1000,2025,2025-10-10,470000,Instandhaltung,63.77,S,V10039,Rechnung V10039 10/2025,WEBER_K,MEYER_R
5100000176,1000,2025,2025-02-17,440000,IT-Dienstleistungen,649.46,S,V10031,Rechnung V10031 02/2025,BECKER_M,BAUER_C
5100000177,1000,2025,2025-11-18,430000,Beratungskosten,6164.4,S,V10036,Rechnung V10036 11/2025,KOCH_J,WAGNER_P
5100000178,1000,2025,2025-09-12,460000,Werbekosten,636.5,S,V10021,Rechnung V10021 09/2025,WEBER_K,BAUER_C
5100000179,1000,2025,2025-05-08,440000,IT-Dienstleistungen,407.56,S,V10009,Rechnung V10009 05/2025,WEBER_K,MEYER_R
5100000180,1000,2025,2025-07-01,450000,Mietaufwand,778.46,S,V10002,Rechnung V10002 07/2025,SCHMIDT_A,WAGNER_P
5100000181,1000,2025,2025-07-02,450000,Mietaufwand,3982.25,S,V10022,Rechnung V10022 07/2025,FISCHER_L,WAGNER_P
5100000182,1000,2025,2025-12-01,410000,Bürobedarf,699.95,S,V10016,Rechnung V10016 12/2025,SCHMIDT_A,WAGNER_P
5100000183,1000,2025,2025-12-18,400000,Materialaufwand,255.32,S,V10005,Rechnung V10005 12/2025,HOFFMANN_S,BAUER_C
5100000184,1000,2025,2025-10-22,450000,Mietaufwand,2893.04,S,V10038,Rechnung V10038 10/2025,SCHMIDT_A,WAGNER_P
5100000185,1000,2025,2025-08-28,400000,Materialaufwand,978.49,S,V10039,Rechnung V10039 08/2025,HOFFMANN_S,MEYER_R
5100000186,1000,2025,2025-02-10,450000,Mietaufwand,5751.46,S,V10015,Rechnung V10015 02/2025,BECKER_M,MEYER_R
5100000187,1000,2025,2025-11-28,410000,Bürobedarf,5000.0,S,V10027,Rechnung V10027 11/2025,KOCH_J,WAGNER_P
5100000188,1000,2025,2025-02-19,420000,Reisekosten,69.47,S,V10017,Rechnung V10017 02/2025,FISCHER_L,MEYER_R
5100000189,1000,2025,2025-03-03,450000,Mietaufwand,55.2,S,V10020,Rechnung V10020 03/2025,FISCHER_L,MEYER_R
5100000190,1000,2025,2025-01-28,440000,IT-Dienstleistungen,6915.25,S,V10025,Rechnung V10025 01/2025,WEBER_K,MEYER_R
5100000191,1000,2025,2025-12-10,460000,Werbekosten,7768.75,S,V10017,Rechnung V10017 12/2025,BECKER_M,MEYER_R
5100000192,1000,2025,2025-07-03,440000,IT-Dienstleistungen,369.73,S,V10033,Rechnung V10033 07/2025,WEBER_K,MEYER_R
5100000193,1000,2025,2025-03-26,400000,Materialaufwand,266.91,S,V10008,Rechnung V10008 03/2025,SCHMIDT_A,WAGNER_P
5100000194,1000,2025,2025-01-31,460000,Werbekosten,5106.71,S,V10027,Rechnung V10027 01/2025,KOCH_J,WAGNER_P
5100000195,1000,2025,2025-06-02,410000,Bürobedarf,83.82,S,V10040,Rechnung V10040 06/2025,HOFFMANN_S,MEYER_R
5100000196,1000,2025,2025-09-22,410000,Bürobedarf,117.74,S,V10035,Rechnung V10035 09/2025,SCHMIDT_A,MEYER_R
5100000197,1000,2025,2025-12-30,470000,Instandhaltung,1379.29,S,V10002,Rechnung V10002 12/2025,BECKER_M,WAGNER_P
5100000198,1000,2025,2025-07-24,410000,Bürobedarf,262.08,S,V10005,Rechnung V10005 07/2025,WEBER_K,MEYER_R
5100000199,1000,2025,2025-08-12,430000,Beratungskosten,4861.35,S,V10026,Rechnung V10026 08/2025,KOCH_J,BAUER_C
5100000200,1000,2025,2025-10-31,430000,Beratungskosten,379.36,S,V10037,Rechnung V10037 10/2025,FISCHER_L,WAGNER_P
5100000201,1000,2025,2025-11-25,460000,Werbekosten,845.66,S,V10034,Rechnung V10034 11/2025,HOFFMANN_S,WAGNER_P
5100000202,1000,2025,2025-04-10,400000,Materialaufwand,4684.3,S,V10037,Rechnung V10037 04/2025,SCHMIDT_A,SCHMIDT_A
5100000203,1000,2025,2025-12-29,400000,Materialaufwand,569.6,S,V10006,Rechnung V10006 12/2025,FISCHER_L,MEYER_R
5100000204,1000,2025,2025-07-11,430000,Beratungskosten,1380.64,S,V10021,Rechnung V10021 07/2025,KOCH_J,MEYER_R
5100000205,1000,2025,2025-12-04,430000,Beratungskosten,18.54,S,V10030,Rechnung V10030 12/2025,FISCHER_L,WAGNER_P
5100000206,1000,2025,2025-02-13,460000,Werbekosten,455.8,S,V10025,Rechnung V10025 02/2025,SCHMIDT_A,MEYER_R
5100000207,1000,2025,2025-02-06,440000,IT-Dienstleistungen,127.85,S,V10032,Rechnung V10032 02/2025,FISCHER_L,BAUER_C
5100000208,1000,2025,2025-11-19,410000,Bürobedarf,70.1,S,V10009,Rechnung V10009 11/2025,HOFFMANN_S,MEYER_R
5100000209,1000,2025,2025-09-04,470000,Instandhaltung,120.9,S,V10019,Rechnung V10019 09/2025,KOCH_J,WAGNER_P
5100000210,1000,2025,2025-03-05,430000,Beratungskosten,288.7,S,V10018,Rechnung V10018 03/2025,BECKER_M,WAGNER_P
5100000211,1000,2025,2025-11-21,470000,Instandhaltung,2133.34,S,V10038,Rechnung V10038 11/2025,SCHMIDT_A,WAGNER_P
5100000212,1000,2025,2025-02-07,470000,Instandhaltung,59.01,S,V10009,Rechnung V10009 02/2025,HOFFMANN_S,BAUER_C
5100000213,1000,2025,2025-09-08,400000,Materialaufwand,517.5,S,V10014,Rechnung V10014 09/2025,HOFFMANN_S,WAGNER_P
5100000214,1000,2025,2025-03-17,440000,IT-Dienstleistungen,227.09,S,V10001,Rechnung V10001 03/2025,BECKER_M,BAUER_C
5100000215,1000,2025,2025-01-28,430000,Beratungskosten,291.7,S,V10007,Rechnung V10007 01/2025,KOCH_J,MEYER_R
5100000216,1000,2025,2025-10-22,430000,Beratungskosten,2451.39,S,V10040,Rechnung V10040 10/2025,HOFFMANN_S,BAUER_C
5100000217,1000,2025,2025-11-05,420000,Reisekosten,1165.59,S,V10034,Rechnung V10034 11/2025,WEBER_K,WAGNER_P
5100000218,1000,2025,2025-02-10,440000,IT-Dienstleistungen,4187.41,S,V10011,Rechnung V10011 02/2025,FISCHER_L,WAGNER_P
5100000219,1000,2025,2025-02-05,430000,Beratungskosten,384.83,S,V10029,Rechnung V10029 02/2025,BECKER_M,WAGNER_P
5100000220,1000,2025,2025-08-14,410000,Bürobedarf,161.82,S,V10024,Rechnung V10024 08/2025,FISCHER_L,BAUER_C
5100000221,1000,2025,2025-01-14,420000,Reisekosten,344.41,S,V10037,Rechnung V10037 01/2025,BECKER_M,MEYER_R
5100000222,1000,2025,2025-09-30,410000,Bürobedarf,726.32,S,V10013,Rechnung V10013 09/2025,HOFFMANN_S,WAGNER_P
5100000223,1000,2025,2025-11-28,460000,Werbekosten,653.61,S,V10040,Rechnung V10040 11/2025,SCHMIDT_A,MEYER_R
5100000224,1000,2025,2025-10-01,450000,Mietaufwand,86.92,S,V10015,Rechnung V10015 10/2025,BECKER_M,WAGNER_P
5100000225,1000,2025,2025-03-25,430000,Beratungskosten,569.51,S,V10029,Rechnung V10029 03/2025,SCHMIDT_A,MEYER_R
5100000226,1000,2025,2025-03-11,430000,Beratungskosten,709.93,S,V10016,Rechnung V10016 03/2025,BECKER_M,WAGNER_P
5100000227,1000,2025,2025-09-08,400000,Materialaufwand,27665.97,S,V10027,Rechnung V10027 09/2025,FISCHER_L,MEYER_R
5100000228,1000,2025,2025-01-24,420000,Reisekosten,9926.38,S,V10014,Rechnung V10014 01/2025,WEBER_K,MEYER_R
5100000229,1000,2025,2025-07-18,470000,Instandhaltung,125.81,S,V10034,Rechnung V10034 07/2025,KOCH_J,WAGNER_P
5100000230,1000,2025,2025-06-17,400000,Materialaufwand,311.12,S,V10026,Rechnung V10026 06/2025,WEBER_K,MEYER_R
5100000231,1000,2025,2025-09-30,410000,Bürobedarf,47.39,S,V10012,Rechnung V10012 09/2025,SCHMIDT_A,WAGNER_P
5100000232,1000,2025,2025-03-14,460000,Werbekosten,191.5,S,V10039,Rechnung V10039 03/2025,FISCHER_L,MEYER_R
5100000233,1000,2025,2025-10-07,440000,IT-Dienstleistungen,816.45,S,V10029,Rechnung V10029 10/2025,HOFFMANN_S,BAUER_C
5100000234,1000,2025,2025-09-12,400000,Materialaufwand,3392.65,S,V10018,Rechnung V10018 09/2025,SCHMIDT_A,BAUER_C
5100000235,1000,2025,2025-03-27,430000,Beratungskosten,153.46,S,V10006,Rechnung V10006 03/2025,FISCHER_L,WAGNER_P
5100000236,1000,2025,2025-05-13,450000,Mietaufwand,173.01,S,V10039,Rechnung V10039 05/2025,FISCHER_L,MEYER_R
5100000237,1000,2025,2025-01-27,420000,Reisekosten,15.87,S,V10031,Rechnung V10031 01/2025,KOCH_J,MEYER_R
5100000238,1000,2025,2025-06-17,430000,Beratungskosten,379.83,S,V10027,Rechnung V10027 06/2025,SCHMIDT_A,BAUER_C
5100000239,1000,2025,2025-04-04,450000,Mietaufwand,90.03,S,V10034,Rechnung V10034 04/2025,SCHMIDT_A,BAUER_C
5100000240,1000,2025,2025-02-12,440000,IT-Dienstleistungen,211.22,S,V10025,Rechnung V10025 02/2025,BECKER_M,BAUER_C
5100000241,1000,2025,2025-07-25,470000,Instandhaltung,121.15,S,V10010,Rechnung V10010 07/2025,WEBER_K,WAGNER_P
5100000242,1000,2025,2025-07-29,410000,Bürobedarf,423.77,S,V10010,Rechnung V10010 07/2025,HOFFMANN_S,WAGNER_P
5100000243,1000,2025,2025-02-03,420000,Reisekosten,29.6,S,V10004,Rechnung V10004 02/2025,WEBER_K,MEYER_R
5100000244,1000,2025,2025-03-10,410000,Bürobedarf,47.12,S,V10003,Rechnung V10003 03/2025,BECKER_M,MEYER_R
5100000245,1000,2025,2025-01-31,450000,Mietaufwand,14865.46,S,V10030,Rechnung V10030 01/2025,SCHMIDT_A,BAUER_C
5100000246,1000,2025,2025-09-05,440000,IT-Dienstleistungen,62.81,S,V10035,Rechnung V10035 09/2025,HOFFMANN_S,WAGNER_P
5100000247,1000,2025,2025-05-06,420000,Reisekosten,85.21,S,V10007,Rechnung V10007 05/2025,BECKER_M,WAGNER_P
5100000248,1000,2025,2025-01-28,450000,Mietaufwand,9312.02,S,V10023,Rechnung V10023 01/2025,SCHMIDT_A,WAGNER_P
5100000249,1000,2025,2025-03-11,430000,Beratungskosten,51436.71,S,V10005,Rechnung V10005 03/2025,WEBER_K,MEYER_R
5100000250,1000,2025,2025-12-19,410000,Bürobedarf,75.6,S,V10017,Rechnung V10017 12/2025,SCHMIDT_A,BAUER_C
5100000251,1000,2025,2025-04-02,440000,IT-Dienstleistungen,273.36,S,V10032,Rechnung V10032 04/2025,SCHMIDT_A,BAUER_C
5100000252,1000,2025,2025-09-09,430000,Beratungskosten,851.07,S,V10033,Rechnung V10033 09/2025,HOFFMANN_S,BAUER_C
5100000253,1000,2025,2025-06-25,430000,Beratungskosten,7831.55,S,V10038,Rechnung V10038 06/2025,FISCHER_L,WAGNER_P
5100000254,1000,2025,2025-03-07,430000,Beratungskosten,101.6,S,V10013,Rechnung V10013 03/2025,HOFFMANN_S,BAUER_C
5100000255,1000,2025,2025-04-23,470000,Instandhaltung,332.8,S,V10038,Rechnung V10038 04/2025,WEBER_K,WAGNER_P
5100000256,1000,2025,2025-01-08,410000,Bürobedarf,1709.13,S,V10032,Rechnung V10032 01/2025,HOFFMANN_S,WAGNER_P
5100000257,1000,2025,2025-09-30,420000,Reisekosten,987.94,S,V10014,Rechnung V10014 09/2025,BECKER_M,MEYER_R
5100000258,1000,2025,2025-05-05,440000,IT-Dienstleistungen,269.93,S,V10014,Rechnung V10014 05/2025,BECKER_M,BAUER_C
5100000259,1000,2025,2025-07-04,400000,Materialaufwand,397.77,S,V10005,Rechnung V10005 07/2025,HOFFMANN_S,MEYER_R
5100000260,1000,2025,2025-02-26,410000,Bürobedarf,54.61,S,V10037,Rechnung V10037 02/2025,HOFFMANN_S,BAUER_C
5100000261,1000,2025,2025-10-29,440000,IT-Dienstleistungen,336.61,S,V10009,Rechnung V10009 10/2025,HOFFMANN_S,WAGNER_P
5100000262,1000,2025,2025-03-20,440000,IT-Dienstleistungen,321.75,S,V10011,Rechnung V10011 03/2025,HOFFMANN_S,MEYER_R
5100000263,1000,2025,2025-07-29,450000,Mietaufwand,714.42,S,V10017,Rechnung V10017 07/2025,FISCHER_L,WAGNER_P
5100000264,1000,2025,2025-11-14,400000,Materialaufwand,202.65,S,V10006,Rechnung V10006 11/2025,HOFFMANN_S,MEYER_R
5100000265,1000,2025,2025-09-18,460000,Werbekosten,1047.81,S,V10033,Rechnung V10033 09/2025,KOCH_J,WAGNER_P
5100000266,1000,2025,2025-08-11,430000,Beratungskosten,2490.77,S,V10028,Rechnung V10028 08/2025,HOFFMANN_S,MEYER_R
5100000267,1000,2025,2025-11-20,410000,Bürobedarf,631.87,S,V10007,Rechnung V10007 11/2025,BECKER_M,BAUER_C
5100000268,1000,2025,2025-03-06,420000,Reisekosten,865.07,S,V10007,Rechnung V10007 03/2025,SCHMIDT_A,WAGNER_P
5100000269,1000,2025,2025-12-16,410000,Bürobedarf,536.49,S,V10001,Rechnung V10001 12/2025,FISCHER_L,WAGNER_P
5100000270,1000,2025,2025-07-25,430000,Beratungskosten,492.82,S,V10038,Rechnung V10038 07/2025,SCHMIDT_A,BAUER_C
5100000271,1000,2025,2025-06-02,430000,Beratungskosten,155.32,S,V10018,Rechnung V10018 06/2025,SCHMIDT_A,WAGNER_P
5100000272,1000,2025,2025-04-02,430000,Beratungskosten,817.61,S,V10027,Rechnung V10027 04/2025,FISCHER_L,WAGNER_P
5100000273,1000,2025,2025-09-30,430000,Beratungskosten,421.72,S,V10006,Rechnung V10006 09/2025,FISCHER_L,MEYER_R
5100000274,1000,2025,2025-12-22,470000,Instandhaltung,14031.63,S,V10010,Rechnung V10010 12/2025,BECKER_M,WAGNER_P
5100000275,1000,2025,2025-09-10,470000,Instandhaltung,6108.08,S,V10022,Rechnung V10022 09/2025,KOCH_J,BAUER_C
5100000276,1000,2025,2025-01-15,430000,Beratungskosten,913.56,S,V10009,Rechnung V10009 01/2025,HOFFMANN_S,BAUER_C
5100000277,1000,2025,2025-06-25,470000,Instandhaltung,145.34,S,V10025,Rechnung V10025 06/2025,FISCHER_L,WAGNER_P
5100000278,1000,2025,2025-09-25,460000,Werbekosten,83.11,S,V10037,Rechnung V10037 09/2025,FISCHER_L,MEYER_R
5100000279,1000,2025,2025-05-27,460000,Werbekosten,3313.73,S,V10013,Rechnung V10013 05/2025,HOFFMANN_S,BAUER_C
5100000280,1000,2025,2025-10-10,410000,Bürobedarf,750.24,S,V10025,Rechnung V10025 10/2025,WEBER_K,MEYER_R
5100000281,1000,2025,2025-09-16,430000,Beratungskosten,1062.34,S,V10037,Rechnung V10037 09/2025,KOCH_J,MEYER_R
5100000282,1000,2025,2025-01-27,420000,Reisekosten,30.22,S,V10036,Rechnung V10036 01/2025,HOFFMANN_S,BAUER_C
5100000283,1000,2025,2025-07-25,400000,Materialaufwand,2173.08,S,V10001,Rechnung V10001 07/2025,HOFFMANN_S,BAUER_C
5100000284,1000,2025,2025-03-04,400000,Materialaufwand,1019.51,S,V10005,Rechnung V10005 03/2025,WEBER_K,BAUER_C
5100000285,1000,2025,2025-07-01,440000,IT-Dienstleistungen,83.37,S,V10040,Rechnung V10040 07/2025,BECKER_M,WAGNER_P
5100000286,1000,2025,2025-05-22,430000,Beratungskosten,231.73,S,V10038,Rechnung V10038 05/2025,HOFFMANN_S,BAUER_C
5100000287,1000,2025,2025-10-22,460000,Werbekosten,751.41,S,V10013,Rechnung V10013 10/2025,SCHMIDT_A,BAUER_C
5100000288,1000,2025,2025-11-13,450000,Mietaufwand,535.9,S,V10021,Rechnung V10021 11/2025,WEBER_K,MEYER_R
5100000289,1000,2025,2025-06-23,400000,Materialaufwand,308.75,S,V10023,Rechnung V10023 06/2025,BECKER_M,BAUER_C
5100000290,1000,2025,2025-07-18,460000,Werbekosten,417.56,S,V10027,Rechnung V10027 07/2025,FISCHER_L,BAUER_C
5100000291,1000,2025,2025-08-19,430000,Beratungskosten,329.26,S,V10031,Rechnung V10031 08/2025,HOFFMANN_S,HOFFMANN_S
5100000292,1000,2025,2025-08-28,440000,IT-Dienstleistungen,628.98,S,V10015,Rechnung V10015 08/2025,FISCHER_L,BAUER_C
5100000293,1000,2025,2025-08-21,470000,Instandhaltung,5189.47,S,V10036,Rechnung V10036 08/2025,KOCH_J,WAGNER_P
5100000294,1000,2025,2025-10-14,450000,Mietaufwand,8.11,S,V10003,Rechnung V10003 10/2025,WEBER_K,BAUER_C
5100000295,1000,2025,2025-12-23,400000,Materialaufwand,337.32,S,V10002,Rechnung V10002 12/2025,FISCHER_L,WAGNER_P
5100000296,1000,2025,2025-10-30,410000,Bürobedarf,653.55,S,V10039,Rechnung V10039 10/2025,SCHMIDT_A,MEYER_R
5100000297,1000,2025,2025-02-19,430000,Beratungskosten,791.23,S,V10008,Rechnung V10008 02/2025,WEBER_K,MEYER_R
5100000298,1000,2025,2025-06-27,400000,Materialaufwand,271.76,S,V10040,Rechnung V10040 06/2025,WEBER_K,WAGNER_P
5100000299,1000,2025,2025-06-23,410000,Bürobedarf,29.64,S,V10012,Rechnung V10012 06/2025,HOFFMANN_S,BAUER_C
5100000300,1000,2025,2025-07-09,460000,Werbekosten,832.8,S,V10015,Rechnung V10015 07/2025,FISCHER_L,BAUER_C
5100000301,1000,2025,2025-07-16,410000,Bürobedarf,7814.69,S,V10002,Rechnung V10002 07/2025,WEBER_K,MEYER_R
5100000302,1000,2025,2025-09-19,410000,Bürobedarf,42.34,S,V10038,Rechnung V10038 09/2025,WEBER_K,BAUER_C
5100000303,1000,2025,2025-06-05,440000,IT-Dienstleistungen,1962.8,S,V10015,Rechnung V10015 06/2025,BECKER_M,WAGNER_P
5100000304,1000,2025,2025-04-04,400000,Materialaufwand,291.3,S,V10007,Rechnung V10007 04/2025,HOFFMANN_S,WAGNER_P
5100000305,1000,2025,2025-06-20,420000,Reisekosten,446.7,S,V10020,Rechnung V10020 06/2025,KOCH_J,MEYER_R
5100000306,1000,2025,2025-11-07,470000,Instandhaltung,91.41,S,V10007,Rechnung V10007 11/2025,SCHMIDT_A,WAGNER_P
5100000307,1000,2025,2025-04-24,450000,Mietaufwand,288.55,S,V10032,Rechnung V10032 04/2025,KOCH_J,WAGNER_P
5100000308,1000,2025,2025-01-10,470000,Instandhaltung,3944.48,S,V10003,Rechnung V10003 01/2025,FISCHER_L,BAUER_C
5100000309,1000,2025,2025-12-22,420000,Reisekosten,1251.69,S,V10020,Rechnung V10020 12/2025,HOFFMANN_S,WAGNER_P
5100000310,1000,2025,2025-03-12,440000,IT-Dienstleistungen,7876.97,S,V10016,Rechnung V10016 03/2025,SCHMIDT_A,WAGNER_P
5100000311,1000,2025,2025-08-11,410000,Bürobedarf,3241.72,S,V10002,Rechnung V10002 08/2025,BECKER_M,WAGNER_P
5100000312,1000,2025,2025-10-21,430000,Beratungskosten,994.8,S,V10003,Rechnung V10003 10/2025,KOCH_J,WAGNER_P
5100000313,1000,2025,2025-04-09,410000,Bürobedarf,8024.83,S,V10021,Rechnung V10021 04/2025,SCHMIDT_A,WAGNER_P
5100000314,1000,2025,2025-05-07,460000,Werbekosten,994.65,S,V10016,Rechnung V10016 05/2025,HOFFMANN_S,MEYER_R
5100000315,1000,2025,2025-04-11,410000,Bürobedarf,1853.41,S,V10006,Rechnung V10006 04/2025,SCHMIDT_A,BAUER_C
5100000316,1000,2025,2025-02-25,410000,Bürobedarf,306.58,S,V10006,Rechnung V10006 02/2025,KOCH_J,MEYER_R
5100000317,1000,2025,2025-02-26,430000,Beratungskosten,548.11,S,V10033,Rechnung V10033 02/2025,HOFFMANN_S,BAUER_C
5100000318,1000,2025,2025-03-10,430000,Beratungskosten,161.44,S,V10030,Rechnung V10030 03/2025,KOCH_J,BAUER_C
5100000319,1000,2025,2025-06-20,420000,Reisekosten,2400.26,S,V10025,Rechnung V10025 06/2025,KOCH_J,BAUER_C
5100000320,1000,2025,2025-07-16,420000,Reisekosten,74.79,S,V10034,Rechnung V10034 07/2025,WEBER_K,MEYER_R
5100000321,1000,2025,2025-01-08,420000,Reisekosten,1722.89,S,V10003,Rechnung V10003 01/2025,FISCHER_L,MEYER_R
5100000322,1000,2025,2025-11-05,430000,Beratungskosten,4731.26,S,V10028,Rechnung V10028 11/2025,KOCH_J,MEYER_R
5100000323,1000,2025,2025-09-04,440000,IT-Dienstleistungen,3209.9,S,V10031,Rechnung V10031 09/2025,WEBER_K,WAGNER_P
5100000324,1000,2025,2025-01-28,470000,Instandhaltung,1638.26,S,V10009,Rechnung V10009 01/2025,WEBER_K,BAUER_C
5100000325,1000,2025,2025-11-04,470000,Instandhaltung,9072.78,S,V10022,Rechnung V10022 11/2025,SCHMIDT_A,BAUER_C
5100000326,1000,2025,2025-01-14,450000,Mietaufwand,1586.43,S,V10031,Rechnung V10031 01/2025,KOCH_J,BAUER_C
5100000327,1000,2025,2025-07-28,460000,Werbekosten,39.83,S,V10025,Rechnung V10025 07/2025,WEBER_K,BAUER_C
5100000328,1000,2025,2025-06-24,400000,Materialaufwand,442.69,S,V10010,Rechnung V10010 06/2025,FISCHER_L,MEYER_R
5100000329,1000,2025,2025-07-07,470000,Instandhaltung,75.55,S,V10027,Rechnung V10027 07/2025,FISCHER_L,BAUER_C
5100000330,1000,2025,2025-12-15,430000,Beratungskosten,215.02,S,V10031,Rechnung V10031 12/2025,FISCHER_L,MEYER_R
5100000331,1000,2025,2025-12-03,450000,Mietaufwand,5530.12,S,V10001,Rechnung V10001 12/2025,HOFFMANN_S,BAUER_C
5100000332,1000,2025,2025-04-10,410000,Bürobedarf,1366.56,S,V10023,Rechnung V10023 04/2025,KOCH_J,BAUER_C
5100000333,1000,2025,2025-08-01,400000,Materialaufwand,161.05,S,V10021,Rechnung V10021 08/2025,BECKER_M,BAUER_C
5100000334,1000,2025,2025-12-15,470000,Instandhaltung,97.32,S,V10015,Rechnung V10015 12/2025,KOCH_J,WAGNER_P
5100000335,1000,2025,2025-09-24,430000,Beratungskosten,519.28,S,V10002,Rechnung V10002 09/2025,SCHMIDT_A,WAGNER_P
5100000336,1000,2025,2025-11-19,410000,Bürobedarf,70.35,S,V10004,Rechnung V10004 11/2025,KOCH_J,WAGNER_P
5100000337,1000,2025,2025-06-11,450000,Mietaufwand,168.37,S,V10031,Rechnung V10031 06/2025,SCHMIDT_A,WAGNER_P
5100000338,1000,2025,2025-04-11,400000,Materialaufwand,811.77,S,V10034,Rechnung V10034 04/2025,SCHMIDT_A,WAGNER_P
5100000339,1000,2025,2025-01-01,430000,Beratungskosten,3129.1,S,V10017,Rechnung V10017 07/2025,SCHMIDT_A,WAGNER_P
5100000340,1000,2025,2025-04-18,450000,Mietaufwand,1305.08,S,V10038,Rechnung V10038 10/2025,WEBER_K,MEYER_R
5100000341,1000,2025,2025-12-04,450000,Mietaufwand,12.6,S,V10038,Rechnung V10038 12/2025,KOCH_J,WAGNER_P
5100000342,1000,2025,2025-09-09,430000,Beratungskosten,801.9,S,V10027,Rechnung V10027 09/2025,WEBER_K,BAUER_C
5100000343,1000,2025,2025-09-16,420000,Reisekosten,552.94,S,V10024,Rechnung V10024 09/2025,HOFFMANN_S,BAUER_C
5100000344,1000,2025,2025-07-09,460000,Werbekosten,955.49,S,V10039,Rechnung V10039 07/2025,FISCHER_L,MEYER_R
5100000345,1000,2025,2025-04-28,410000,Bürobedarf,6541.59,S,V10025,Rechnung V10025 04/2025,SCHMIDT_A,MEYER_R
5100000346,1000,2025,2025-06-05,400000,Materialaufwand,18.15,S,V10038,Rechnung V10038 06/2025,FISCHER_L,WAGNER_P
5100000347,1000,2025,2025-07-04,410000,Bürobedarf,191.37,S,V10040,Rechnung V10040 07/2025,WEBER_K,BAUER_C
5100000348,1000,2025,2025-10-24,460000,Werbekosten,1268.32,S,V10008,Rechnung V10008 10/2025,WEBER_K,MEYER_R
5100000349,1000,2025,2025-07-24,430000,Beratungskosten,39.23,S,V10027,Rechnung V10027 07/2025,BECKER_M,MEYER_R
5100000350,1000,2025,2025-10-17,400000,Materialaufwand,5226.61,S,V10030,Rechnung V10030 10/2025,HOFFMANN_S,MEYER_R
5100000351,1000,2025,2025-01-13,410000,Bürobedarf,888.35,S,V10033,Rechnung V10033 01/2025,BECKER_M,MEYER_R
5100000352,1000,2025,2025-10-06,400000,Materialaufwand,1909.38,S,V10014,Rechnung V10014 10/2025,WEBER_K,MEYER_R
5100000353,1000,2025,2025-07-08,460000,Werbekosten,197.65,S,V10035,Rechnung V10035 07/2025,HOFFMANN_S,BAUER_C
5100000354,1000,2025,2025-12-31,430000,Beratungskosten,1811.7,S,V10020,Rechnung V10020 12/2025,HOFFMANN_S,BAUER_C
5100000355,1000,2025,2025-06-25,400000,Materialaufwand,2723.18,S,V10016,Rechnung V10016 06/2025,WEBER_K,WAGNER_P
5100000356,1000,2025,2025-06-27,410000,Bürobedarf,715.23,S,V10007,Rechnung V10007 06/2025,KOCH_J,MEYER_R
5100000357,1000,2025,2025-02-17,440000,IT-Dienstleistungen,716.98,S,V10013,Rechnung V10013 02/2025,KOCH_J,BAUER_C
5100000358,1000,2025,2025-10-22,440000,IT-Dienstleistungen,759.42,S,V10039,Rechnung V10039 10/2025,BECKER_M,MEYER_R
5100000359,1000,2025,2025-09-15,460000,Werbekosten,123.8,S,V10029,Rechnung V10029 09/2025,WEBER_K,MEYER_R
5100000360,1000,2025,2025-11-11,400000,Materialaufwand,389.15,S,V10030,Rechnung V10030 11/2025,FISCHER_L,MEYER_R
5100000361,1000,2025,2025-02-05,400000,Materialaufwand,386.05,S,V10036,Rechnung V10036 02/2025,FISCHER_L,WAGNER_P
5100000362,1000,2025,2025-03-18,400000,Materialaufwand,909.99,S,V10011,Rechnung V10011 03/2025,WEBER_K,BAUER_C
5100000363,1000,2025,2025-11-17,430000,Beratungskosten,2439.92,S,V10027,Rechnung V10027 11/2025,WEBER_K,WAGNER_P
5100000364,1000,2025,2025-01-17,450000,Mietaufwand,90.59,S,V10015,Rechnung V10015 01/2025,SCHMIDT_A,WAGNER_P
5100000365,1000,2025,2025-07-09,450000,Mietaufwand,403.42,S,V10034,Rechnung V10034 07/2025,SCHMIDT_A,WAGNER_P
5100000366,1000,2025,2025-05-30,410000,Bürobedarf,5272.86,S,V10017,Rechnung V10017 05/2025,HOFFMANN_S,BAUER_C
5100000367,1000,2025,2025-12-08,450000,Mietaufwand,149.94,S,V10035,Rechnung V10035 12/2025,SCHMIDT_A,BAUER_C
5100000368,1000,2025,2025-11-10,450000,Mietaufwand,132.21,S,V10030,Rechnung V10030 11/2025,FISCHER_L,WAGNER_P
5100000369,1000,2025,2025-11-24,410000,Bürobedarf,681.09,S,V10031,Rechnung V10031 11/2025,FISCHER_L,WAGNER_P
5100000370,1000,2025,2025-04-15,450000,Mietaufwand,1902.68,S,V10038,Rechnung V10038 04/2025,SCHMIDT_A,WAGNER_P
5100000371,1000,2025,2025-08-05,430000,Beratungskosten,501.84,S,V10032,Rechnung V10032 08/2025,HOFFMANN_S,BAUER_C
5100000372,1000,2025,2025-05-01,400000,Materialaufwand,4131.26,S,V10013,Rechnung V10013 09/2025,KOCH_J,WAGNER_P
5100000373,1000,2025,2025-12-17,430000,Beratungskosten,1940.83,S,V10021,Rechnung V10021 12/2025,BECKER_M,BAUER_C
5100000374,1000,2025,2025-01-03,460000,Werbekosten,1894.88,S,V10019,Rechnung V10019 01/2025,HOFFMANN_S,MEYER_R
5100000375,1000,2025,2025-12-22,450000,Mietaufwand,1195.82,S,V10003,Rechnung V10003 12/2025,WEBER_K,BAUER_C
5100000376,1000,2025,2025-05-12,420000,Reisekosten,20419.49,S,V10024,Rechnung V10024 05/2025,KOCH_J,BAUER_C
5100000377,1000,2025,2025-02-18,460000,Werbekosten,354.87,S,V10018,Rechnung V10018 02/2025,HOFFMANN_S,BAUER_C
5100000378,1000,2025,2025-08-14,430000,Beratungskosten,19.97,S,V10016,Rechnung V10016 08/2025,FISCHER_L,BAUER_C
5100000379,1000,2025,2025-10-14,430000,Beratungskosten,6417.65,S,V10005,Rechnung V10005 10/2025,HOFFMANN_S,WAGNER_P
5100000380,1000,2025,2025-02-18,400000,Materialaufwand,236.91,S,V10021,Rechnung V10021 02/2025,KOCH_J,MEYER_R
5100000381,1000,2025,2025-01-17,470000,Instandhaltung,585.58,S,V10024,Rechnung V10024 01/2025,BECKER_M,WAGNER_P
5100000382,1000,2025,2025-11-24,460000,Werbekosten,4004.93,S,V10005,Rechnung V10005 11/2025,WEBER_K,WAGNER_P
5100000383,1000,2025,2025-12-05,410000,Bürobedarf,37.95,S,V10026,Rechnung V10026 12/2025,WEBER_K,MEYER_R
5100000384,1000,2025,2025-02-27,440000,IT-Dienstleistungen,66.51,S,V10007,Rechnung V10007 02/2025,WEBER_K,MEYER_R
5100000385,1000,2025,2025-11-26,460000,Werbekosten,38.01,S,V10006,Rechnung V10006 11/2025,WEBER_K,MEYER_R
5100000386,1000,2025,2025-11-27,440000,IT-Dienstleistungen,138.29,S,V10017,Rechnung V10017 11/2025,KOCH_J,WAGNER_P
5100000387,1000,2025,2025-12-31,410000,Bürobedarf,995.67,S,V10016,Rechnung V10016 12/2025,WEBER_K,MEYER_R
5100000388,1000,2025,2025-03-20,470000,Instandhaltung,1139.91,S,V10037,Rechnung V10037 03/2025,KOCH_J,BAUER_C
5100000389,1000,2025,2025-08-01,430000,Beratungskosten,4686.48,S,V10003,Rechnung V10003 08/2025,KOCH_J,MEYER_R
5100000390,1000,2025,2025-12-30,420000,Reisekosten,51.4,S,V10014,Rechnung V10014 12/2025,FISCHER_L,BAUER_C
5100000391,1000,2025,2025-11-25,420000,Reisekosten,12.23,S,V10030,Rechnung V10030 11/2025,BECKER_M,BAUER_C
5100000392,1000,2025,2025-08-12,470000,Instandhaltung,537.52,S,V10010,Rechnung V10010 08/2025,SCHMIDT_A,WAGNER_P
5100000393,1000,2025,2025-03-13,440000,IT-Dienstleistungen,231.63,S,V10040,Rechnung V10040 03/2025,WEBER_K,WAGNER_P
5100000394,1000,2025,2025-02-03,450000,Mietaufwand,1027.64,S,V10030,Rechnung V10030 02/2025,WEBER_K,BAUER_C
5100000395,1000,2025,2025-04-03,470000,Instandhaltung,1514.93,S,V10038,Rechnung V10038 04/2025,SCHMIDT_A,MEYER_R
5100000396,1000,2025,2025-01-27,470000,Instandhaltung,614.73,S,V10038,Rechnung V10038 01/2025,HOFFMANN_S,BAUER_C
5100000397,1000,2025,2025-03-12,460000,Werbekosten,1662.72,S,V10005,Rechnung V10005 03/2025,BECKER_M,WAGNER_P
5100000398,1000,2025,2025-01-29,470000,Instandhaltung,711.05,S,V10019,Rechnung V10019 01/2025,KOCH_J,MEYER_R
5100000399,1000,2025,2025-10-07,470000,Instandhaltung,1150.67,S,V10030,Rechnung V10030 10/2025,KOCH_J,BAUER_C
5100000400,1000,2025,2025-08-06,470000,Instandhaltung,159.58,S,V10001,Rechnung V10001 08/2025,FISCHER_L,WAGNER_P
5100000401,1000,2025,2025-07-11,430000,Beratungskosten,4720.45,S,V10019,Rechnung V10019 07/2025,KOCH_J,MEYER_R
5100000402,1000,2025,2025-12-25,410000,Bürobedarf,675.09,S,V10028,Rechnung V10028 10/2025,SCHMIDT_A,WAGNER_P
5100000403,1000,2025,2025-06-02,400000,Materialaufwand,1831.42,S,V10032,Rechnung V10032 06/2025,FISCHER_L,WAGNER_P
5100000404,1000,2025,2025-05-28,460000,Werbekosten,262.44,S,V10017,Rechnung V10017 05/2025,BECKER_M,BAUER_C
5100000405,1000,2025,2025-03-17,420000,Reisekosten,1134.41,S,V10035,Rechnung V10035 03/2025,FISCHER_L,WAGNER_P
5100000406,1000,2025,2025-06-16,460000,Werbekosten,322.03,S,V10027,Rechnung V10027 06/2025,HOFFMANN_S,BAUER_C
5100000407,1000,2025,2025-03-05,470000,Instandhaltung,408.27,S,V10002,Rechnung V10002 03/2025,KOCH_J,BAUER_C
5100000408,1000,2025,2025-08-06,450000,Mietaufwand,1857.95,S,V10012,Rechnung V10012 08/2025,FISCHER_L,MEYER_R
5100000409,1000,2025,2025-12-31,460000,Werbekosten,20.31,S,V10038,Rechnung V10038 12/2025,WEBER_K,WAGNER_P
5100000410,1000,2025,2025-07-17,420000,Reisekosten,61.91,S,V10001,Rechnung V10001 07/2025,BECKER_M,MEYER_R
5100000411,1000,2025,2025-04-17,430000,Beratungskosten,45.99,S,V10005,Rechnung V10005 04/2025,KOCH_J,WAGNER_P
5100000412,1000,2025,2025-09-10,470000,Instandhaltung,11.78,S,V10014,Rechnung V10014 09/2025,KOCH_J,MEYER_R
5100000413,1000,2025,2025-10-28,460000,Werbekosten,166.46,S,V10040,Rechnung V10040 10/2025,HOFFMANN_S,WAGNER_P
5100000414,1000,2025,2025-06-25,410000,Bürobedarf,1634.5,S,V10029,Rechnung V10029 06/2025,WEBER_K,MEYER_R
5100000415,1000,2025,2025-04-01,470000,Instandhaltung,312.37,S,V10006,Rechnung V10006 04/2025,WEBER_K,WAGNER_P
5100000416,1000,2025,2025-09-18,430000,Beratungskosten,676.18,S,V10016,Rechnung V10016 09/2025,BECKER_M,WAGNER_P
5100000417,1000,2025,2025-03-10,460000,Werbekosten,2815.09,S,V10038,Rechnung V10038 03/2025,FISCHER_L,BAUER_C
5100000418,1000,2025,2025-12-31,440000,IT-Dienstleistungen,4122.84,S,V10009,Rechnung V10009 12/2025,BECKER_M,BAUER_C
5100000419,1000,2025,2025-04-28,440000,IT-Dienstleistungen,441.15,S,V10024,Rechnung V10024 04/2025,KOCH_J,WAGNER_P
5100000420,1000,2025,2025-05-09,410000,Bürobedarf,4297.28,S,V10019,Rechnung V10019 05/2025,BECKER_M,WAGNER_P
5100000421,1000,2025,2025-09-23,420000,Reisekosten,571.01,S,V10031,Rechnung V10031 09/2025,FISCHER_L,BAUER_C
5100000422,1000,2025,2025-01-08,450000,Mietaufwand,15000.0,S,V10031,Rechnung V10031 01/2025,KOCH_J,BAUER_C
5100000423,1000,2025,2025-03-14,460000,Werbekosten,190.37,S,V10034,Rechnung V10034 03/2025,FISCHER_L,MEYER_R
5100000424,1000,2025,2025-02-17,400000,Materialaufwand,46.12,S,V10005,Rechnung V10005 02/2025,BECKER_M,WAGNER_P
5100000425,1000,2025,2025-05-23,400000,Materialaufwand,118.98,S,V10019,Rechnung V10019 05/2025,SCHMIDT_A,BAUER_C
5100000426,1000,2025,2025-07-24,450000,Mietaufwand,277.88,S,V10028,Rechnung V10028 07/2025,BECKER_M,MEYER_R
5100000427,1000,2025,2025-03-06,430000,Beratungskosten,1782.44,S,V10017,Rechnung V10017 03/2025,FISCHER_L,MEYER_R
5100000428,1000,2025,2025-05-08,460000,Werbekosten,7732.84,S,V10027,Rechnung V10027 05/2025,SCHMIDT_A,BAUER_C
5100000429,1000,2025,2025-10-10,400000,Materialaufwand,53.97,S,V10026,Rechnung V10026 10/2025,WEBER_K,BAUER_C
5100000430,1000,2025,2025-12-08,420000,Reisekosten,923.83,S,V10015,Rechnung V10015 12/2025,HOFFMANN_S,WAGNER_P
5100000431,1000,2025,2025-01-08,400000,Materialaufwand,93.24,S,V10005,Rechnung V10005 01/2025,WEBER_K,WAGNER_P
5100000432,1000,2025,2025-08-19,450000,Mietaufwand,1053.12,S,V10039,Rechnung V10039 08/2025,SCHMIDT_A,WAGNER_P
5100000433,1000,2025,2025-01-13,460000,Werbekosten,399.52,S,V10034,Rechnung V10034 01/2025,SCHMIDT_A,WAGNER_P
5100000434,1000,2025,2025-07-14,410000,Bürobedarf,26.33,S,V10036,Rechnung V10036 07/2025,SCHMIDT_A,BAUER_C
5100000435,1000,2025,2025-11-17,420000,Reisekosten,2176.07,S,V10012,Rechnung V10012 11/2025,FISCHER_L,BAUER_C
5100000436,1000,2025,2025-10-20,460000,Werbekosten,187.17,S,V10013,Rechnung V10013 10/2025,FISCHER_L,WAGNER_P
5100000437,1000,2025,2025-03-26,400000,Materialaufwand,209.72,S,V10013,Rechnung V10013 03/2025,BECKER_M,MEYER_R
5100000438,1000,2025,2025-04-03,470000,Instandhaltung,88.98,S,V10002,Rechnung V10002 04/2025,BECKER_M,MEYER_R
5100000439,1000,2025,2025-10-14,470000,Instandhaltung,172.97,S,V10007,Rechnung V10007 10/2025,BECKER_M,MEYER_R
5100000440,1000,2025,2025-10-27,410000,Bürobedarf,977.13,S,V10013,Rechnung V10013 10/2025,KOCH_J,WAGNER_P
5100000441,1000,2025,2025-04-11,410000,Bürobedarf,364.02,S,V10040,Rechnung V10040 04/2025,WEBER_K,WAGNER_P
5100000442,1000,2025,2025-01-02,450000,Mietaufwand,833.69,S,V10009,Rechnung V10009 01/2025,HOFFMANN_S,BAUER_C
5100000443,1000,2025,2025-06-16,400000,Materialaufwand,879.26,S,V10021,Rechnung V10021 06/2025,SCHMIDT_A,BAUER_C
5100000444,1000,2025,2025-08-15,440000,IT-Dienstleistungen,4076.76,S,V10022,Rechnung V10022 08/2025,KOCH_J,WAGNER_P
5100000445,1000,2025,2025-06-13,400000,Materialaufwand,284.73,S,V10015,Rechnung V10015 06/2025,FISCHER_L,MEYER_R
5100000446,1000,2025,2025-12-05,440000,IT-Dienstleistungen,2000.0,S,V10037,Rechnung V10037 12/2025,FISCHER_L,BAUER_C
5100000447,1000,2025,2025-10-24,420000,Reisekosten,2717.74,S,V10004,Rechnung V10004 10/2025,SCHMIDT_A,BAUER_C
5100000448,1000,2025,2025-10-15,450000,Mietaufwand,289.92,S,V10035,Rechnung V10035 10/2025,BECKER_M,WAGNER_P
5100000449,1000,2025,2025-01-10,470000,Instandhaltung,2931.73,S,V10030,Rechnung V10030 01/2025,FISCHER_L,MEYER_R
5100000450,1000,2025,2025-11-07,430000,Beratungskosten,909.96,S,V10013,Rechnung V10013 11/2025,KOCH_J,WAGNER_P
5100000451,1000,2025,2025-10-02,450000,Mietaufwand,399.49,S,V10031,Rechnung V10031 10/2025,WEBER_K,WAGNER_P
5100000452,1000,2025,2025-05-27,440000,IT-Dienstleistungen,860.95,S,V10018,Rechnung V10018 05/2025,FISCHER_L,BAUER_C
5100000453,1000,2025,2025-08-06,470000,Instandhaltung,11177.08,S,V10039,Rechnung V10039 08/2025,KOCH_J,WAGNER_P
5100000454,1000,2025,2025-10-29,410000,Bürobedarf,13672.87,S,V10002,Rechnung V10002 10/2025,HOFFMANN_S,WAGNER_P
5100000455,1000,2025,2025-11-26,410000,Bürobedarf,550.6,S,V10002,Rechnung V10002 11/2025,HOFFMANN_S,WAGNER_P
5100000456,1000,2025,2025-07-23,430000,Beratungskosten,636.7,S,V10022,Rechnung V10022 07/2025,BECKER_M,WAGNER_P
5100000457,1000,2025,2025-01-17,450000,Mietaufwand,2757.24,S,V10038,Rechnung V10038 01/2025,KOCH_J,MEYER_R
5100000458,1000,2025,2025-08-15,460000,Werbekosten,127.35,S,V10003,Rechnung V10003 08/2025,WEBER_K,MEYER_R
5100000459,1000,2025,2025-09-08,420000,Reisekosten,839.59,S,V10032,Rechnung V10032 09/2025,HOFFMANN_S,BAUER_C
5100000460,1000,2025,2025-01-23,400000,Materialaufwand,472.77,S,V10038,Rechnung V10038 01/2025,BECKER_M,WAGNER_P
5100000461,1000,2025,2025-10-27,440000,IT-Dienstleistungen,814.24,S,V10020,Rechnung V10020 10/2025,FISCHER_L,BAUER_C
5100000462,1000,2025,2025-03-14,440000,IT-Dienstleistungen,129.88,S,V10035,Rechnung V10035 03/2025,WEBER_K,WAGNER_P
5100000463,1000,2025,2025-11-20,420000,Reisekosten,38.73,S,V10031,Rechnung V10031 11/2025,BECKER_M,BAUER_C
5100000464,1000,2025,2025-07-23,410000,Bürobedarf,17.87,S,V10009,Rechnung V10009 07/2025,SCHMIDT_A,MEYER_R
5100000465,1000,2025,2025-04-29,460000,Werbekosten,82.45,S,V10035,Rechnung V10035 04/2025,HOFFMANN_S,MEYER_R
5100000466,1000,2025,2025-01-23,460000,Werbekosten,236.54,S,V10028,Rechnung V10028 01/2025,WEBER_K,WAGNER_P
5100000467,1000,2025,2025-01-09,450000,Mietaufwand,308.24,S,V10001,Rechnung V10001 01/2025,FISCHER_L,BAUER_C
5100000468,1000,2025,2025-09-29,440000,IT-Dienstleistungen,10933.32,S,V10023,Rechnung V10023 09/2025,WEBER_K,MEYER_R
5100000469,1000,2025,2025-05-20,420000,Reisekosten,2891.67,S,V10027,Rechnung V10027 05/2025,FISCHER_L,WAGNER_P
5100000470,1000,2025,2025-11-04,430000,Beratungskosten,105.71,S,V10033,Rechnung V10033 11/2025,FISCHER_L,MEYER_R
5100000471,1000,2025,2025-03-25,400000,Materialaufwand,859.49,S,V10031,Rechnung V10031 03/2025,WEBER_K,BAUER_C
5100000472,1000,2025,2025-12-02,410000,Bürobedarf,256.9,S,V10020,Rechnung V10020 12/2025,KOCH_J,WAGNER_P
5100000473,1000,2025,2025-12-09,430000,Beratungskosten,312.63,S,V10012,Rechnung V10012 12/2025,HOFFMANN_S,WAGNER_P
5100000474,1000,2025,2025-02-07,430000,Beratungskosten,662.83,S,V10008,Rechnung V10008 02/2025,FISCHER_L,MEYER_R
5100000475,1000,2025,2025-08-26,430000,Beratungskosten,4884.19,S,V10004,Rechnung V10004 08/2025,KOCH_J,MEYER_R
5100000476,1000,2025,2025-12-08,470000,Instandhaltung,286.34,S,V10026,Rechnung V10026 12/2025,KOCH_J,WAGNER_P
5100000477,1000,2025,2025-04-29,420000,Reisekosten,2703.12,S,V10039,Rechnung V10039 04/2025,HOFFMANN_S,WAGNER_P
5100000478,1000,2025,2025-01-27,440000,IT-Dienstleistungen,79.27,S,V10004,Rechnung V10004 01/2025,BECKER_M,BAUER_C
5100000479,1000,2025,2025-11-14,430000,Beratungskosten,497.77,S,V10029,Rechnung V10029 11/2025,BECKER_M,MEYER_R
5100000480,1000,2025,2025-06-26,430000,Beratungskosten,31453.89,S,V10024,Rechnung V10024 06/2025,SCHMIDT_A,MEYER_R
5100000481,1000,2025,2025-01-13,460000,Werbekosten,704.11,S,V10007,Rechnung V10007 01/2025,FISCHER_L,MEYER_R
5100000482,1000,2025,2025-11-04,450000,Mietaufwand,4881.18,S,V10009,Rechnung V10009 11/2025,WEBER_K,MEYER_R
5100000483,1000,2025,2025-09-05,460000,Werbekosten,570.45,S,V10012,Rechnung V10012 09/2025,BECKER_M,MEYER_R
5100000484,1000,2025,2025-01-28,430000,Beratungskosten,1247.93,S,V10028,Rechnung V10028 01/2025,KOCH_J,WAGNER_P
5100000485,1000,2025,2025-04-03,420000,Reisekosten,449.95,S,V10012,Rechnung V10012 04/2025,BECKER_M,MEYER_R
5100000486,1000,2025,2025-01-09,430000,Beratungskosten,375.16,S,V10034,Rechnung V10034 01/2025,BECKER_M,MEYER_R
5100000487,1000,2025,2025-12-12,440000,IT-Dienstleistungen,141.57,S,V10015,Rechnung V10015 12/2025,HOFFMANN_S,BAUER_C
5100000488,1000,2025,2025-01-13,420000,Reisekosten,980.91,S,V10005,Rechnung V10005 01/2025,KOCH_J,WAGNER_P
5100000489,1000,2025,2025-10-17,430000,Beratungskosten,126.16,S,V10004,Rechnung V10004 10/2025,SCHMIDT_A,BAUER_C
5100000490,1000,2025,2025-07-09,410000,Bürobedarf,1429.29,S,V10017,Rechnung V10017 07/2025,WEBER_K,BAUER_C
5100000491,1000,2025,2025-08-04,440000,IT-Dienstleistungen,2797.44,S,V10017,Rechnung V10017 08/2025,WEBER_K,WEBER_K
5100000492,1000,2025,2025-10-23,450000,Mietaufwand,885.76,S,V10030,Rechnung V10030 10/2025,HOFFMANN_S,WAGNER_P
5100000493,1000,2025,2025-11-21,440000,IT-Dienstleistungen,311.69,S,V10020,Rechnung V10020 11/2025,FISCHER_L,BAUER_C
5100000494,1000,2025,2025-02-17,460000,Werbekosten,1018.76,S,V10007,Rechnung V10007 02/2025,HOFFMANN_S,WAGNER_P
5100000495,1000,2025,2025-01-09,470000,Instandhaltung,300.7,S,V10009,Rechnung V10009 01/2025,FISCHER_L,BAUER_C
5100000496,1000,2025,2025-02-17,470000,Instandhaltung,2201.46,S,V10023,Rechnung V10023 02/2025,KOCH_J,BAUER_C
5100000497,1000,2025,2025-09-08,400000,Materialaufwand,26.3,S,V10014,Rechnung V10014 09/2025,HOFFMANN_S,WAGNER_P
5100000498,1000,2025,2025-07-30,470000,Instandhaltung,288.02,S,V10027,Rechnung V10027 07/2025,SCHMIDT_A,MEYER_R
5100000499,1000,2025,2025-01-31,420000,Reisekosten,20.38,S,V10037,Rechnung V10037 01/2025,KOCH_J,WAGNER_P
5100000500,1000,2025,2025-03-26,430000,Beratungskosten,45.06,S,V10015,Rechnung V10015 03/2025,KOCH_J,BAUER_C
5100000501,1000,2025,2025-07-18,430000,Beratungskosten,4368.52,S,V10023,Rechnung V10023 07/2025,SCHMIDT_A,WAGNER_P
5100000502,1000,2025,2025-09-24,420000,Reisekosten,2063.78,S,V10034,Rechnung V10034 09/2025,FISCHER_L,BAUER_C
5100000503,1000,2025,2025-05-07,470000,Instandhaltung,155.84,S,V10009,Rechnung V10009 05/2025,KOCH_J,WAGNER_P
5100000504,1000,2025,2025-12-11,450000,Mietaufwand,44.52,S,V10021,Rechnung V10021 12/2025,KOCH_J,WAGNER_P
5100000505,1000,2025,2025-12-30,470000,Instandhaltung,4.29,S,V10013,Rechnung V10013 12/2025,FISCHER_L,BAUER_C
5100000506,1000,2025,2025-10-08,470000,Instandhaltung,206.52,S,V10026,Rechnung V10026 10/2025,BECKER_M,MEYER_R
5100000507,1000,2025,2025-06-18,430000,Beratungskosten,23686.58,S,V10030,Rechnung V10030 06/2025,SCHMIDT_A,WAGNER_P
5100000508,1000,2025,2025-11-17,450000,Mietaufwand,988.13,S,V10006,Rechnung V10006 11/2025,BECKER_M,MEYER_R
5100000509,1000,2025,2025-09-23,440000,IT-Dienstleistungen,201.28,S,V10008,Rechnung V10008 09/2025,BECKER_M,WAGNER_P
5100000510,1000,2025,2025-07-11,430000,Beratungskosten,1037.04,S,V10001,Rechnung V10001 07/2025,FISCHER_L,BAUER_C
5100000511,1000,2025,2025-06-13,450000,Mietaufwand,2000.0,S,V10001,Rechnung V10001 06/2025,WEBER_K,BAUER_C
5100000512,1000,2025,2025-10-31,450000,Mietaufwand,306.21,S,V10003,Rechnung V10003 10/2025,HOFFMANN_S,MEYER_R
5100000513,1000,2025,2025-07-25,470000,Instandhaltung,577.76,S,V10029,Rechnung V10029 07/2025,FISCHER_L,BAUER_C
5100000514,1000,2025,2025-03-07,460000,Werbekosten,429.34,S,V10037,Rechnung V10037 03/2025,WEBER_K,BAUER_C
5100000515,1000,2025,2025-12-31,440000,IT-Dienstleistungen,1746.36,S,V10017,Rechnung V10017 12/2025,FISCHER_L,BAUER_C
5100000516,1000,2025,2025-01-28,470000,Instandhaltung,855.28,S,V10036,Rechnung V10036 01/2025,FISCHER_L,WAGNER_P
5100000517,1000,2025,2025-09-11,400000,Materialaufwand,1435.58,S,V10030,Rechnung V10030 09/2025,WEBER_K,MEYER_R
5100000518,1000,2025,2025-08-28,460000,Werbekosten,163.79,S,V10033,Rechnung V10033 08/2025,BECKER_M,WAGNER_P
5100000519,1000,2025,2025-08-05,430000,Beratungskosten,2072.49,S,V10030,Rechnung V10030 08/2025,KOCH_J,BAUER_C
5100000520,1000,2025,2025-01-21,430000,Beratungskosten,6676.17,S,V10008,Rechnung V10008 01/2025,HOFFMANN_S,WAGNER_P
5100000521,1000,2025,2025-07-03,460000,Werbekosten,104.35,S,V10021,Rechnung V10021 07/2025,WEBER_K,WAGNER_P
5100000522,1000,2025,2025-11-21,420000,Reisekosten,119.07,S,V10022,Rechnung V10022 11/2025,FISCHER_L,MEYER_R
5100000523,1000,2025,2025-03-27,470000,Instandhaltung,4176.61,S,V10026,Rechnung V10026 03/2025,BECKER_M,WAGNER_P
5100000524,1000,2025,2025-09-10,430000,Beratungskosten,362.8,S,V10032,Rechnung V10032 09/2025,HOFFMANN_S,WAGNER_P
5100000525,1000,2025,2025-11-10,420000,Reisekosten,4656.94,S,V10005,Rechnung V10005 11/2025,HOFFMANN_S,WAGNER_P
5100000526,1000,2025,2025-12-12,420000,Reisekosten,242.73,S,V10027,Rechnung V10027 12/2025,FISCHER_L,BAUER_C
5100000527,1000,2025,2025-07-11,430000,Beratungskosten,5054.7,S,V10034,Rechnung V10034 07/2025,WEBER_K,MEYER_R
5100000528,1000,2025,2025-04-25,470000,Instandhaltung,608.12,S,V10005,Rechnung V10005 04/2025,BECKER_M,MEYER_R
5100000529,1000,2025,2025-09-12,400000,Materialaufwand,744.84,S,V10017,Rechnung V10017 09/2025,SCHMIDT_A,BAUER_C
5100000530,1000,2025,2025-07-01,440000,IT-Dienstleistungen,6024.25,S,V10036,Rechnung V10036 07/2025,HOFFMANN_S,BAUER_C
5100000531,1000,2025,2025-08-19,460000,Werbekosten,276.21,S,V10001,Rechnung V10001 08/2025,KOCH_J,MEYER_R
5100000532,1000,2025,2025-09-29,430000,Beratungskosten,109.31,S,V10007,Rechnung V10007 09/2025,HOFFMANN_S,BAUER_C
5100000533,1000,2025,2025-09-17,440000,IT-Dienstleistungen,240.4,S,V10033,Rechnung V10033 09/2025,FISCHER_L,MEYER_R
5100000534,1000,2025,2025-03-28,420000,Reisekosten,1016.11,S,V10007,Rechnung V10007 03/2025,HOFFMANN_S,MEYER_R
5100000535,1000,2025,2025-10-02,410000,Bürobedarf,40.24,S,V10029,Rechnung V10029 10/2025,BECKER_M,MEYER_R
5100000536,1000,2025,2025-07-21,450000,Mietaufwand,1366.43,S,V10037,Rechnung V10037 07/2025,BECKER_M,WAGNER_P
5100000537,1000,2025,2025-12-04,470000,Instandhaltung,208.09,S,V10020,Rechnung V10020 12/2025,KOCH_J,MEYER_R
5100000538,1000,2025,2025-08-29,440000,IT-Dienstleistungen,3091.77,S,V10020,Rechnung V10020 08/2025,WEBER_K,MEYER_R
5100000539,1000,2025,2025-11-20,430000,Beratungskosten,10.69,S,V10018,Rechnung V10018 11/2025,HOFFMANN_S,BAUER_C
5100000540,1000,2025,2025-12-22,410000,Bürobedarf,139.98,S,V10015,Rechnung V10015 12/2025,HOFFMANN_S,WAGNER_P
5100000541,1000,2025,2025-12-30,470000,Instandhaltung,33.17,S,V10016,Rechnung V10016 12/2025,BECKER_M,WAGNER_P
5100000542,1000,2025,2025-09-30,460000,Werbekosten,131.37,S,V10023,Rechnung V10023 09/2025,SCHMIDT_A,BAUER_C
5100000543,1000,2025,2025-08-08,470000,Instandhaltung,732.36,S,V10036,Rechnung V10036 08/2025,HOFFMANN_S,MEYER_R
5100000544,1000,2025,2025-02-13,420000,Reisekosten,369.9,S,V10040,Rechnung V10040 02/2025,WEBER_K,BAUER_C
5100000545,1000,2025,2025-05-22,450000,Mietaufwand,328.52,S,V10035,Rechnung V10035 05/2025,KOCH_J,WAGNER_P
5100000546,1000,2025,2025-06-26,430000,Beratungskosten,381.96,S,V10005,Rechnung V10005 06/2025,HOFFMANN_S,BAUER_C
5100000547,1000,2025,2025-10-14,410000,Bürobedarf,682.27,S,V10013,Rechnung V10013 10/2025,FISCHER_L,BAUER_C
5100000548,1000,2025,2025-08-06,410000,Bürobedarf,98.13,S,V10031,Rechnung V10031 08/2025,FISCHER_L,MEYER_R
5100000549,1000,2025,2025-06-12,430000,Beratungskosten,1526.85,S,V10022,Rechnung V10022 06/2025,SCHMIDT_A,MEYER_R
5100000550,1000,2025,2025-02-24,440000,IT-Dienstleistungen,1422.63,S,V10014,Rechnung V10014 02/2025,FISCHER_L,WAGNER_P
5100000551,1000,2025,2025-09-18,400000,Materialaufwand,912.38,S,V10013,Rechnung V10013 09/2025,SCHMIDT_A,WAGNER_P
5100000552,1000,2025,2025-06-10,450000,Mietaufwand,1200.45,S,V10005,Rechnung V10005 06/2025,KOCH_J,MEYER_R
5100000553,1000,2025,2025-01-16,430000,Beratungskosten,791.77,S,V10014,Rechnung V10014 01/2025,BECKER_M,MEYER_R
5100000554,1000,2025,2025-04-14,470000,Instandhaltung,12786.14,S,V10017,Rechnung V10017 04/2025,WEBER_K,BAUER_C
5100000555,1000,2025,2025-11-17,420000,Reisekosten,428.65,S,V10017,Rechnung V10017 11/2025,HOFFMANN_S,BAUER_C
5100000556,1000,2025,2025-02-13,400000,Materialaufwand,301.47,S,V10022,Rechnung V10022 02/2025,SCHMIDT_A,MEYER_R
5100000557,1000,2025,2025-05-30,420000,Reisekosten,147.58,S,V10011,Rechnung V10011 05/2025,BECKER_M,BAUER_C
5100000558,1000,2025,2025-07-10,470000,Instandhaltung,94.48,S,V10009,Rechnung V10009 07/2025,SCHMIDT_A,MEYER_R
5100000559,1000,2025,2025-01-31,420000,Reisekosten,67.28,S,V10036,Rechnung V10036 01/2025,SCHMIDT_A,WAGNER_P
5100000560,1000,2025,2025-03-03,450000,Mietaufwand,118.86,S,V10017,Rechnung V10017 03/2025,WEBER_K,MEYER_R
5100000561,1000,2025,2025-12-09,460000,Werbekosten,440.06,S,V10011,Rechnung V10011 12/2025,WEBER_K,WAGNER_P
5100000562,1000,2025,2025-08-06,420000,Reisekosten,841.24,S,V10026,Rechnung V10026 08/2025,HOFFMANN_S,MEYER_R
5100000563,1000,2025,2025-03-18,450000,Mietaufwand,534.76,S,V10022,Rechnung V10022 03/2025,KOCH_J,MEYER_R
5100000564,1000,2025,2025-03-04,410000,Bürobedarf,144.77,S,V10024,Rechnung V10024 03/2025,HOFFMANN_S,MEYER_R
5100000565,1000,2025,2025-06-06,420000,Reisekosten,2080.36,S,V10009,Rechnung V10009 06/2025,HOFFMANN_S,MEYER_R
5100000566,1000,2025,2025-09-22,420000,Reisekosten,1608.5,S,V10029,Rechnung V10029 09/2025,BECKER_M,MEYER_R
5100000567,1000,2025,2025-09-24,450000,Mietaufwand,381.67,S,V10008,Rechnung V10008 09/2025,FISCHER_L,WAGNER_P
5100000568,1000,2025,2025-03-12,470000,Instandhaltung,173.35,S,V10034,Rechnung V10034 03/2025,WEBER_K,BAUER_C
5100000569,1000,2025,2025-09-23,420000,Reisekosten,1184.98,S,V10017,Rechnung V10017 09/2025,KOCH_J,MEYER_R
5100000570,1000,2025,2025-11-24,420000,Reisekosten,665.65,S,V10017,Rechnung V10017 11/2025,BECKER_M,BAUER_C
5100000571,1000,2025,2025-03-24,460000,Werbekosten,48.57,S,V10016,Rechnung V10016 03/2025,BECKER_M,WAGNER_P
5100000572,1000,2025,2025-01-13,430000,Beratungskosten,441.97,S,V10017,Rechnung V10017 01/2025,SCHMIDT_A,MEYER_R
5100000573,1000,2025,2025-12-15,440000,IT-Dienstleistungen,749.39,S,V10027,Rechnung V10027 12/2025,FISCHER_L,MEYER_R
5100000574,1000,2025,2025-07-14,450000,Mietaufwand,116.8,S,V10020,Rechnung V10020 07/2025,HOFFMANN_S,BAUER_C
5100000575,1000,2025,2025-10-13,410000,Bürobedarf,667.64,S,V10006,Rechnung V10006 10/2025,FISCHER_L,MEYER_R
5100000576,1000,2025,2025-04-29,460000,Werbekosten,48.05,S,V10023,Rechnung V10023 04/2025,BECKER_M,WAGNER_P
5100000577,1000,2025,2025-04-17,420000,Reisekosten,4179.29,S,V10011,Rechnung V10011 04/2025,HOFFMANN_S,MEYER_R
5100000578,1000,2025,2025-03-24,450000,Mietaufwand,3629.03,S,V10005,Rechnung V10005 03/2025,SCHMIDT_A,BAUER_C
5100000579,1000,2025,2025-03-20,430000,Beratungskosten,328.97,S,V10034,Rechnung V10034 03/2025,KOCH_J,BAUER_C
5100000580,1000,2025,2025-06-25,460000,Werbekosten,881.41,S,V10013,Rechnung V10013 06/2025,HOFFMANN_S,MEYER_R
5100000581,1000,2025,2025-02-10,430000,Beratungskosten,4877.2,S,V10024,Rechnung V10024 02/2025,KOCH_J,MEYER_R
5100000582,1000,2025,2025-11-04,410000,Bürobedarf,77.47,S,V10007,Rechnung V10007 11/2025,HOFFMANN_S,WAGNER_P
5100000583,1000,2025,2025-07-09,410000,Bürobedarf,307.96,S,V10014,Rechnung V10014 07/2025,SCHMIDT_A,WAGNER_P
5100000584,1000,2025,2025-11-28,470000,Instandhaltung,88.64,S,V10016,Rechnung V10016 11/2025,WEBER_K,WAGNER_P
5100000585,1000,2025,2025-07-07,440000,IT-Dienstleistungen,1545.39,S,V10006,Rechnung V10006 07/2025,SCHMIDT_A,WAGNER_P
5100000586,1000,2025,2025-04-22,420000,Reisekosten,12036.2,S,V10039,Rechnung V10039 04/2025,BECKER_M,MEYER_R
5100000587,1000,2025,2025-07-10,410000,Bürobedarf,74.99,S,V10013,Rechnung V10013 07/2025,KOCH_J,MEYER_R
5100000588,1000,2025,2025-02-26,410000,Bürobedarf,129.03,S,V10024,Rechnung V10024 02/2025,BECKER_M,WAGNER_P
5100000589,1000,2025,2025-10-29,470000,Instandhaltung,718.18,S,V10023,Rechnung V10023 10/2025,HOFFMANN_S,BAUER_C
5100000590,1000,2025,2025-09-22,470000,Instandhaltung,6488.49,S,V10018,Rechnung V10018 09/2025,SCHMIDT_A,BAUER_C
5100000591,1000,2025,2025-02-24,430000,Beratungskosten,69.7,S,V10024,Rechnung V10024 02/2025,KOCH_J,WAGNER_P
5100000592,1000,2025,2025-08-04,410000,Bürobedarf,733.96,S,V10023,Rechnung V10023 08/2025,WEBER_K,BAUER_C
5100000593,1000,2025,2025-07-18,430000,Beratungskosten,9082.26,S,V10004,Rechnung V10004 07/2025,BECKER_M,WAGNER_P
5100000594,1000,2025,2025-03-14,410000,Bürobedarf,35.06,S,V10027,Rechnung V10027 03/2025,HOFFMANN_S,WAGNER_P
5100000595,1000,2025,2025-02-14,440000,IT-Dienstleistungen,63.45,S,V10005,Rechnung V10005 02/2025,KOCH_J,WAGNER_P
5100000596,1000,2025,2025-10-07,450000,Mietaufwand,250.19,S,V10018,Rechnung V10018 10/2025,KOCH_J,WAGNER_P
5100000597,1000,2025,2025-04-07,470000,Instandhaltung,214.23,S,V10015,Rechnung V10015 04/2025,BECKER_M,MEYER_R
5100000598,1000,2025,2025-07-11,420000,Reisekosten,1808.34,S,V10018,Rechnung V10018 07/2025,BECKER_M,BAUER_C
5100000599,1000,2025,2025-03-31,410000,Bürobedarf,725.35,S,V10003,Rechnung V10003 03/2025,FISCHER_L,MEYER_R
5100000600,1000,2025,2025-08-28,410000,Bürobedarf,28.79,S,V10029,Rechnung V10029 08/2025,BECKER_M,MEYER_R
5100000601,1000,2025,2025-01-21,430000,Beratungskosten,1124.01,S,V10017,Rechnung V10017 01/2025,HOFFMANN_S,WAGNER_P
5100000602,1000,2025,2025-05-13,440000,IT-Dienstleistungen,195.57,S,V10003,Rechnung V10003 05/2025,BECKER_M,MEYER_R
5100000603,1000,2025,2025-07-22,400000,Materialaufwand,3786.19,S,V10001,Rechnung V10001 07/2025,BECKER_M,MEYER_R
5100000604,1000,2025,2025-06-12,460000,Werbekosten,180.52,S,V10022,Rechnung V10022 06/2025,FISCHER_L,WAGNER_P
5100000605,1000,2025,2025-08-14,430000,Beratungskosten,177.93,S,V10027,Rechnung V10027 08/2025,WEBER_K,MEYER_R
5100000606,1000,2025,2025-03-07,460000,Werbekosten,1171.23,S,V10022,Rechnung V10022 03/2025,SCHMIDT_A,MEYER_R
5100000607,1000,2025,2025-06-13,430000,Beratungskosten,1670.17,S,V10029,Rechnung V10029 06/2025,FISCHER_L,WAGNER_P
5100000608,1000,2025,2025-10-06,410000,Bürobedarf,1009.25,S,V10031,Rechnung V10031 10/2025,FISCHER_L,WAGNER_P
5100000609,1000,2025,2025-05-05,400000,Materialaufwand,33.22,S,V10035,Rechnung V10035 05/2025,BECKER_M,BAUER_C
5100000610,1000,2025,2025-02-27,440000,IT-Dienstleistungen,1165.44,S,V10040,Rechnung V10040 02/2025,KOCH_J,MEYER_R
5100000611,1000,2025,2025-11-05,440000,IT-Dienstleistungen,94.17,S,V10036,Rechnung V10036 11/2025,HOFFMANN_S,BAUER_C
5100000612,1000,2025,2025-10-13,460000,Werbekosten,717.98,S,V10032,Rechnung V10032 10/2025,HOFFMANN_S,WAGNER_P
5100000613,1000,2025,2025-09-08,470000,Instandhaltung,50.5,S,V10018,Rechnung V10018 09/2025,BECKER_M,WAGNER_P
5100000614,1000,2025,2025-10-20,410000,Bürobedarf,1006.38,S,V10021,Rechnung V10021 10/2025,KOCH_J,BAUER_C
5100000615,1000,2025,2025-10-13,420000,Reisekosten,135.56,S,V10025,Rechnung V10025 10/2025,KOCH_J,MEYER_R
5100000616,1000,2025,2025-09-30,410000,Bürobedarf,63.29,S,V10007,Rechnung V10007 09/2025,SCHMIDT_A,BAUER_C
5100000617,1000,2025,2025-07-09,400000,Materialaufwand,1543.97,S,V10028,Rechnung V10028 07/2025,BECKER_M,MEYER_R
5100000618,1000,2025,2025-01-09,400000,Materialaufwand,725.33,S,V10024,Rechnung V10024 01/2025,BECKER_M,WAGNER_P
5100000619,1000,2025,2025-08-08,400000,Materialaufwand,184.5,S,V10021,Rechnung V10021 08/2025,KOCH_J,MEYER_R
5100000620,1000,2025,2025-04-09,440000,IT-Dienstleistungen,5023.52,S,V10034,Rechnung V10034 04/2025,BECKER_M,WAGNER_P
5100000621,1000,2025,2025-10-10,410000,Bürobedarf,243.46,S,V10028,Rechnung V10028 10/2025,SCHMIDT_A,BAUER_C
5100000622,1000,2025,2025-06-25,410000,Bürobedarf,518.72,S,V10038,Rechnung V10038 06/2025,WEBER_K,BAUER_C
5100000623,1000,2025,2025-11-26,400000,Materialaufwand,757.68,S,V10040,Rechnung V10040 11/2025,SCHMIDT_A,BAUER_C
5100000624,1000,2025,2025-08-07,450000,Mietaufwand,182.83,S,V10034,Rechnung V10034 08/2025,WEBER_K,BAUER_C
5100000625,1000,2025,2025-07-23,450000,Mietaufwand,1047.14,S,V10012,Rechnung V10012 07/2025,SCHMIDT_A,WAGNER_P
5100000626,1000,2025,2025-12-01,470000,Instandhaltung,209.87,S,V10008,Rechnung V10008 12/2025,HOFFMANN_S,WAGNER_P
5100000627,1000,2025,2025-06-26,400000,Materialaufwand,255.03,S,V10012,Rechnung V10012 06/2025,FISCHER_L,BAUER_C
5100000628,1000,2025,2025-05-19,410000,Bürobedarf,4360.0,S,V10029,Rechnung V10029 05/2025,HOFFMANN_S,MEYER_R
5100000629,1000,2025,2025-05-16,430000,Beratungskosten,93.23,S,V10035,Rechnung V10035 05/2025,KOCH_J,BAUER_C
5100000630,1000,2025,2025-11-14,450000,Mietaufwand,10.38,S,V10036,Rechnung V10036 11/2025,BECKER_M,WAGNER_P
5100000631,1000,2025,2025-10-06,410000,Bürobedarf,6486.64,S,V10028,Rechnung V10028 10/2025,FISCHER_L,WAGNER_P
5100000632,1000,2025,2025-02-28,410000,Bürobedarf,29112.55,S,V10028,Rechnung V10028 02/2025,WEBER_K,WAGNER_P
5100000633,1000,2025,2025-07-03,430000,Beratungskosten,257.64,S,V10039,Rechnung V10039 07/2025,HOFFMANN_S,BAUER_C
5100000634,1000,2025,2025-05-16,400000,Materialaufwand,22.22,S,V10028,Rechnung V10028 05/2025,BECKER_M,BAUER_C
5100000635,1000,2025,2025-08-26,430000,Beratungskosten,299.83,S,V10006,Rechnung V10006 08/2025,HOFFMANN_S,MEYER_R
5100000636,1000,2025,2025-01-22,460000,Werbekosten,311.7,S,V10021,Rechnung V10021 01/2025,SCHMIDT_A,BAUER_C
5100000637,1000,2025,2025-09-18,440000,IT-Dienstleistungen,363.62,S,V10015,Rechnung V10015 09/2025,SCHMIDT_A,BAUER_C
5100000638,1000,2025,2025-09-29,430000,Beratungskosten,82.98,S,V10026,Rechnung V10026 09/2025,SCHMIDT_A,BAUER_C
5100000639,1000,2025,2025-03-24,430000,Beratungskosten,1245.51,S,V10026,Rechnung V10026 03/2025,HOFFMANN_S,BAUER_C
5100000640,1000,2025,2025-02-25,470000,Instandhaltung,1140.49,S,V10012,Rechnung V10012 02/2025,BECKER_M,BAUER_C
5100000641,1000,2025,2025-08-19,440000,IT-Dienstleistungen,45.1,S,V10012,Rechnung V10012 08/2025,WEBER_K,MEYER_R
5100000642,1000,2025,2025-04-03,440000,IT-Dienstleistungen,1508.26,S,V10004,Rechnung V10004 04/2025,WEBER_K,WAGNER_P
5100000643,1000,2025,2025-12-09,470000,Instandhaltung,13151.56,S,V10012,Rechnung V10012 12/2025,BECKER_M,BAUER_C
5100000644,1000,2025,2025-10-10,410000,Bürobedarf,648.81,S,V10034,Rechnung V10034 10/2025,KOCH_J,BAUER_C
5100000645,1000,2025,2025-12-12,400000,Materialaufwand,287.23,S,V10027,Rechnung V10027 12/2025,KOCH_J,WAGNER_P
5100000646,1000,2025,2025-07-17,430000,Beratungskosten,392.6,S,V10038,Rechnung V10038 07/2025,FISCHER_L,BAUER_C
5100000647,1000,2025,2025-12-08,420000,Reisekosten,1318.71,S,V10038,Rechnung V10038 12/2025,HOFFMANN_S,BAUER_C
5100000648,1000,2025,2025-01-08,410000,Bürobedarf,30.91,S,V10035,Rechnung V10035 01/2025,SCHMIDT_A,MEYER_R
5100000649,1000,2025,2025-04-15,400000,Materialaufwand,641.0,S,V10008,Rechnung V10008 04/2025,KOCH_J,BAUER_C
5100000650,1000,2025,2025-01-02,470000,Instandhaltung,263.82,S,V10014,Rechnung V10014 01/2025,SCHMIDT_A,WAGNER_P
5100000651,1000,2025,2025-09-05,440000,IT-Dienstleistungen,9476.02,S,V10003,Rechnung V10003 09/2025,FISCHER_L,WAGNER_P
5100000652,1000,2025,2025-07-09,450000,Mietaufwand,372.9,S,V10004,Rechnung V10004 07/2025,HOFFMANN_S,MEYER_R
5100000653,1000,2025,2025-04-14,400000,Materialaufwand,7105.47,S,V10010,Rechnung V10010 04/2025,KOCH_J,BAUER_C
5100000654,1000,2025,2025-04-23,420000,Reisekosten,84.27,S,V10012,Rechnung V10012 04/2025,WEBER_K,MEYER_R
5100000655,1000,2025,2025-08-25,440000,IT-Dienstleistungen,1260.94,S,V10001,Rechnung V10001 08/2025,BECKER_M,WAGNER_P
5100000656,1000,2025,2025-03-07,440000,IT-Dienstleistungen,821.42,S,V10034,Rechnung V10034 03/2025,WEBER_K,MEYER_R
5100000657,1000,2025,2025-07-10,450000,Mietaufwand,122.67,S,V10022,Rechnung V10022 07/2025,SCHMIDT_A,BAUER_C
5100000658,1000,2025,2025-08-14,450000,Mietaufwand,654.48,S,V10027,Rechnung V10027 08/2025,FISCHER_L,WAGNER_P
5100000659,1000,2025,2025-03-27,430000,Beratungskosten,3429.02,S,V10027,Rechnung V10027 03/2025,BECKER_M,MEYER_R
5100000660,1000,2025,2025-03-25,460000,Werbekosten,293.52,S,V10039,Rechnung V10039 03/2025,WEBER_K,MEYER_R
5100000661,1000,2025,2025-05-12,420000,Reisekosten,32.88,S,V10006,Rechnung V10006 05/2025,KOCH_J,BAUER_C
5100000662,1000,2025,2025-08-07,400000,Materialaufwand,479.1,S,V10014,Rechnung V10014 08/2025,BECKER_M,MEYER_R
5100000663,1000,2025,2025-04-02,470000,Instandhaltung,116.29,S,V10013,Rechnung V10013 04/2025,FISCHER_L,BAUER_C
5100000664,1000,2025,2025-05-20,400000,Materialaufwand,284.93,S,V10023,Rechnung V10023 05/2025,FISCHER_L,MEYER_R
5100000665,1000,2025,2025-07-21,420000,Reisekosten,432.45,S,V10022,Rechnung V10022 07/2025,FISCHER_L,BAUER_C
5100000666,1000,2025,2025-03-10,400000,Materialaufwand,32.17,S,V10032,Rechnung V10032 03/2025,SCHMIDT_A,WAGNER_P
5100000667,1000,2025,2025-07-30,410000,Bürobedarf,37.15,S,V10023,Rechnung V10023 07/2025,BECKER_M,MEYER_R
5100000668,1000,2025,2025-02-20,430000,Beratungskosten,1065.61,S,V10010,Rechnung V10010 02/2025,HOFFMANN_S,BAUER_C
5100000669,1000,2025,2025-02-21,410000,Bürobedarf,213.5,S,V10023,Rechnung V10023 02/2025,FISCHER_L,MEYER_R
5100000670,1000,2025,2025-03-27,430000,Beratungskosten,8.14,S,V10039,Rechnung V10039 03/2025,FISCHER_L,BAUER_C
5100000671,1000,2025,2025-04-14,470000,Instandhaltung,1729.78,S,V10024,Rechnung V10024 04/2025,KOCH_J,WAGNER_P
5100000672,1000,2025,2025-01-14,410000,Bürobedarf,761.88,S,V10024,Rechnung V10024 01/2025,BECKER_M,WAGNER_P
5100000673,1000,2025,2025-12-16,470000,Instandhaltung,157.24,S,V10008,Rechnung V10008 12/2025,WEBER_K,MEYER_R
5100000674,1000,2025,2025-04-24,430000,Beratungskosten,59.92,S,V10001,Rechnung V10001 04/2025,SCHMIDT_A,MEYER_R
5100000675,1000,2025,2025-10-22,440000,IT-Dienstleistungen,1876.74,S,V10009,Rechnung V10009 10/2025,HOFFMANN_S,MEYER_R
5100000676,1000,2025,2025-11-25,430000,Beratungskosten,861.75,S,V10002,Rechnung V10002 11/2025,BECKER_M,BAUER_C
5100000677,1000,2025,2025-10-21,420000,Reisekosten,22296.02,S,V10019,Rechnung V10019 10/2025,BECKER_M,MEYER_R
5100000678,1000,2025,2025-10-30,400000,Materialaufwand,20000.0,S,V10036,Rechnung V10036 10/2025,WEBER_K,MEYER_R
5100000679,1000,2025,2025-02-07,440000,IT-Dienstleistungen,916.28,S,V10018,Rechnung V10018 02/2025,WEBER_K,MEYER_R
5100000680,1000,2025,2025-05-19,470000,Instandhaltung,377.25,S,V10026,Rechnung V10026 05/2025,FISCHER_L,BAUER_C
5100000681,1000,2025,2025-09-30,440000,IT-Dienstleistungen,1820.45,S,V10035,Rechnung V10035 09/2025,HOFFMANN_S,BAUER_C
5100000682,1000,2025,2025-07-31,440000,IT-Dienstleistungen,1339.61,S,V10031,Rechnung V10031 07/2025,WEBER_K,BAUER_C
5100000683,1000,2025,2025-01-03,450000,Mietaufwand,3651.01,S,V10027,Rechnung V10027 01/2025,BECKER_M,MEYER_R
5100000684,1000,2025,2025-07-29,430000,Beratungskosten,213.98,S,V10032,Rechnung V10032 07/2025,KOCH_J,WAGNER_P
5100000685,1000,2025,2025-10-22,400000,Materialaufwand,245.51,S,V10012,Rechnung V10012 10/2025,WEBER_K,BAUER_C
5100000686,1000,2025,2025-10-30,440000,IT-Dienstleistungen,228.93,S,V10017,Rechnung V10017 10/2025,WEBER_K,MEYER_R
5100000687,1000,2025,2025-05-21,460000,Werbekosten,1746.35,S,V10016,Rechnung V10016 05/2025,WEBER_K,BAUER_C
5100000688,1000,2025,2025-03-27,420000,Reisekosten,5417.55,S,V10032,Rechnung V10032 03/2025,KOCH_J,MEYER_R
5100000689,1000,2025,2025-04-24,460000,Werbekosten,236.48,S,V10017,Rechnung V10017 04/2025,BECKER_M,BAUER_C
5100000690,1000,2025,2025-04-17,460000,Werbekosten,249.73,S,V10038,Rechnung V10038 04/2025,KOCH_J,WAGNER_P
5100000691,1000,2025,2025-05-08,410000,Bürobedarf,814.46,S,V10008,Rechnung V10008 05/2025,KOCH_J,BAUER_C
5100000692,1000,2025,2025-04-22,440000,IT-Dienstleistungen,332.55,S,V10007,Rechnung V10007 04/2025,FISCHER_L,WAGNER_P
5100000693,1000,2025,2025-06-20,450000,Mietaufwand,2260.37,S,V10029,Rechnung V10029 06/2025,SCHMIDT_A,BAUER_C
5100000694,1000,2025,2025-01-17,430000,Beratungskosten,13.43,S,V10031,Rechnung V10031 01/2025,WEBER_K,BAUER_C
5100000695,1000,2025,2025-04-09,450000,Mietaufwand,10000.0,S,V10028,Rechnung V10028 04/2025,BECKER_M,MEYER_R
5100000696,1000,2025,2025-04-25,470000,Instandhaltung,140.91,S,V10013,Rechnung V10013 04/2025,FISCHER_L,WAGNER_P
5100000697,1000,2025,2025-02-26,450000,Mietaufwand,12.03,S,V10001,Rechnung V10001 02/2025,SCHMIDT_A,WAGNER_P
5100000698,1000,2025,2025-11-17,460000,Werbekosten,105.44,S,V10013,Rechnung V10013 11/2025,KOCH_J,WAGNER_P
5100000699,1000,2025,2025-09-04,460000,Werbekosten,113.95,S,V10019,Rechnung V10019 09/2025,WEBER_K,BAUER_C
5100000700,1000,2025,2025-11-27,460000,Werbekosten,357.18,S,V10017,Rechnung V10017 11/2025,BECKER_M,MEYER_R
5100000701,1000,2025,2025-07-28,460000,Werbekosten,2924.11,S,V10037,Rechnung V10037 07/2025,KOCH_J,MEYER_R
5100000702,1000,2025,2025-02-11,410000,Bürobedarf,332.92,S,V10035,Rechnung V10035 02/2025,BECKER_M,WAGNER_P
5100000703,1000,2025,2025-12-26,400000,Materialaufwand,94.7,S,V10032,Rechnung V10032 11/2025,HOFFMANN_S,BAUER_C
5100000704,1000,2025,2025-06-20,410000,Bürobedarf,449.83,S,V10001,Rechnung V10001 06/2025,SCHMIDT_A,MEYER_R
5100000705,1000,2025,2025-09-09,410000,Bürobedarf,2640.38,S,V10006,Rechnung V10006 09/2025,HOFFMANN_S,WAGNER_P
5100000706,1000,2025,2025-05-21,450000,Mietaufwand,103.39,S,V10018,Rechnung V10018 05/2025,KOCH_J,BAUER_C
5100000707,1000,2025,2025-07-03,440000,IT-Dienstleistungen,114.79,S,V10025,Rechnung V10025 07/2025,KOCH_J,WAGNER_P
5100000708,1000,2025,2025-07-02,430000,Beratungskosten,1204.33,S,V10028,Rechnung V10028 07/2025,SCHMIDT_A,WAGNER_P
5100000709,1000,2025,2025-04-14,400000,Materialaufwand,345.69,S,V10012,Rechnung V10012 04/2025,WEBER_K,WAGNER_P
5100000710,1000,2025,2025-07-24,450000,Mietaufwand,1388.49,S,V10005,Rechnung V10005 07/2025,SCHMIDT_A,BAUER_C
5100000711,1000,2025,2025-09-25,420000,Reisekosten,482.11,S,V10014,Rechnung V10014 09/2025,KOCH_J,BAUER_C
5100000712,1000,2025,2025-01-10,460000,Werbekosten,1514.23,S,V10032,Rechnung V10032 01/2025,WEBER_K,WAGNER_P
5100000713,1000,2025,2025-02-18,400000,Materialaufwand,94.05,S,V10040,Rechnung V10040 02/2025,BECKER_M,WAGNER_P
5100000714,1000,2025,2025-11-04,420000,Reisekosten,483.31,S,V10038,Rechnung V10038 11/2025,FISCHER_L,MEYER_R
5100000715,1000,2025,2025-07-30,400000,Materialaufwand,351.74,S,V10024,Rechnung V10024 07/2025,HOFFMANN_S,WAGNER_P
5100000716,1000,2025,2025-12-19,420000,Reisekosten,70.43,S,V10004,Rechnung V10004 12/2025,KOCH_J,BAUER_C
5100000717,1000,2025,2025-08-12,470000,Instandhaltung,20000.0,S,V10039,Rechnung V10039 08/2025,WEBER_K,WAGNER_P
5100000718,1000,2025,2025-08-28,430000,Beratungskosten,1476.16,S,V10007,Rechnung V10007 08/2025,HOFFMANN_S,BAUER_C
5100000719,1000,2025,2025-11-24,430000,Beratungskosten,281.03,S,V10011,Rechnung V10011 11/2025,WEBER_K,WAGNER_P
5100000720,1000,2025,2025-09-01,420000,Reisekosten,96.0,S,V10039,Rechnung V10039 09/2025,WEBER_K,BAUER_C
5100000721,1000,2025,2025-05-02,420000,Reisekosten,422.47,S,V10021,Rechnung V10021 05/2025,SCHMIDT_A,BAUER_C
5100000722,1000,2025,2025-07-15,450000,Mietaufwand,2995.39,S,V10008,Rechnung V10008 07/2025,FISCHER_L,WAGNER_P
5100000723,1000,2025,2025-03-26,470000,Instandhaltung,12.82,S,V10021,Rechnung V10021 03/2025,BECKER_M,BAUER_C
5100000724,1000,2025,2025-05-05,450000,Mietaufwand,44.94,S,V10004,Rechnung V10004 05/2025,HOFFMANN_S,BAUER_C
5100000725,1000,2025,2025-09-08,450000,Mietaufwand,112.55,S,V10013,Rechnung V10013 09/2025,KOCH_J,MEYER_R
5100000726,1000,2025,2025-02-25,430000,Beratungskosten,5104.54,S,V10039,Rechnung V10039 02/2025,BECKER_M,MEYER_R
5100000727,1000,2025,2025-09-03,400000,Materialaufwand,774.44,S,V10012,Rechnung V10012 09/2025,FISCHER_L,BAUER_C
5100000728,1000,2025,2025-08-05,450000,Mietaufwand,1681.95,S,V10036,Rechnung V10036 08/2025,WEBER_K,WAGNER_P
5100000729,1000,2025,2025-04-24,460000,Werbekosten,79.5,S,V10022,Rechnung V10022 04/2025,KOCH_J,MEYER_R
5100000730,1000,2025,2025-01-20,440000,IT-Dienstleistungen,82.17,S,V10027,Rechnung V10027 01/2025,FISCHER_L,BAUER_C
5100000731,1000,2025,2025-09-16,400000,Materialaufwand,1008.79,S,V10029,Rechnung V10029 09/2025,HOFFMANN_S,WAGNER_P
5100000732,1000,2025,2025-10-29,450000,Mietaufwand,540.9,S,V10023,Rechnung V10023 10/2025,BECKER_M,MEYER_R
5100000733,1000,2025,2025-09-24,470000,Instandhaltung,1185.57,S,V10002,Rechnung V10002 09/2025,KOCH_J,MEYER_R
5100000734,1000,2025,2025-06-05,410000,Bürobedarf,364.94,S,V10037,Rechnung V10037 06/2025,KOCH_J,BAUER_C
5100000735,1000,2025,2025-08-28,410000,Bürobedarf,768.95,S,V10020,Rechnung V10020 08/2025,HOFFMANN_S,BAUER_C
5100000736,1000,2025,2025-06-03,450000,Mietaufwand,634.6,S,V10027,Rechnung V10027 06/2025,BECKER_M,WAGNER_P
5100000737,1000,2025,2025-05-13,420000,Reisekosten,1710.31,S,V10023,Rechnung V10023 05/2025,SCHMIDT_A,BAUER_C
5100000738,1000,2025,2025-04-30,450000,Mietaufwand,1792.23,S,V10027,Rechnung V10027 04/2025,SCHMIDT_A,MEYER_R
5100000739,1000,2025,2025-03-18,450000,Mietaufwand,36.9,S,V10015,Rechnung V10015 03/2025,BECKER_M,BAUER_C
5100000740,1000,2025,2025-12-18,420000,Reisekosten,13.52,S,V10034,Rechnung V10034 12/2025,HOFFMANN_S,MEYER_R
5100000741,1000,2025,2025-09-02,400000,Materialaufwand,2447.43,S,V10009,Rechnung V10009 09/2025,HOFFMANN_S,WAGNER_P
5100000742,1000,2025,2025-03-05,440000,IT-Dienstleistungen,3295.65,S,V10027,Rechnung V10027 03/2025,WEBER_K,BAUER_C
5100000743,1000,2025,2025-11-12,430000,Beratungskosten,96.26,S,V10024,Rechnung V10024 11/2025,BECKER_M,WAGNER_P
5100000744,1000,2025,2025-02-25,460000,Werbekosten,25.14,S,V10021,Rechnung V10021 02/2025,KOCH_J,BAUER_C
5100000745,1000,2025,2025-08-07,420000,Reisekosten,577.35,S,V10001,Rechnung V10001 08/2025,SCHMIDT_A,WAGNER_P
5100000746,1000,2025,2025-03-03,410000,Bürobedarf,2184.93,S,V10016,Rechnung V10016 03/2025,FISCHER_L,MEYER_R
5100000747,1000,2025,2025-05-14,460000,Werbekosten,8744.25,S,V10002,Rechnung V10002 05/2025,KOCH_J,MEYER_R
5100000748,1000,2025,2025-08-29,450000,Mietaufwand,1125.61,S,V10021,Rechnung V10021 08/2025,WEBER_K,MEYER_R
5100000749,1000,2025,2025-12-31,440000,IT-Dienstleistungen,271.85,S,V10028,Rechnung V10028 12/2025,WEBER_K,MEYER_R
5100000750,1000,2025,2025-12-29,470000,Instandhaltung,118.04,S,V10021,Rechnung V10021 12/2025,FISCHER_L,MEYER_R
5100000751,1000,2025,2025-11-21,460000,Werbekosten,501.86,S,V10031,Rechnung V10031 11/2025,HOFFMANN_S,BAUER_C
5100000752,1000,2025,2025-03-26,460000,Werbekosten,305.26,S,V10015,Rechnung V10015 03/2025,WEBER_K,MEYER_R
5100000753,1000,2025,2025-02-05,460000,Werbekosten,97.11,S,V10013,Rechnung V10013 02/2025,HOFFMANN_S,MEYER_R
5100000754,1000,2025,2025-11-26,430000,Beratungskosten,13069.14,S,V10018,Rechnung V10018 11/2025,WEBER_K,BAUER_C
5100000755,1000,2025,2025-12-02,400000,Materialaufwand,8572.11,S,V10010,Rechnung V10010 12/2025,FISCHER_L,WAGNER_P
5100000756,1000,2025,2025-04-10,440000,IT-Dienstleistungen,3034.12,S,V10033,Rechnung V10033 04/2025,BECKER_M,MEYER_R
5100000757,1000,2025,2025-01-09,460000,Werbekosten,112.92,S,V10033,Rechnung V10033 01/2025,SCHMIDT_A,BAUER_C
5100000758,1000,2025,2025-08-26,470000,Instandhaltung,1935.33,S,V10017,Rechnung V10017 08/2025,HOFFMANN_S,MEYER_R
5100000759,1000,2025,2025-01-30,450000,Mietaufwand,1371.15,S,V10032,Rechnung V10032 01/2025,HOFFMANN_S,BAUER_C
5100000760,1000,2025,2025-01-17,440000,IT-Dienstleistungen,1000.32,S,V10002,Rechnung V10002 01/2025,KOCH_J,MEYER_R
5100000761,1000,2025,2025-12-08,440000,IT-Dienstleistungen,3639.0,S,V10007,Rechnung V10007 12/2025,WEBER_K,WAGNER_P
5100000762,1000,2025,2025-07-03,400000,Materialaufwand,1361.84,S,V10012,Rechnung V10012 07/2025,FISCHER_L,WAGNER_P
5100000763,1000,2025,2025-02-12,400000,Materialaufwand,1610.05,S,V10016,Rechnung V10016 02/2025,KOCH_J,WAGNER_P
5100000764,1000,2025,2025-08-28,400000,Materialaufwand,1365.19,S,V10010,Rechnung V10010 08/2025,SCHMIDT_A,BAUER_C
5100000765,1000,2025,2025-05-16,470000,Instandhaltung,850.03,S,V10021,Rechnung V10021 05/2025,FISCHER_L,WAGNER_P
5100000766,1000,2025,2025-07-18,460000,Werbekosten,28.4,S,V10032,Rechnung V10032 07/2025,FISCHER_L,WAGNER_P
5100000767,1000,2025,2025-11-24,420000,Reisekosten,563.29,S,V10019,Rechnung V10019 11/2025,FISCHER_L,MEYER_R
5100000768,1000,2025,2025-03-27,430000,Beratungskosten,202.37,S,V10018,Rechnung V10018 03/2025,FISCHER_L,WAGNER_P
5100000769,1000,2025,2025-08-26,430000,Beratungskosten,63.58,S,V10003,Rechnung V10003 08/2025,HOFFMANN_S,BAUER_C
5100000770,1000,2025,2025-10-30,410000,Bürobedarf,7265.6,S,V10012,Rechnung V10012 10/2025,WEBER_K,BAUER_C
5100000771,1000,2025,2025-06-05,430000,Beratungskosten,7835.29,S,V10033,Rechnung V10033 06/2025,KOCH_J,WAGNER_P
5100000772,1000,2025,2025-12-18,420000,Reisekosten,4336.2,S,V10033,Rechnung V10033 12/2025,KOCH_J,WAGNER_P
5100000773,1000,2025,2025-06-17,430000,Beratungskosten,4715.87,S,V10005,Rechnung V10005 06/2025,KOCH_J,WAGNER_P
5100000774,1000,2025,2025-06-20,460000,Werbekosten,4276.97,S,V10001,Rechnung V10001 06/2025,KOCH_J,BAUER_C
5100000775,1000,2025,2025-11-19,400000,Materialaufwand,502.34,S,V10034,Rechnung V10034 11/2025,WEBER_K,BAUER_C
5100000776,1000,2025,2025-08-21,430000,Beratungskosten,681.62,S,V10007,Rechnung V10007 08/2025,SCHMIDT_A,WAGNER_P
5100000777,1000,2025,2025-11-13,470000,Instandhaltung,85.67,S,V10023,Rechnung V10023 11/2025,FISCHER_L,BAUER_C
5100000778,1000,2025,2025-10-16,460000,Werbekosten,930.0,S,V10034,Rechnung V10034 10/2025,HOFFMANN_S,MEYER_R
5100000779,1000,2025,2025-09-18,460000,Werbekosten,542.73,S,V10032,Rechnung V10032 09/2025,KOCH_J,BAUER_C
5100000780,1000,2025,2025-03-28,450000,Mietaufwand,61.3,S,V10023,Rechnung V10023 03/2025,BECKER_M,BAUER_C
5100000781,1000,2025,2025-05-27,400000,Materialaufwand,453.99,S,V10016,Rechnung V10016 05/2025,HOFFMANN_S,BAUER_C
5100000782,1000,2025,2025-11-12,470000,Instandhaltung,433.73,S,V10031,Rechnung V10031 11/2025,WEBER_K,WAGNER_P
5100000783,1000,2025,2025-08-15,450000,Mietaufwand,8743.78,S,V10028,Rechnung V10028 08/2025,KOCH_J,BAUER_C
5100000784,1000,2025,2025-04-11,470000,Instandhaltung,2060.58,S,V10034,Rechnung V10034 04/2025,BECKER_M,WAGNER_P
5100000785,1000,2025,2025-04-30,470000,Instandhaltung,501.86,S,V10021,Rechnung V10021 04/2025,SCHMIDT_A,BAUER_C
5100000786,1000,2025,2025-10-10,420000,Reisekosten,733.67,S,V10038,Rechnung V10038 10/2025,SCHMIDT_A,MEYER_R
5100000787,1000,2025,2025-03-06,400000,Materialaufwand,528.87,S,V10031,Rechnung V10031 03/2025,WEBER_K,WAGNER_P
5100000788,1000,2025,2025-02-12,450000,Mietaufwand,356.14,S,V10003,Rechnung V10003 02/2025,SCHMIDT_A,WAGNER_P
5100000789,1000,2025,2025-10-08,430000,Beratungskosten,87.19,S,V10012,Rechnung V10012 10/2025,WEBER_K,BAUER_C
5100000790,1000,2025,2025-04-15,400000,Materialaufwand,386.96,S,V10032,Rechnung V10032 04/2025,KOCH_J,BAUER_C
5100000791,1000,2025,2025-10-08,420000,Reisekosten,149.34,S,V10005,Rechnung V10005 10/2025,WEBER_K,BAUER_C
5100000792,1000,2025,2025-07-17,470000,Instandhaltung,66.65,S,V10029,Rechnung V10029 07/2025,BECKER_M,MEYER_R
5100000793,1000,2025,2025-12-31,420000,Reisekosten,1116.5,S,V10014,Rechnung V10014 12/2025,KOCH_J,WAGNER_P
5100000794,1000,2025,2025-07-15,420000,Reisekosten,921.52,S,V10009,Rechnung V10009 07/2025,WEBER_K,MEYER_R
5100000795,1000,2025,2025-11-12,450000,Mietaufwand,28.25,S,V10022,Rechnung V10022 11/2025,HOFFMANN_S,BAUER_C
5100000796,1000,2025,2025-11-06,450000,Mietaufwand,404.93,S,V10038,Rechnung V10038 11/2025,FISCHER_L,MEYER_R
5100000797,1000,2025,2025-03-18,420000,Reisekosten,2423.87,S,V10036,Rechnung V10036 03/2025,WEBER_K,WAGNER_P
5100000798,1000,2025,2025-12-31,460000,Werbekosten,2683.18,S,V10017,Rechnung V10017 12/2025,KOCH_J,WAGNER_P
5100000799,1000,2025,2025-09-30,430000,Beratungskosten,4633.81,S,V10001,Rechnung V10001 09/2025,KOCH_J,BAUER_C
5100000800,1000,2025,2025-02-10,410000,Bürobedarf,524.4,S,V10036,Rechnung V10036 02/2025,FISCHER_L,BAUER_C
5100000801,1000,2025,2025-01-03,420000,Reisekosten,127.48,S,V10036,Rechnung V10036 01/2025,HOFFMANN_S,BAUER_C
5100000802,1000,2025,2025-04-08,460000,Werbekosten,87.02,S,V10025,Rechnung V10025 04/2025,KOCH_J,WAGNER_P
5100000803,1000,2025,2025-01-09,400000,Materialaufwand,855.23,S,V10026,Rechnung V10026 01/2025,HOFFMANN_S,MEYER_R
5100000804,1000,2025,2025-05-13,400000,Materialaufwand,904.02,S,V10022,Rechnung V10022 05/2025,KOCH_J,BAUER_C
5100000805,1000,2025,2025-12-31,450000,Mietaufwand,3865.05,S,V10001,Rechnung V10001 12/2025,WEBER_K,MEYER_R
5100000806,1000,2025,2025-06-27,430000,Beratungskosten,2863.98,S,V10007,Rechnung V10007 06/2025,FISCHER_L,WAGNER_P
5100000807,1000,2025,2025-01-10,420000,Reisekosten,398.79,S,V10006,Rechnung V10006 01/2025,WEBER_K,WAGNER_P
5100000808,1000,2025,2025-07-03,430000,Beratungskosten,67.31,S,V10037,Rechnung V10037 07/2025,HOFFMANN_S,WAGNER_P
5100000809,1000,2025,2025-03-20,410000,Bürobedarf,295.72,S,V10002,Rechnung V10002 03/2025,HOFFMANN_S,BAUER_C
5100000810,1000,2025,2025-11-10,420000,Reisekosten,697.55,S,V10023,Rechnung V10023 11/2025,BECKER_M,MEYER_R
5100000811,1000,2025,2025-02-04,410000,Bürobedarf,356.62,S,V10015,Rechnung V10015 02/2025,BECKER_M,WAGNER_P
5100000812,1000,2025,2025-10-09,440000,IT-Dienstleistungen,195.46,S,V10001,Rechnung V10001 10/2025,HOFFMANN_S,MEYER_R
5100000813,1000,2025,2025-06-16,450000,Mietaufwand,738.5,S,V10037,Rechnung V10037 06/2025,WEBER_K,BAUER_C
5100000814,1000,2025,2025-01-09,470000,Instandhaltung,220.01,S,V10001,Rechnung V10001 01/2025,FISCHER_L,BAUER_C
5100000815,1000,2025,2025-09-04,400000,Materialaufwand,180.39,S,V10035,Rechnung V10035 09/2025,HOFFMANN_S,WAGNER_P
5100000816,1000,2025,2025-06-18,420000,Reisekosten,811.05,S,V10032,Rechnung V10032 06/2025,SCHMIDT_A,MEYER_R
5100000817,1000,2025,2025-10-09,420000,Reisekosten,259.0,S,V10032,Rechnung V10032 10/2025,KOCH_J,MEYER_R
5100000818,1000,2025,2025-08-15,440000,IT-Dienstleistungen,728.19,S,V10007,Rechnung V10007 08/2025,WEBER_K,MEYER_R
5100000819,1000,2025,2025-10-15,430000,Beratungskosten,4569.56,S,V10036,Rechnung V10036 10/2025,KOCH_J,WAGNER_P
5100000820,1000,2025,2025-06-23,470000,Instandhaltung,79.59,S,V10024,Rechnung V10024 06/2025,BECKER_M,BAUER_C
5100000821,1000,2025,2025-01-03,470000,Instandhaltung,228.15,S,V10017,Rechnung V10017 01/2025,KOCH_J,MEYER_R
5100000822,1000,2025,2025-02-18,460000,Werbekosten,4916.95,S,V10028,Rechnung V10028 02/2025,HOFFMANN_S,WAGNER_P
5100000823,1000,2025,2025-06-20,410000,Bürobedarf,76.76,S,V10014,Rechnung V10014 06/2025,BECKER_M,WAGNER_P
5100000824,1000,2025,2025-05-27,400000,Materialaufwand,16.67,S,V10012,Rechnung V10012 05/2025,HOFFMANN_S,MEYER_R
5100000825,1000,2025,2025-10-17,470000,Instandhaltung,25.05,S,V10012,Rechnung V10012 10/2025,FISCHER_L,WAGNER_P
5100000826,1000,2025,2025-06-02,470000,Instandhaltung,516.24,S,V10023,Rechnung V10023 06/2025,BECKER_M,BAUER_C
5100000827,1000,2025,2025-11-11,420000,Reisekosten,517.74,S,V10025,Rechnung V10025 11/2025,KOCH_J,BAUER_C
5100000828,1000,2025,2025-03-10,400000,Materialaufwand,408.23,S,V10010,Rechnung V10010 03/2025,SCHMIDT_A,WAGNER_P
5100000829,1000,2025,2025-05-22,450000,Mietaufwand,3438.2,S,V10010,Rechnung V10010 05/2025,FISCHER_L,MEYER_R
5100000830,1000,2025,2025-10-06,440000,IT-Dienstleistungen,6.84,S,V10038,Rechnung V10038 10/2025,SCHMIDT_A,BAUER_C
5100000831,1000,2025,2025-02-17,470000,Instandhaltung,20000.0,S,V10021,Rechnung V10021 02/2025,BECKER_M,MEYER_R
5100000832,1000,2025,2025-04-29,440000,IT-Dienstleistungen,5992.72,S,V10035,Rechnung V10035 04/2025,HOFFMANN_S,BAUER_C
5100000833,1000,2025,2025-10-01,460000,Werbekosten,81.09,S,V10014,Rechnung V10014 10/2025,SCHMIDT_A,BAUER_C
5100000834,1000,2025,2025-08-06,460000,Werbekosten,268.35,S,V10012,Rechnung V10012 08/2025,BECKER_M,MEYER_R
5100000835,1000,2025,2025-10-13,400000,Materialaufwand,147.73,S,V10012,Rechnung V10012 10/2025,FISCHER_L,BAUER_C
5100000836,1000,2025,2025-07-10,410000,Bürobedarf,117.81,S,V10022,Rechnung V10022 07/2025,HOFFMANN_S,MEYER_R
5100000837,1000,2025,2025-11-10,460000,Werbekosten,292.36,S,V10032,Rechnung V10032 11/2025,WEBER_K,WAGNER_P
5100000838,1000,2025,2025-11-17,410000,Bürobedarf,4836.64,S,V10021,Rechnung V10021 11/2025,SCHMIDT_A,MEYER_R
5100000839,1000,2025,2025-12-19,410000,Bürobedarf,9319.08,S,V10012,Rechnung V10012 12/2025,SCHMIDT_A,MEYER_R
5100000840,1000,2025,2025-02-14,460000,Werbekosten,287.87,S,V10039,Rechnung V10039 02/2025,FISCHER_L,BAUER_C
5100000841,1000,2025,2025-08-06,410000,Bürobedarf,10384.78,S,V10023,Rechnung V10023 08/2025,FISCHER_L,WAGNER_P
5100000842,1000,2025,2025-02-12,410000,Bürobedarf,521.61,S,V10016,Rechnung V10016 02/2025,KOCH_J,WAGNER_P
5100000843,1000,2025,2025-03-25,400000,Materialaufwand,8151.08,S,V10001,Rechnung V10001 03/2025,FISCHER_L,WAGNER_P
5100000844,1000,2025,2025-04-22,430000,Beratungskosten,424.42,S,V10023,Rechnung V10023 04/2025,WEBER_K,BAUER_C
5100000845,1000,2025,2025-08-26,450000,Mietaufwand,607.71,S,V10025,Rechnung V10025 08/2025,HOFFMANN_S,BAUER_C
5100000846,1000,2025,2025-06-10,450000,Mietaufwand,884.27,S,V10038,Rechnung V10038 06/2025,SCHMIDT_A,WAGNER_P
5100000847,1000,2025,2025-11-12,470000,Instandhaltung,79711.24,S,V10010,Rechnung V10010 11/2025,FISCHER_L,MEYER_R
5100000848,1000,2025,2025-04-17,450000,Mietaufwand,1923.8,S,V10007,Rechnung V10007 04/2025,BECKER_M,MEYER_R
5100000849,1000,2025,2025-08-15,460000,Werbekosten,158.92,S,V10040,Rechnung V10040 08/2025,WEBER_K,WAGNER_P
5100000850,1000,2025,2025-10-07,410000,Bürobedarf,2322.49,S,V10023,Rechnung V10023 10/2025,BECKER_M,MEYER_R
5100000851,1000,2025,2025-12-23,420000,Reisekosten,276.18,S,V10002,Rechnung V10002 12/2025,FISCHER_L,MEYER_R
5100000852,1000,2025,2025-03-31,420000,Reisekosten,225.07,S,V10005,Rechnung V10005 03/2025,KOCH_J,MEYER_R
5100000853,1000,2025,2025-09-25,400000,Materialaufwand,2108.56,S,V10020,Rechnung V10020 09/2025,WEBER_K,BAUER_C
5100000854,1000,2025,2025-02-03,470000,Instandhaltung,517.88,S,V10025,Rechnung V10025 02/2025,KOCH_J,WAGNER_P
5100000855,1000,2025,2025-07-21,410000,Bürobedarf,769.49,S,V10010,Rechnung V10010 07/2025,BECKER_M,BAUER_C
5100000856,1000,2025,2025-06-03,430000,Beratungskosten,503.9,S,V10015,Rechnung V10015 06/2025,HOFFMANN_S,WAGNER_P
5100000857,1000,2025,2025-12-15,420000,Reisekosten,844.32,S,V10030,Rechnung V10030 12/2025,WEBER_K,WAGNER_P
5100000858,1000,2025,2025-10-10,400000,Materialaufwand,972.57,S,V10039,Rechnung V10039 10/2025,SCHMIDT_A,BAUER_C
5100000859,1000,2025,2025-12-03,470000,Instandhaltung,22.22,S,V10020,Rechnung V10020 12/2025,HOFFMANN_S,BAUER_C
5100000860,1000,2025,2025-11-06,410000,Bürobedarf,1431.55,S,V10017,Rechnung V10017 11/2025,FISCHER_L,MEYER_R
5100000861,1000,2025,2025-06-02,400000,Materialaufwand,102.39,S,V10015,Rechnung V10015 06/2025,WEBER_K,MEYER_R
5100000862,1000,2025,2025-09-25,420000,Reisekosten,49.02,S,V10006,Rechnung V10006 09/2025,KOCH_J,WAGNER_P
5100000863,1000,2025,2025-01-14,410000,Bürobedarf,448.78,S,V10003,Rechnung V10003 01/2025,WEBER_K,MEYER_R
5100000864,1000,2025,2025-07-25,470000,Instandhaltung,563.61,S,V10034,Rechnung V10034 07/2025,FISCHER_L,MEYER_R
5100000865,1000,2025,2025-01-20,410000,Bürobedarf,162.45,S,V10002,Rechnung V10002 01/2025,HOFFMANN_S,MEYER_R
5100000866,1000,2025,2025-09-23,420000,Reisekosten,1862.46,S,V10033,Rechnung V10033 09/2025,KOCH_J,BAUER_C
5100000867,1000,2025,2025-12-17,420000,Reisekosten,57.54,S,V10010,Rechnung V10010 12/2025,KOCH_J,WAGNER_P
5100000868,1000,2025,2025-09-08,400000,Materialaufwand,256.95,S,V10028,Rechnung V10028 09/2025,BECKER_M,MEYER_R
5100000869,1000,2025,2025-11-03,400000,Materialaufwand,193.29,S,V10039,Rechnung V10039 11/2025,SCHMIDT_A,BAUER_C
5100000870,1000,2025,2025-03-26,440000,IT-Dienstleistungen,457.36,S,V10030,Rechnung V10030 03/2025,SCHMIDT_A,WAGNER_P
5100000871,1000,2025,2025-12-30,410000,Bürobedarf,769.84,S,V10030,Rechnung V10030 12/2025,HOFFMANN_S,BAUER_C
5100000872,1000,2025,2025-07-23,400000,Materialaufwand,98.24,S,V10011,Rechnung V10011 07/2025,BECKER_M,MEYER_R
5100000873,1000,2025,2025-09-04,420000,Reisekosten,1570.03,S,V10024,Rechnung V10024 09/2025,SCHMIDT_A,BAUER_C
5100000874,1000,2025,2025-10-09,420000,Reisekosten,545.01,S,V10026,Rechnung V10026 10/2025,HOFFMANN_S,MEYER_R
5100000875,1000,2025,2025-08-22,430000,Beratungskosten,23.88,S,V10018,Rechnung V10018 08/2025,KOCH_J,WAGNER_P
5100000876,1000,2025,2025-04-28,470000,Instandhaltung,21.46,S,V10002,Rechnung V10002 04/2025,SCHMIDT_A,WAGNER_P
5100000877,1000,2025,2025-08-13,420000,Reisekosten,483.13,S,V10037,Rechnung V10037 08/2025,HOFFMANN_S,MEYER_R
5100000878,1000,2025,2025-08-28,450000,Mietaufwand,346.0,S,V10008,Rechnung V10008 08/2025,FISCHER_L,WAGNER_P
5100000879,1000,2025,2025-11-10,460000,Werbekosten,417.6,S,V10039,Rechnung V10039 11/2025,FISCHER_L,MEYER_R
5100000880,1000,2025,2025-06-30,400000,Materialaufwand,471.17,S,V10038,Rechnung V10038 06/2025,HOFFMANN_S,WAGNER_P
5100000881,1000,2025,2025-07-07,440000,IT-Dienstleistungen,706.9,S,V10001,Rechnung V10001 07/2025,WEBER_K,BAUER_C
5100000882,1000,2025,2025-07-07,430000,Beratungskosten,2244.5,S,V10030,Rechnung V10030 07/2025,SCHMIDT_A,MEYER_R
5100000883,1000,2025,2025-02-12,440000,IT-Dienstleistungen,83.28,S,V10026,Rechnung V10026 02/2025,KOCH_J,WAGNER_P
5100000884,1000,2025,2025-02-04,410000,Bürobedarf,75.55,S,V10010,Rechnung V10010 02/2025,FISCHER_L,BAUER_C
5100000885,1000,2025,2025-01-10,430000,Beratungskosten,85.69,S,V10033,Rechnung V10033 01/2025,WEBER_K,MEYER_R
5100000886,1000,2025,2025-09-02,400000,Materialaufwand,782.32,S,V10005,Rechnung V10005 09/2025,HOFFMANN_S,MEYER_R
5100000887,1000,2025,2025-06-04,470000,Instandhaltung,3611.63,S,V10010,Rechnung V10010 06/2025,WEBER_K,MEYER_R
5100000888,1000,2025,2025-11-12,440000,IT-Dienstleistungen,247.12,S,V10038,Rechnung V10038 11/2025,HOFFMANN_S,WAGNER_P
5100000889,1000,2025,2025-09-15,400000,Materialaufwand,9.0,S,V10030,Rechnung V10030 09/2025,SCHMIDT_A,MEYER_R
5100000890,1000,2025,2025-02-21,440000,IT-Dienstleistungen,32.25,S,V10005,Rechnung V10005 02/2025,BECKER_M,BAUER_C
5100000891,1000,2025,2025-02-07,470000,Instandhaltung,129.95,S,V10006,Rechnung V10006 02/2025,FISCHER_L,MEYER_R
5100000892,1000,2025,2025-05-15,450000,Mietaufwand,201.87,S,V10011,Rechnung V10011 05/2025,KOCH_J,WAGNER_P
5100000893,1000,2025,2025-12-02,420000,Reisekosten,256.36,S,V10003,Rechnung V10003 12/2025,BECKER_M,MEYER_R
5100000894,1000,2025,2025-01-21,470000,Instandhaltung,524.12,S,V10008,Rechnung V10008 01/2025,KOCH_J,MEYER_R
5100000895,1000,2025,2025-03-10,410000,Bürobedarf,299.23,S,V10023,Rechnung V10023 03/2025,WEBER_K,MEYER_R
5100000896,1000,2025,2025-01-14,410000,Bürobedarf,2641.08,S,V10001,Rechnung V10001 01/2025,FISCHER_L,WAGNER_P
5100000897,1000,2025,2025-06-03,410000,Bürobedarf,167.06,S,V10012,Rechnung V10012 06/2025,HOFFMANN_S,MEYER_R
5100000898,1000,2025,2025-12-29,470000,Instandhaltung,124.0,S,V10013,Rechnung V10013 12/2025,SCHMIDT_A,MEYER_R
5100000899,1000,2025,2025-09-08,450000,Mietaufwand,1060.19,S,V10039,Rechnung V10039 09/2025,KOCH_J,WAGNER_P
5100000900,1000,2025,2025-07-03,440000,IT-Dienstleistungen,42.22,S,V10039,Rechnung V10039 07/2025,HOFFMANN_S,WAGNER_P
5100000901,1000,2025,2025-02-24,450000,Mietaufwand,919.2,S,V10034,Rechnung V10034 02/2025,HOFFMANN_S,MEYER_R
5100000902,1000,2025,2025-05-12,420000,Reisekosten,580.61,S,V10014,Rechnung V10014 05/2025,WEBER_K,WAGNER_P
5100000903,1000,2025,2025-07-15,400000,Materialaufwand,389.2,S,V10022,Rechnung V10022 07/2025,HOFFMANN_S,WAGNER_P
5100000904,1000,2025,2025-04-09,430000,Beratungskosten,4500.68,S,V10021,Rechnung V10021 04/2025,KOCH_J,BAUER_C
5100000905,1000,2025,2025-09-16,470000,Instandhaltung,182.08,S,V10035,Rechnung V10035 09/2025,WEBER_K,WAGNER_P
5100000906,1000,2025,2025-12-23,400000,Materialaufwand,13312.74,S,V10030,Rechnung V10030 12/2025,BECKER_M,BAUER_C
5100000907,1000,2025,2025-03-17,400000,Materialaufwand,343.54,S,V10037,Rechnung V10037 03/2025,SCHMIDT_A,MEYER_R
5100000908,1000,2025,2025-04-02,440000,IT-Dienstleistungen,63.87,S,V10023,Rechnung V10023 04/2025,FISCHER_L,MEYER_R
5100000909,1000,2025,2025-02-17,400000,Materialaufwand,551.08,S,V10037,Rechnung V10037 02/2025,SCHMIDT_A,WAGNER_P
5100000910,1000,2025,2025-09-23,450000,Mietaufwand,88.06,S,V10030,Rechnung V10030 09/2025,BECKER_M,MEYER_R
5100000911,1000,2025,2025-06-23,470000,Instandhaltung,148.0,S,V10030,Rechnung V10030 06/2025,BECKER_M,BAUER_C
5100000912,1000,2025,2025-04-11,420000,Reisekosten,930.06,S,V10027,Rechnung V10027 04/2025,BECKER_M,WAGNER_P
5100000913,1000,2025,2025-03-20,420000,Reisekosten,1198.63,S,V10014,Rechnung V10014 03/2025,HOFFMANN_S,WAGNER_P
5100000914,1000,2025,2025-01-28,460000,Werbekosten,182.1,S,V10025,Rechnung V10025 01/2025,KOCH_J,WAGNER_P
5100000915,1000,2025,2025-06-27,420000,Reisekosten,2391.91,S,V10015,Rechnung V10015 06/2025,WEBER_K,MEYER_R
5100000916,1000,2025,2025-09-08,410000,Bürobedarf,3140.11,S,V10026,Rechnung V10026 09/2025,WEBER_K,WAGNER_P
5100000917,1000,2025,2025-03-26,400000,Materialaufwand,4905.36,S,V10011,Rechnung V10011 03/2025,WEBER_K,BAUER_C
5100000918,1000,2025,2025-01-02,460000,Werbekosten,1149.48,S,V10032,Rechnung V10032 01/2025,KOCH_J,WAGNER_P
5100000919,1000,2025,2025-06-26,470000,Instandhaltung,4365.49,S,V10023,Rechnung V10023 06/2025,SCHMIDT_A,WAGNER_P
5100000920,1000,2025,2025-09-04,400000,Materialaufwand,24.31,S,V10029,Rechnung V10029 09/2025,SCHMIDT_A,WAGNER_P
5100000921,1000,2025,2025-05-08,460000,Werbekosten,296.29,S,V10009,Rechnung V10009 05/2025,SCHMIDT_A,WAGNER_P
5100000922,1000,2025,2025-04-01,410000,Bürobedarf,123.07,S,V10032,Rechnung V10032 04/2025,HOFFMANN_S,BAUER_C
5100000923,1000,2025,2025-02-26,410000,Bürobedarf,596.31,S,V10033,Rechnung V10033 02/2025,BECKER_M,BAUER_C
5100000924,1000,2025,2025-09-30,430000,Beratungskosten,197.49,S,V10006,Rechnung V10006 09/2025,KOCH_J,WAGNER_P
5100000925,1000,2025,2025-11-11,430000,Beratungskosten,377.72,S,V10015,Rechnung V10015 11/2025,WEBER_K,BAUER_C
5100000926,1000,2025,2025-10-09,460000,Werbekosten,10011.4,S,V10028,Rechnung V10028 10/2025,FISCHER_L,MEYER_R
5100000927,1000,2025,2025-07-11,450000,Mietaufwand,375.57,S,V10035,Rechnung V10035 07/2025,BECKER_M,MEYER_R
5100000928,1000,2025,2025-09-23,430000,Beratungskosten,4556.63,S,V10030,Rechnung V10030 09/2025,KOCH_J,MEYER_R
5100000929,1000,2025,2025-05-27,440000,IT-Dienstleistungen,339.8,S,V10019,Rechnung V10019 05/2025,KOCH_J,BAUER_C
5100000930,1000,2025,2025-01-13,470000,Instandhaltung,556.21,S,V10012,Rechnung V10012 01/2025,HOFFMANN_S,WAGNER_P
5100000931,1000,2025,2025-05-15,450000,Mietaufwand,497.52,S,V10037,Rechnung V10037 05/2025,SCHMIDT_A,WAGNER_P
5100000932,1000,2025,2025-09-15,410000,Bürobedarf,1009.61,S,V10035,Rechnung V10035 09/2025,KOCH_J,MEYER_R
5100000933,1000,2025,2025-08-26,410000,Bürobedarf,3179.54,S,V10036,Rechnung V10036 08/2025,FISCHER_L,WAGNER_P
5100000934,1000,2025,2025-12-29,430000,Beratungskosten,6876.26,S,V10013,Rechnung V10013 12/2025,FISCHER_L,MEYER_R
5100000935,1000,2025,2025-12-31,430000,Beratungskosten,808.67,S,V10018,Rechnung V10018 12/2025,KOCH_J,WAGNER_P
5100000936,1000,2025,2025-03-28,420000,Reisekosten,1265.57,S,V10010,Rechnung V10010 03/2025,BECKER_M,WAGNER_P
5100000937,1000,2025,2025-01-07,400000,Materialaufwand,78.15,S,V10039,Rechnung V10039 01/2025,WEBER_K,BAUER_C
5100000938,1000,2025,2025-04-09,400000,Materialaufwand,428.12,S,V10035,Rechnung V10035 04/2025,HOFFMANN_S,BAUER_C
5100000939,1000,2025,2025-11-17,440000,IT-Dienstleistungen,2218.23,S,V10007,Rechnung V10007 11/2025,HOFFMANN_S,MEYER_R
5100000940,1000,2025,2025-10-24,470000,Instandhaltung,1969.53,S,V10010,Rechnung V10010 10/2025,WEBER_K,BAUER_C
5100000941,1000,2025,2025-02-06,440000,IT-Dienstleistungen,691.3,S,V10023,Rechnung V10023 02/2025,HOFFMANN_S,WAGNER_P
5100000942,1000,2025,2025-02-28,430000,Beratungskosten,2034.96,S,V10017,Rechnung V10017 02/2025,BECKER_M,WAGNER_P
5100000943,1000,2025,2025-07-28,470000,Instandhaltung,1080.55,S,V10019,Rechnung V10019 07/2025,WEBER_K,WAGNER_P
5100000944,1000,2025,2025-09-01,450000,Mietaufwand,3362.67,S,V10015,Rechnung V10015 09/2025,FISCHER_L,MEYER_R
5100000945,1000,2025,2025-12-23,450000,Mietaufwand,782.88,S,V10027,Rechnung V10027 12/2025,KOCH_J,MEYER_R
5100000946,1000,2025,2025-10-02,440000,IT-Dienstleistungen,278.91,S,V10036,Rechnung V10036 10/2025,WEBER_K,WAGNER_P
5100000947,1000,2025,2025-03-18,460000,Werbekosten,843.32,S,V10037,Rechnung V10037 03/2025,HOFFMANN_S,BAUER_C
5100000949,1000,2025,2025-08-21,440000,IT-Dienstleistungen,909.25,S,V10034,Rechnung V10034 08/2025,KOCH_J,WAGNER_P
5100000950,1000,2025,2025-07-24,440000,IT-Dienstleistungen,1.44,S,V10028,Rechnung V10028 07/2025,WEBER_K,BAUER_C
5100000951,1000,2025,2025-12-02,460000,Werbekosten,31.26,S,V10008,Rechnung V10008 12/2025,WEBER_K,BAUER_C
5100000952,1000,2025,2025-07-31,470000,Instandhaltung,1015.19,S,V10032,Rechnung V10032 07/2025,KOCH_J,WAGNER_P
5100000953,1000,2025,2025-07-07,420000,Reisekosten,1057.91,S,V10015,Rechnung V10015 07/2025,FISCHER_L,MEYER_R
5100000954,1000,2025,2025-04-22,450000,Mietaufwand,76.72,S,V10026,Rechnung V10026 04/2025,BECKER_M,BAUER_C
5100000955,1000,2025,2025-02-03,400000,Materialaufwand,157.69,S,V10029,Rechnung V10029 02/2025,BECKER_M,BAUER_C
5100000956,1000,2025,2025-11-17,440000,IT-Dienstleistungen,4415.45,S,V10038,Rechnung V10038 11/2025,BECKER_M,BAUER_C
5100000957,1000,2025,2025-10-29,470000,Instandhaltung,227.14,S,V10038,Rechnung V10038 10/2025,BECKER_M,BAUER_C
5100000958,1000,2025,2025-02-28,430000,Beratungskosten,4582.33,S,V10033,Rechnung V10033 02/2025,KOCH_J,WAGNER_P
5100000959,1000,2025,2025-09-15,420000,Reisekosten,491.24,S,V10021,Rechnung V10021 09/2025,FISCHER_L,MEYER_R
5100000960,1000,2025,2025-05-15,440000,IT-Dienstleistungen,946.58,S,V10017,Rechnung V10017 05/2025,FISCHER_L,MEYER_R
5100000961,1000,2025,2025-06-12,420000,Reisekosten,6548.55,S,V10018,Rechnung V10018 06/2025,BECKER_M,BAUER_C
5100000962,1000,2025,2025-11-06,430000,Beratungskosten,607.68,S,V10039,Rechnung V10039 11/2025,HOFFMANN_S,WAGNER_P
5100000963,1000,2025,2025-11-04,410000,Bürobedarf,99.11,S,V10009,Rechnung V10009 11/2025,BECKER_M,WAGNER_P
5100000964,1000,2025,2025-03-11,440000,IT-Dienstleistungen,413.41,S,V10021,Rechnung V10021 03/2025,HOFFMANN_S,WAGNER_P
5100000965,1000,2025,2025-04-23,410000,Bürobedarf,465.46,S,V10028,Rechnung V10028 04/2025,FISCHER_L,BAUER_C
5100000966,1000,2025,2025-10-28,430000,Beratungskosten,55.5,S,V10001,Rechnung V10001 10/2025,HOFFMANN_S,WAGNER_P
5100000967,1000,2025,2025-12-01,470000,Instandhaltung,327.23,S,V10026,Rechnung V10026 12/2025,FISCHER_L,MEYER_R
5100000968,1000,2025,2025-01-30,460000,Werbekosten,150.28,S,V10011,Rechnung V10011 01/2025,FISCHER_L,BAUER_C
5100000969,1000,2025,2025-10-31,430000,Beratungskosten,2162.4,S,V10012,Rechnung V10012 10/2025,SCHMIDT_A,WAGNER_P
5100000970,1000,2025,2025-07-02,470000,Instandhaltung,520.81,S,V10025,Rechnung V10025 07/2025,WEBER_K,MEYER_R
5100000971,1000,2025,2025-08-06,400000,Materialaufwand,313.41,S,V10001,Rechnung V10001 08/2025,HOFFMANN_S,MEYER_R
5100000972,1000,2025,2025-01-29,470000,Instandhaltung,415.76,S,V10007,Rechnung V10007 01/2025,SCHMIDT_A,WAGNER_P
5100000973,1000,2025,2025-09-08,420000,Reisekosten,704.15,S,V10019,Rechnung V10019 09/2025,WEBER_K,BAUER_C
5100000974,1000,2025,2025-09-05,460000,Werbekosten,1322.0,S,V10024,Rechnung V10024 09/2025,HOFFMANN_S,MEYER_R
5100000975,1000,2025,2025-09-01,470000,Instandhaltung,99.53,S,V10005,Rechnung V10005 09/2025,KOCH_J,MEYER_R
5100000976,1000,2025,2025-10-16,440000,IT-Dienstleistungen,93.08,S,V10015,Rechnung V10015 10/2025,FISCHER_L,MEYER_R
5100000977,1000,2025,2025-12-10,440000,IT-Dienstleistungen,2885.6,S,V10013,Rechnung V10013 12/2025,FISCHER_L,MEYER_R
5100000978,1000,2025,2025-11-06,450000,Mietaufwand,254.74,S,V10022,Rechnung V10022 11/2025,BECKER_M,WAGNER_P
5100000979,1000,2025,2025-09-30,410000,Bürobedarf,51.06,S,V10013,Rechnung V10013 09/2025,HOFFMANN_S,MEYER_R
5100000980,1000,2025,2025-12-23,410000,Bürobedarf,1002.35,S,V10001,Rechnung V10001 12/2025,FISCHER_L,BAUER_C
5100000981,1000,2025,2025-09-04,420000,Reisekosten,1034.21,S,V10022,Rechnung V10022 09/2025,WEBER_K,WAGNER_P
5100000982,1000,2025,2025-09-04,430000,Beratungskosten,42.56,S,V10034,Rechnung V10034 09/2025,FISCHER_L,WAGNER_P
5100000983,1000,2025,2025-07-21,450000,Mietaufwand,711.35,S,V10024,Rechnung V10024 07/2025,WEBER_K,MEYER_R
5100000984,1000,2025,2025-10-09,420000,Reisekosten,1598.68,S,V10015,Rechnung V10015 10/2025,HOFFMANN_S,MEYER_R
5100000985,1000,2025,2025-01-28,440000,IT-Dienstleistungen,896.97,S,V10020,Rechnung V10020 01/2025,SCHMIDT_A,WAGNER_P
5100000986,1000,2025,2025-07-08,400000,Materialaufwand,1354.48,S,V10006,Rechnung V10006 07/2025,BECKER_M,MEYER_R
5100000987,1000,2025,2025-06-06,400000,Materialaufwand,52.1,S,V10010,Rechnung V10010 06/2025,SCHMIDT_A,WAGNER_P
5100000988,1000,2025,2025-11-28,470000,Instandhaltung,836.87,S,V10018,Rechnung V10018 11/2025,KOCH_J,WAGNER_P
5100000989,1000,2025,2025-01-29,460000,Werbekosten,303.63,S,V10024,Rechnung V10024 01/2025,BECKER_M,WAGNER_P
5100000990,1000,2025,2025-08-25,460000,Werbekosten,227.59,S,V10020,Rechnung V10020 08/2025,SCHMIDT_A,WAGNER_P
5100000991,1000,2025,2025-03-10,420000,Reisekosten,1984.04,S,V10039,Rechnung V10039 03/2025,KOCH_J,BAUER_C
5100000992,1000,2025,2025-11-18,440000,IT-Dienstleistungen,5254.5,S,V10026,Rechnung V10026 11/2025,BECKER_M,BAUER_C
5100000993,1000,2025,2025-11-06,450000,Mietaufwand,8699.25,S,V10001,Rechnung V10001 11/2025,BECKER_M,MEYER_R
5100000994,1000,2025,2025-03-26,420000,Reisekosten,4038.76,S,V10021,Rechnung V10021 03/2025,SCHMIDT_A,WAGNER_P
5100000995,1000,2025,2025-11-13,450000,Mietaufwand,413.4,S,V10024,Rechnung V10024 11/2025,WEBER_K,BAUER_C
5100000996,1000,2025,2025-07-04,450000,Mietaufwand,866.4,S,V10002,Rechnung V10002 07/2025,HOFFMANN_S,BAUER_C
5100000997,1000,2025,2025-12-18,430000,Beratungskosten,1680.62,S,V10016,Rechnung V10016 12/2025,FISCHER_L,MEYER_R
5100000998,1000,2025,2025-09-24,430000,Beratungskosten,598.18,S,V10035,Rechnung V10035 09/2025,BECKER_M,BAUER_C
5100000999,1000,2025,2025-01-15,420000,Reisekosten,607.42,S,V10015,Rechnung V10015 01/2025,KOCH_J,BAUER_C
5100001000,1000,2025,2025-03-14,460000,Werbekosten,1840.89,S,V10019,Rechnung V10019 03/2025,FISCHER_L,WAGNER_P
5100001001,1000,2025,2025-05-28,470000,Instandhaltung,448.16,S,V10009,Rechnung V10009 05/2025,FISCHER_L,BAUER_C
5100001002,1000,2025,2025-03-18,470000,Instandhaltung,153.41,S,V10004,Rechnung V10004 03/2025,HOFFMANN_S,WAGNER_P
5100001003,1000,2025,2025-02-19,460000,Werbekosten,253.88,S,V10013,Rechnung V10013 02/2025,SCHMIDT_A,BAUER_C
5100001004,1000,2025,2025-12-22,420000,Reisekosten,1358.66,S,V10031,Rechnung V10031 12/2025,FISCHER_L,BAUER_C
5100001005,1000,2025,2025-11-13,460000,Werbekosten,495.11,S,V10040,Rechnung V10040 11/2025,KOCH_J,BAUER_C
5100001006,1000,2025,2025-06-11,410000,Bürobedarf,849.24,S,V10027,Rechnung V10027 06/2025,WEBER_K,BAUER_C
5100001007,1000,2025,2025-03-19,470000,Instandhaltung,1439.61,S,V10034,Rechnung V10034 03/2025,WEBER_K,BAUER_C
5100001008,1000,2025,2025-03-07,420000,Reisekosten,270.5,S,V10026,Rechnung V10026 03/2025,FISCHER_L,WAGNER_P
5100001009,1000,2025,2025-11-28,430000,Beratungskosten,1652.42,S,V10027,Rechnung V10027 11/2025,SCHMIDT_A,WAGNER_P
5100001010,1000,2025,2025-05-02,400000,Materialaufwand,903.38,S,V10018,Rechnung V10018 05/2025,SCHMIDT_A,WAGNER_P
5100001011,1000,2025,2025-01-08,400000,Materialaufwand,68.33,S,V10003,Rechnung V10003 01/2025,WEBER_K,BAUER_C
5100001012,1000,2025,2025-05-27,430000,Beratungskosten,4952.7,S,V10017,Rechnung V10017 05/2025,KOCH_J,WAGNER_P
5100001013,1000,2025,2025-06-18,440000,IT-Dienstleistungen,221.14,S,V10035,Rechnung V10035 06/2025,WEBER_K,MEYER_R
5100001014,1000,2025,2025-08-18,400000,Materialaufwand,34.88,S,V10022,Rechnung V10022 08/2025,HOFFMANN_S,BAUER_C
5100001015,1000,2025,2025-05-06,460000,Werbekosten,92.57,S,V10031,Rechnung V10031 05/2025,FISCHER_L,BAUER_C
5100001016,1000,2025,2025-03-02,400000,Materialaufwand,96.19,S,V10003,Rechnung V10003 12/2025,HOFFMANN_S,BAUER_C
5100001017,1000,2025,2025-08-25,470000,Instandhaltung,535.65,S,V10009,Rechnung V10009 08/2025,WEBER_K,MEYER_R
5100001018,1000,2025,2025-12-24,420000,Reisekosten,317.93,S,V10012,Rechnung V10012 12/2025,KOCH_J,BAUER_C
5100001019,1000,2025,2025-05-15,430000,Beratungskosten,287.46,S,V10015,Rechnung V10015 05/2025,FISCHER_L,BAUER_C
5100001020,1000,2025,2025-08-27,410000,Bürobedarf,1328.12,S,V10040,Rechnung V10040 08/2025,HOFFMANN_S,MEYER_R
5100001021,1000,2025,2025-05-15,460000,Werbekosten,848.78,S,V10019,Rechnung V10019 05/2025,HOFFMANN_S,MEYER_R
5100001022,1000,2025,2025-09-12,450000,Mietaufwand,817.03,S,V10027,Rechnung V10027 09/2025,FISCHER_L,MEYER_R
5100001023,1000,2025,2025-09-30,400000,Materialaufwand,949.3,S,V10026,Rechnung V10026 09/2025,HOFFMANN_S,BAUER_C
5100001024,1000,2025,2025-04-29,400000,Materialaufwand,1320.57,S,V10017,Rechnung V10017 04/2025,SCHMIDT_A,BAUER_C
5100001025,1000,2025,2025-12-08,440000,IT-Dienstleistungen,16.9,S,V10039,Rechnung V10039 12/2025,FISCHER_L,WAGNER_P
5100001026,1000,2025,2025-11-10,460000,Werbekosten,275.04,S,V10009,Rechnung V10009 11/2025,FISCHER_L,WAGNER_P
5100001027,1000,2025,2025-11-21,400000,Materialaufwand,15.05,S,V10002,Rechnung V10002 11/2025,KOCH_J,WAGNER_P
5100001028,1000,2025,2025-03-20,410000,Bürobedarf,522.01,S,V10030,Rechnung V10030 03/2025,KOCH_J,BAUER_C
5100001029,1000,2025,2025-09-19,440000,IT-Dienstleistungen,489.11,S,V10027,Rechnung V10027 09/2025,HOFFMANN_S,MEYER_R
5100001030,1000,2025,2025-02-10,400000,Materialaufwand,2625.04,S,V10011,Rechnung V10011 02/2025,KOCH_J,MEYER_R
5100001031,1000,2025,2025-02-10,420000,Reisekosten,3295.18,S,V10035,Rechnung V10035 02/2025,KOCH_J,MEYER_R
5100001032,1000,2025,2025-12-19,400000,Materialaufwand,681.6,S,V10007,Rechnung V10007 12/2025,HOFFMANN_S,BAUER_C
5100001033,1000,2025,2025-02-26,430000,Beratungskosten,221.28,S,V10011,Rechnung V10011 02/2025,BECKER_M,WAGNER_P
5100001034,1000,2025,2025-11-12,450000,Mietaufwand,1070.9,S,V10007,Rechnung V10007 11/2025,WEBER_K,BAUER_C
5100001035,1000,2025,2025-06-10,430000,Beratungskosten,211.73,S,V10008,Rechnung V10008 06/2025,HOFFMANN_S,BAUER_C
5100001036,1000,2025,2025-04-22,420000,Reisekosten,491.65,S,V10030,Rechnung V10030 04/2025,WEBER_K,MEYER_R
5100001037,1000,2025,2025-01-29,430000,Beratungskosten,2387.06,S,V10029,Rechnung V10029 01/2025,WEBER_K,BAUER_C
5100001038,1000,2025,2025-09-04,440000,IT-Dienstleistungen,201.86,S,V10026,Rechnung V10026 09/2025,KOCH_J,MEYER_R
5100001039,1000,2025,2025-09-22,410000,Bürobedarf,1788.42,S,V10035,Rechnung V10035 09/2025,SCHMIDT_A,BAUER_C
5100001040,1000,2025,2025-06-24,400000,Materialaufwand,1456.57,S,V10003,Rechnung V10003 06/2025,SCHMIDT_A,BAUER_C
5100001041,1000,2025,2025-10-23,410000,Bürobedarf,106.95,S,V10025,Rechnung V10025 10/2025,BECKER_M,BAUER_C
5100001042,1000,2025,2025-04-29,470000,Instandhaltung,2340.76,S,V10005,Rechnung V10005 04/2025,BECKER_M,MEYER_R
5100001043,1000,2025,2025-07-23,450000,Mietaufwand,1506.74,S,V10039,Rechnung V10039 07/2025,SCHMIDT_A,BAUER_C
5100001044,1000,2025,2025-04-14,410000,Bürobedarf,580.03,S,V10026,Rechnung V10026 04/2025,FISCHER_L,BAUER_C
5100001045,1000,2025,2025-08-04,420000,Reisekosten,145.52,S,V10031,Rechnung V10031 08/2025,WEBER_K,MEYER_R
5100001046,1000,2025,2025-02-20,430000,Beratungskosten,124.62,S,V10023,Rechnung V10023 02/2025,WEBER_K,WAGNER_P
5100001047,1000,2025,2025-06-27,410000,Bürobedarf,208.46,S,V10016,Rechnung V10016 06/2025,WEBER_K,BAUER_C
5100001048,1000,2025,2025-07-23,460000,Werbekosten,1173.98,S,V10028,Rechnung V10028 07/2025,HOFFMANN_S,WAGNER_P
5100001049,1000,2025,2025-07-25,470000,Instandhaltung,106.8,S,V10034,Rechnung V10034 07/2025,FISCHER_L,WAGNER_P
5100001050,1000,2025,2025-06-16,410000,Bürobedarf,992.29,S,V10008,Rechnung V10008 06/2025,KOCH_J,MEYER_R
5100001051,1000,2025,2025-08-25,400000,Materialaufwand,67.57,S,V10035,Rechnung V10035 08/2025,SCHMIDT_A,WAGNER_P
5100001052,1000,2025,2025-07-10,420000,Reisekosten,355.49,S,V10030,Rechnung V10030 07/2025,HOFFMANN_S,BAUER_C
5100001053,1000,2025,2025-04-11,440000,IT-Dienstleistungen,587.24,S,V10004,Rechnung V10004 04/2025,KOCH_J,WAGNER_P
5100001054,1000,2025,2025-03-19,460000,Werbekosten,24642.02,S,V10038,Rechnung V10038 03/2025,FISCHER_L,BAUER_C
5100001055,1000,2025,2025-08-26,420000,Reisekosten,54.4,S,V10008,Rechnung V10008 08/2025,HOFFMANN_S,BAUER_C
5100001056,1000,2025,2025-12-08,420000,Reisekosten,5193.81,S,V10025,Rechnung V10025 12/2025,FISCHER_L,BAUER_C
5100001057,1000,2025,2025-10-02,410000,Bürobedarf,626.25,S,V10006,Rechnung V10006 10/2025,BECKER_M,WAGNER_P
5100001058,1000,2025,2025-08-22,400000,Materialaufwand,951.34,S,V10008,Rechnung V10008 08/2025,KOCH_J,BAUER_C
5100001059,1000,2025,2025-12-02,400000,Materialaufwand,595.47,S,V10026,Rechnung V10026 12/2025,BECKER_M,MEYER_R
5100001060,1000,2025,2025-11-24,430000,Beratungskosten,1003.81,S,V10028,Rechnung V10028 11/2025,BECKER_M,WAGNER_P
5100001061,1000,2025,2025-07-08,440000,IT-Dienstleistungen,385.33,S,V10028,Rechnung V10028 07/2025,KOCH_J,MEYER_R
5100001062,1000,2025,2025-02-11,400000,Materialaufwand,5046.65,S,V10014,Rechnung V10014 02/2025,FISCHER_L,BAUER_C
5100001063,1000,2025,2025-08-21,410000,Bürobedarf,237.38,S,V10033,Rechnung V10033 08/2025,WEBER_K,BAUER_C
5100001064,1000,2025,2025-08-18,470000,Instandhaltung,3015.66,S,V10002,Rechnung V10002 08/2025,HOFFMANN_S,WAGNER_P
5100001065,1000,2025,2025-04-10,470000,Instandhaltung,175.74,S,V10035,Rechnung V10035 04/2025,HOFFMANN_S,WAGNER_P
5100001066,1000,2025,2025-11-06,450000,Mietaufwand,447.46,S,V10013,Rechnung V10013 11/2025,WEBER_K,WAGNER_P
5100001067,1000,2025,2025-11-13,440000,IT-Dienstleistungen,88.66,S,V10025,Rechnung V10025 11/2025,HOFFMANN_S,BAUER_C
5100001068,1000,2025,2025-05-02,440000,IT-Dienstleistungen,1020.49,S,V10037,Rechnung V10037 05/2025,SCHMIDT_A,MEYER_R
5100001069,1000,2025,2025-06-27,420000,Reisekosten,4975.1,S,V10011,Rechnung V10011 06/2025,WEBER_K,BAUER_C
5100001070,1000,2025,2025-03-12,410000,Bürobedarf,435.38,S,V10017,Rechnung V10017 03/2025,KOCH_J,MEYER_R
5100001071,1000,2025,2025-03-06,430000,Beratungskosten,359.6,S,V10034,Rechnung V10034 03/2025,BECKER_M,MEYER_R
5100001072,1000,2025,2025-04-07,450000,Mietaufwand,82.82,S,V10035,Rechnung V10035 04/2025,BECKER_M,BAUER_C
5100001073,1000,2025,2025-05-15,450000,Mietaufwand,341.43,S,V10010,Rechnung V10010 05/2025,BECKER_M,BAUER_C
5100001074,1000,2025,2025-04-09,450000,Mietaufwand,38.53,S,V10021,Rechnung V10021 04/2025,SCHMIDT_A,WAGNER_P
5100001075,1000,2025,2025-02-25,440000,IT-Dienstleistungen,114.37,S,V10014,Rechnung V10014 02/2025,KOCH_J,WAGNER_P
5100001076,1000,2025,2025-06-16,400000,Materialaufwand,708.29,S,V10021,Rechnung V10021 06/2025,WEBER_K,BAUER_C
5100001077,1000,2025,2025-08-18,430000,Beratungskosten,4844.96,S,V10016,Rechnung V10016 08/2025,KOCH_J,BAUER_C
5100001078,1000,2025,2025-04-30,470000,Instandhaltung,44123.04,S,V10001,Rechnung V10001 04/2025,KOCH_J,BAUER_C
5100001079,1000,2025,2025-07-17,450000,Mietaufwand,192.76,S,V10037,Rechnung V10037 07/2025,WEBER_K,BAUER_C
5100001080,1000,2025,2025-04-08,440000,IT-Dienstleistungen,4897.5,S,V10026,Rechnung V10026 04/2025,BECKER_M,WAGNER_P
5100001081,1000,2025,2025-09-15,410000,Bürobedarf,727.78,S,V10019,Rechnung V10019 09/2025,SCHMIDT_A,MEYER_R
5100001082,1000,2025,2025-08-27,460000,Werbekosten,386.84,S,V10005,Rechnung V10005 08/2025,BECKER_M,MEYER_R
5100001083,1000,2025,2025-12-16,430000,Beratungskosten,984.52,S,V10003,Rechnung V10003 12/2025,FISCHER_L,WAGNER_P
5100001084,1000,2025,2025-01-22,420000,Reisekosten,544.06,S,V10020,Rechnung V10020 01/2025,SCHMIDT_A,WAGNER_P
5100001085,1000,2025,2025-11-07,430000,Beratungskosten,587.94,S,V10026,Rechnung V10026 11/2025,HOFFMANN_S,BAUER_C
5100001086,1000,2025,2025-05-07,400000,Materialaufwand,256.38,S,V10011,Rechnung V10011 05/2025,KOCH_J,MEYER_R
5100001087,1000,2025,2025-01-27,470000,Instandhaltung,52.62,S,V10030,Rechnung V10030 01/2025,SCHMIDT_A,BAUER_C
5100001088,1000,2025,2025-09-10,450000,Mietaufwand,41.69,S,V10016,Rechnung V10016 09/2025,KOCH_J,BAUER_C
5100001089,1000,2025,2025-03-04,420000,Reisekosten,1401.35,S,V10001,Rechnung V10001 03/2025,KOCH_J,BAUER_C
5100001090,1000,2025,2025-03-05,460000,Werbekosten,316.49,S,V10022,Rechnung V10022 03/2025,BECKER_M,WAGNER_P
5100001091,1000,2025,2025-12-22,400000,Materialaufwand,189.85,S,V10008,Rechnung V10008 12/2025,KOCH_J,MEYER_R
5100001092,1000,2025,2025-03-21,430000,Beratungskosten,499.5,S,V10001,Rechnung V10001 03/2025,WEBER_K,WAGNER_P
5100001093,1000,2025,2025-07-22,450000,Mietaufwand,1757.93,S,V10006,Rechnung V10006 07/2025,HOFFMANN_S,WAGNER_P
5100001094,1000,2025,2025-03-14,400000,Materialaufwand,657.59,S,V10012,Rechnung V10012 03/2025,HOFFMANN_S,WAGNER_P
5100001095,1000,2025,2025-02-14,450000,Mietaufwand,172.49,S,V10021,Rechnung V10021 02/2025,BECKER_M,WAGNER_P
5100001096,1000,2025,2025-01-02,460000,Werbekosten,3505.43,S,V10040,Rechnung V10040 01/2025,KOCH_J,WAGNER_P
5100001097,1000,2025,2025-01-09,440000,IT-Dienstleistungen,6165.33,S,V10009,Rechnung V10009 01/2025,KOCH_J,WAGNER_P
5100001098,1000,2025,2025-06-26,410000,Bürobedarf,1087.12,S,V10003,Rechnung V10003 06/2025,HOFFMANN_S,MEYER_R
5100001099,1000,2025,2025-06-11,450000,Mietaufwand,2339.9,S,V10008,Rechnung V10008 06/2025,BECKER_M,WAGNER_P
5100001100,1000,2025,2025-01-16,420000,Reisekosten,3594.41,S,V10013,Rechnung V10013 01/2025,KOCH_J,MEYER_R
5100001101,1000,2025,2025-05-09,450000,Mietaufwand,3005.38,S,V10009,Rechnung V10009 05/2025,BECKER_M,WAGNER_P
5100001102,1000,2025,2025-04-09,450000,Mietaufwand,1316.27,S,V10013,Rechnung V10013 04/2025,BECKER_M,WAGNER_P
5100001103,1000,2025,2025-07-30,400000,Materialaufwand,1283.51,S,V10039,Rechnung V10039 07/2025,WEBER_K,BAUER_C
5100001104,1000,2025,2025-12-30,400000,Materialaufwand,1131.68,S,V10016,Rechnung V10016 12/2025,WEBER_K,BAUER_C
5100001105,1000,2025,2025-09-10,400000,Materialaufwand,85.14,S,V10026,Rechnung V10026 09/2025,KOCH_J,WAGNER_P
5100001106,1000,2025,2025-12-01,400000,Materialaufwand,1511.95,S,V10028,Rechnung V10028 12/2025,FISCHER_L,MEYER_R
5100001107,1000,2025,2025-03-12,420000,Reisekosten,56.3,S,V10006,Rechnung V10006 03/2025,BECKER_M,BAUER_C
5100001108,1000,2025,2025-03-19,400000,Materialaufwand,138.19,S,V10010,Rechnung V10010 03/2025,HOFFMANN_S,MEYER_R
5100001109,1000,2025,2025-10-01,470000,Instandhaltung,3966.76,S,V10017,Rechnung V10017 10/2025,WEBER_K,MEYER_R
5100001110,1000,2025,2025-04-24,470000,Instandhaltung,1890.04,S,V10019,Rechnung V10019 04/2025,WEBER_K,MEYER_R
5100001111,1000,2025,2025-11-06,410000,Bürobedarf,5323.24,S,V10001,Rechnung V10001 11/2025,SCHMIDT_A,BAUER_C
5100001112,1000,2025,2025-06-23,420000,Reisekosten,319.04,S,V10026,Rechnung V10026 06/2025,WEBER_K,WAGNER_P
5100001113,1000,2025,2025-03-14,450000,Mietaufwand,77.98,S,V10013,Rechnung V10013 03/2025,BECKER_M,MEYER_R
5100001114,1000,2025,2025-11-05,450000,Mietaufwand,335.39,S,V10013,Rechnung V10013 11/2025,HOFFMANN_S,MEYER_R
5100001115,1000,2025,2025-07-23,440000,IT-Dienstleistungen,580.13,S,V10025,Rechnung V10025 07/2025,WEBER_K,WAGNER_P
5100001116,1000,2025,2025-10-21,470000,Instandhaltung,559.13,S,V10038,Rechnung V10038 10/2025,FISCHER_L,BAUER_C
5100001117,1000,2025,2025-06-18,450000,Mietaufwand,3022.65,S,V10035,Rechnung V10035 06/2025,WEBER_K,WAGNER_P
5100001118,1000,2025,2025-02-17,450000,Mietaufwand,276.43,S,V10040,Rechnung V10040 02/2025,HOFFMANN_S,MEYER_R
5100001119,1000,2025,2025-09-08,440000,IT-Dienstleistungen,865.45,S,V10017,Rechnung V10017 09/2025,BECKER_M,WAGNER_P
5100001120,1000,2025,2025-02-17,440000,IT-Dienstleistungen,101.31,S,V10005,Rechnung V10005 02/2025,SCHMIDT_A,WAGNER_P
5100001121,1000,2025,2025-09-01,420000,Reisekosten,1012.83,S,V10009,Rechnung V10009 09/2025,BECKER_M,MEYER_R
5100001122,1000,2025,2025-06-04,440000,IT-Dienstleistungen,495.21,S,V10014,Rechnung V10014 06/2025,FISCHER_L,MEYER_R
5100001123,1000,2025,2025-10-16,470000,Instandhaltung,148.46,S,V10013,Rechnung V10013 10/2025,KOCH_J,MEYER_R
5100001124,1000,2025,2025-11-13,430000,Beratungskosten,337.87,S,V10009,Rechnung V10009 11/2025,WEBER_K,WAGNER_P
5100001125,1000,2025,2025-05-30,410000,Bürobedarf,366.98,S,V10007,Rechnung V10007 05/2025,KOCH_J,MEYER_R
5100001126,1000,2025,2025-11-18,440000,IT-Dienstleistungen,319.82,S,V10008,Rechnung V10008 11/2025,HOFFMANN_S,MEYER_R
5100001127,1000,2025,2025-02-11,460000,Werbekosten,8384.55,S,V10027,Rechnung V10027 02/2025,SCHMIDT_A,MEYER_R
5100001128,1000,2025,2025-02-10,470000,Instandhaltung,420.94,S,V10020,Rechnung V10020 02/2025,HOFFMANN_S,BAUER_C
5100001129,1000,2025,2025-12-30,440000,IT-Dienstleistungen,333.54,S,V10002,Rechnung V10002 12/2025,HOFFMANN_S,WAGNER_P
5100001130,1000,2025,2025-07-31,460000,Werbekosten,17.19,S,V10023,Rechnung V10023 07/2025,FISCHER_L,BAUER_C
5100001131,1000,2025,2025-06-17,420000,Reisekosten,117.83,S,V10034,Rechnung V10034 06/2025,SCHMIDT_A,WAGNER_P
5100001132,1000,2025,2025-02-26,430000,Beratungskosten,323.46,S,V10018,Rechnung V10018 02/2025,FISCHER_L,MEYER_R
5100001133,1000,2025,2025-04-15,430000,Beratungskosten,164.45,S,V10013,Rechnung V10013 04/2025,BECKER_M,MEYER_R
5100001134,1000,2025,2025-09-09,420000,Reisekosten,4495.05,S,V10011,Rechnung V10011 09/2025,SCHMIDT_A,BAUER_C
5100001135,1000,2025,2025-10-28,450000,Mietaufwand,378.46,S,V10016,Rechnung V10016 10/2025,FISCHER_L,WAGNER_P
5100001136,1000,2025,2025-12-01,470000,Instandhaltung,3871.94,S,V10012,Rechnung V10012 12/2025,HOFFMANN_S,MEYER_R
5100001137,1000,2025,2025-05-30,420000,Reisekosten,543.88,S,V10037,Rechnung V10037 05/2025,BECKER_M,WAGNER_P
5100001138,1000,2025,2025-06-18,410000,Bürobedarf,522.99,S,V10040,Rechnung V10040 06/2025,KOCH_J,WAGNER_P
5100001139,1000,2025,2025-02-28,460000,Werbekosten,427.49,S,V10014,Rechnung V10014 02/2025,WEBER_K,MEYER_R
5100001140,1000,2025,2025-01-31,460000,Werbekosten,495.75,S,V10037,Rechnung V10037 01/2025,HOFFMANN_S,BAUER_C
5100001141,1000,2025,2025-06-12,470000,Instandhaltung,7708.45,S,V10035,Rechnung V10035 06/2025,FISCHER_L,MEYER_R
5100001142,1000,2025,2025-08-01,420000,Reisekosten,12.04,S,V10004,Rechnung V10004 08/2025,WEBER_K,MEYER_R
5100001143,1000,2025,2025-02-10,450000,Mietaufwand,20.04,S,V10020,Rechnung V10020 02/2025,KOCH_J,BAUER_C
5100001145,1000,2025,2025-08-25,460000,Werbekosten,504.34,S,V10017,Rechnung V10017 08/2025,BECKER_M,MEYER_R
5100001146,1000,2025,2025-10-23,460000,Werbekosten,1486.48,S,V10019,Rechnung V10019 10/2025,WEBER_K,MEYER_R
5100001147,1000,2025,2025-12-08,470000,Instandhaltung,1050.41,S,V10020,Rechnung V10020 12/2025,KOCH_J,WAGNER_P
5100001148,1000,2025,2025-05-07,430000,Beratungskosten,266.46,S,V10028,Rechnung V10028 05/2025,SCHMIDT_A,BAUER_C
5100001149,1000,2025,2025-05-23,400000,Materialaufwand,2516.11,S,V10012,Rechnung V10012 05/2025,SCHMIDT_A,MEYER_R
5100001150,1000,2025,2025-11-14,410000,Bürobedarf,50000.0,S,V10024,Rechnung V10024 11/2025,WEBER_K,WAGNER_P
5100001151,1000,2025,2025-09-11,470000,Instandhaltung,661.49,S,V10010,Rechnung V10010 09/2025,BECKER_M,WAGNER_P
5100001152,1000,2025,2025-04-09,460000,Werbekosten,2299.05,S,V10036,Rechnung V10036 04/2025,SCHMIDT_A,BAUER_C
5100001153,1000,2025,2025-09-09,400000,Materialaufwand,762.22,S,V10004,Rechnung V10004 09/2025,HOFFMANN_S,BAUER_C
5100001154,1000,2025,2025-02-27,420000,Reisekosten,200.66,S,V10003,Rechnung V10003 02/2025,WEBER_K,MEYER_R
5100001155,1000,2025,2025-06-17,410000,Bürobedarf,1504.94,S,V10002,Rechnung V10002 06/2025,HOFFMANN_S,WAGNER_P
5100001156,1000,2025,2025-04-23,420000,Reisekosten,588.15,S,V10014,Rechnung V10014 04/2025,HOFFMANN_S,BAUER_C
5100001157,1000,2025,2025-12-30,450000,Mietaufwand,493.81,S,V10025,Rechnung V10025 12/2025,KOCH_J,WAGNER_P
5100001158,1000,2025,2025-01-15,440000,IT-Dienstleistungen,5201.62,S,V10040,Rechnung V10040 01/2025,WEBER_K,MEYER_R
5100001159,1000,2025,2025-11-10,430000,Beratungskosten,9.76,S,V10019,Rechnung V10019 11/2025,SCHMIDT_A,MEYER_R
5100001160,1000,2025,2025-04-11,430000,Beratungskosten,50.99,S,V10008,Rechnung V10008 04/2025,HOFFMANN_S,WAGNER_P
5100001161,1000,2025,2025-01-16,450000,Mietaufwand,73.75,S,V10015,Rechnung V10015 01/2025,FISCHER_L,BAUER_C
5100001162,1000,2025,2025-09-01,450000,Mietaufwand,275.55,S,V10006,Rechnung V10006 09/2025,KOCH_J,MEYER_R
5100001163,1000,2025,2025-09-05,400000,Materialaufwand,327.87,S,V10019,Rechnung V10019 09/2025,WEBER_K,MEYER_R
5100001164,1000,2025,2025-02-21,410000,Bürobedarf,44.18,S,V10030,Rechnung V10030 02/2025,BECKER_M,MEYER_R
5100001165,1000,2025,2025-01-16,420000,Reisekosten,101.88,S,V10002,Rechnung V10002 01/2025,SCHMIDT_A,WAGNER_P
5100001166,1000,2025,2025-02-11,430000,Beratungskosten,124.29,S,V10032,Rechnung V10032 02/2025,FISCHER_L,MEYER_R
5100001167,1000,2025,2025-06-02,470000,Instandhaltung,25131.53,S,V10010,Rechnung V10010 06/2025,SCHMIDT_A,MEYER_R
5100001168,1000,2025,2025-02-19,470000,Instandhaltung,8802.47,S,V10027,Rechnung V10027 02/2025,HOFFMANN_S,WAGNER_P
5100001169,1000,2025,2025-09-15,450000,Mietaufwand,254.98,S,V10033,Rechnung V10033 09/2025,BECKER_M,BAUER_C
5100001170,1000,2025,2025-01-30,400000,Materialaufwand,275.41,S,V10032,Rechnung V10032 01/2025,SCHMIDT_A,MEYER_R
5100001171,1000,2025,2025-10-16,400000,Materialaufwand,78.36,S,V10027,Rechnung V10027 10/2025,FISCHER_L,WAGNER_P
5100001172,1000,2025,2025-11-14,430000,Beratungskosten,23.27,S,V10028,Rechnung V10028 11/2025,FISCHER_L,WAGNER_P
5100001173,1000,2025,2025-09-19,440000,IT-Dienstleistungen,408.7,S,V10008,Rechnung V10008 09/2025,HOFFMANN_S,BAUER_C
5100001174,1000,2025,2025-12-10,450000,Mietaufwand,99.83,S,V10006,Rechnung V10006 12/2025,FISCHER_L,BAUER_C
5100001175,1000,2025,2025-12-08,410000,Bürobedarf,430.2,S,V10016,Rechnung V10016 12/2025,FISCHER_L,BAUER_C
5100001176,1000,2025,2025-01-20,470000,Instandhaltung,38.08,S,V10025,Rechnung V10025 01/2025,HOFFMANN_S,MEYER_R
5100001177,1000,2025,2025-05-07,430000,Beratungskosten,145.6,S,V10025,Rechnung V10025 05/2025,BECKER_M,BAUER_C
5100001178,1000,2025,2025-10-07,440000,IT-Dienstleistungen,625.03,S,V10032,Rechnung V10032 10/2025,HOFFMANN_S,MEYER_R
5100001179,1000,2025,2025-05-06,400000,Materialaufwand,885.31,S,V10013,Rechnung V10013 05/2025,KOCH_J,BAUER_C
5100001180,1000,2025,2025-09-26,460000,Werbekosten,2000.0,S,V10035,Rechnung V10035 09/2025,KOCH_J,MEYER_R
5100001181,1000,2025,2025-10-10,440000,IT-Dienstleistungen,59.57,S,V10018,Rechnung V10018 10/2025,KOCH_J,MEYER_R
5100001182,1000,2025,2025-12-31,410000,Bürobedarf,1934.29,S,V10010,Rechnung V10010 12/2025,HOFFMANN_S,MEYER_R
5100001183,1000,2025,2025-05-02,420000,Reisekosten,136.96,S,V10030,Rechnung V10030 05/2025,BECKER_M,MEYER_R
5100001184,1000,2025,2025-05-08,420000,Reisekosten,1356.38,S,V10006,Rechnung V10006 05/2025,BECKER_M,WAGNER_P
5100001185,1000,2025,2025-01-13,400000,Materialaufwand,484.43,S,V10017,Rechnung V10017 01/2025,WEBER_K,WAGNER_P
5100001186,1000,2025,2025-04-14,470000,Instandhaltung,54.48,S,V10032,Rechnung V10032 04/2025,HOFFMANN_S,BAUER_C
5100001187,1000,2025,2025-04-11,460000,Werbekosten,297.1,S,V10031,Rechnung V10031 04/2025,HOFFMANN_S,MEYER_R
5100001188,1000,2025,2025-06-18,470000,Instandhaltung,884.11,S,V10011,Rechnung V10011 06/2025,KOCH_J,MEYER_R
5100001189,1000,2025,2025-06-05,420000,Reisekosten,1313.89,S,V10007,Rechnung V10007 06/2025,HOFFMANN_S,MEYER_R
5100001190,1000,2025,2025-11-10,440000,IT-Dienstleistungen,393.24,S,V10002,Rechnung V10002 11/2025,FISCHER_L,MEYER_R
5100001191,1000,2025,2025-10-10,430000,Beratungskosten,5714.98,S,V10004,Rechnung V10004 10/2025,WEBER_K,BAUER_C
5100001192,1000,2025,2025-09-24,430000,Beratungskosten,2470.11,S,V10034,Rechnung V10034 09/2025,KOCH_J,WAGNER_P
5100001193,1000,2025,2025-01-03,440000,IT-Dienstleistungen,326.8,S,V10032,Rechnung V10032 01/2025,HOFFMANN_S,MEYER_R
5100001194,1000,2025,2025-06-25,430000,Beratungskosten,1636.3,S,V10021,Rechnung V10021 06/2025,KOCH_J,MEYER_R
5100001195,1000,2025,2025-09-24,460000,Werbekosten,10873.34,S,V10023,Rechnung V10023 09/2025,BECKER_M,BAUER_C
5100001196,1000,2025,2025-03-31,430000,Beratungskosten,4908.95,S,V10014,Rechnung V10014 03/2025,KOCH_J,WAGNER_P
5100001197,1000,2025,2025-06-06,410000,Bürobedarf,69.08,S,V10008,Rechnung V10008 06/2025,SCHMIDT_A,MEYER_R
5100001198,1000,2025,2025-09-23,470000,Instandhaltung,111.89,S,V10001,Rechnung V10001 09/2025,SCHMIDT_A,BAUER_C
5100001199,1000,2025,2025-10-17,470000,Instandhaltung,5302.16,S,V10027,Rechnung V10027 10/2025,HOFFMANN_S,MEYER_R
5100001200,1000,2025,2025-11-07,460000,Werbekosten,90.63,S,V10002,Rechnung V10002 11/2025,WEBER_K,MEYER_R
5100001201,1000,2025,2025-06-10,420000,Reisekosten,59.38,S,V10005,Rechnung V10005 06/2025,SCHMIDT_A,BAUER_C
5100001202,1000,2025,2025-05-27,430000,Beratungskosten,226.35,S,V10032,Rechnung V10032 05/2025,HOFFMANN_S,WAGNER_P
5100001203,1000,2025,2025-05-21,400000,Materialaufwand,965.23,S,V10024,Rechnung V10024 05/2025,BECKER_M,MEYER_R
5100001204,1000,2025,2025-09-03,420000,Reisekosten,418.29,S,V10020,Rechnung V10020 09/2025,SCHMIDT_A,BAUER_C
5100001205,1000,2025,2025-06-04,450000,Mietaufwand,174.01,S,V10009,Rechnung V10009 06/2025,FISCHER_L,MEYER_R
5100001206,1000,2025,2025-05-28,420000,Reisekosten,167.55,S,V10006,Rechnung V10006 05/2025,FISCHER_L,BAUER_C
5100001207,1000,2025,2025-03-04,430000,Beratungskosten,157.63,S,V10019,Rechnung V10019 03/2025,SCHMIDT_A,WAGNER_P
5100001208,1000,2025,2025-06-27,400000,Materialaufwand,120.64,S,V10015,Rechnung V10015 06/2025,BECKER_M,BAUER_C
5100001209,1000,2025,2025-03-27,430000,Beratungskosten,18969.97,S,V10022,Rechnung V10022 03/2025,FISCHER_L,BAUER_C
5100001210,1000,2025,2025-07-15,450000,Mietaufwand,50000.0,S,V10007,Rechnung V10007 07/2025,KOCH_J,BAUER_C
5100001211,1000,2025,2025-11-20,440000,IT-Dienstleistungen,2036.15,S,V10010,Rechnung V10010 11/2025,SCHMIDT_A,BAUER_C
5100001212,1000,2025,2025-10-10,440000,IT-Dienstleistungen,225.31,S,V10005,Rechnung V10005 10/2025,KOCH_J,WAGNER_P
5100001213,1000,2025,2025-06-27,470000,Instandhaltung,365.94,S,V10017,Rechnung V10017 06/2025,SCHMIDT_A,MEYER_R
5100001214,1000,2025,2025-12-22,410000,Bürobedarf,157.32,S,V10012,Rechnung V10012 12/2025,HOFFMANN_S,WAGNER_P
5100001215,1000,2025,2025-12-23,420000,Reisekosten,7.08,S,V10009,Rechnung V10009 12/2025,HOFFMANN_S,WAGNER_P
5100001216,1000,2025,2025-06-16,440000,IT-Dienstleistungen,54.34,S,V10022,Rechnung V10022 06/2025,FISCHER_L,BAUER_C
5100001217,1000,2025,2025-10-07,430000,Beratungskosten,27.19,S,V10020,Rechnung V10020 10/2025,WEBER_K,MEYER_R
5100001218,1000,2025,2025-05-07,470000,Instandhaltung,13.47,S,V10009,Rechnung V10009 05/2025,SCHMIDT_A,BAUER_C
5100001219,1000,2025,2025-11-17,400000,Materialaufwand,72.78,S,V10028,Rechnung V10028 11/2025,FISCHER_L,WAGNER_P
5100001220,1000,2025,2025-05-19,430000,Beratungskosten,4868.47,S,V10014,Rechnung V10014 05/2025,KOCH_J,BAUER_C
5100001221,1000,2025,2025-04-03,420000,Reisekosten,458.93,S,V10014,Rechnung V10014 04/2025,HOFFMANN_S,WAGNER_P
5100001222,1000,2025,2025-02-19,430000,Beratungskosten,3885.09,S,V10020,Rechnung V10020 02/2025,WEBER_K,WAGNER_P
5100001223,1000,2025,2025-11-04,470000,Instandhaltung,951.06,S,V10006,Rechnung V10006 11/2025,SCHMIDT_A,MEYER_R
5100001224,1000,2025,2025-04-17,430000,Beratungskosten,1723.47,S,V10017,Rechnung V10017 04/2025,BECKER_M,BAUER_C
5100001225,1000,2025,2025-10-24,430000,Beratungskosten,116.58,S,V10024,Rechnung V10024 10/2025,BECKER_M,MEYER_R
5100001226,1000,2025,2025-02-03,410000,Bürobedarf,1139.47,S,V10006,Rechnung V10006 02/2025,KOCH_J,MEYER_R
5100001227,1000,2025,2025-07-07,430000,Beratungskosten,1581.21,S,V10023,Rechnung V10023 07/2025,HOFFMANN_S,WAGNER_P
5100001228,1000,2025,2025-06-06,440000,IT-Dienstleistungen,195.85,S,V10002,Rechnung V10002 06/2025,BECKER_M,MEYER_R
5100001229,1000,2025,2025-06-12,440000,IT-Dienstleistungen,1206.24,S,V10025,Rechnung V10025 06/2025,BECKER_M,BAUER_C
5100001230,1000,2025,2025-03-03,440000,IT-Dienstleistungen,1219.14,S,V10002,Rechnung V10002 03/2025,BECKER_M,WAGNER_P
5100001231,1000,2025,2025-01-29,430000,Beratungskosten,204.53,S,V10008,Rechnung V10008 01/2025,FISCHER_L,MEYER_R
5100001232,1000,2025,2025-05-08,410000,Bürobedarf,81.74,S,V10015,Rechnung V10015 05/2025,HOFFMANN_S,MEYER_R
5100001233,1000,2025,2025-06-25,410000,Bürobedarf,74.1,S,V10025,Rechnung V10025 06/2025,WEBER_K,MEYER_R
5100001234,1000,2025,2025-10-17,410000,Bürobedarf,565.9,S,V10029,Rechnung V10029 10/2025,HOFFMANN_S,WAGNER_P
5100001235,1000,2025,2025-06-23,440000,IT-Dienstleistungen,831.49,S,V10019,Rechnung V10019 06/2025,KOCH_J,WAGNER_P
5100001236,1000,2025,2025-03-31,460000,Werbekosten,138.65,S,V10006,Rechnung V10006 03/2025,FISCHER_L,MEYER_R
5100001237,1000,2025,2025-04-04,470000,Instandhaltung,514.16,S,V10016,Rechnung V10016 04/2025,FISCHER_L,BAUER_C
5100001238,1000,2025,2025-08-13,420000,Reisekosten,1227.65,S,V10032,Rechnung V10032 08/2025,FISCHER_L,WAGNER_P
5100001239,1000,2025,2025-06-11,400000,Materialaufwand,1324.92,S,V10004,Rechnung V10004 06/2025,HOFFMANN_S,WAGNER_P
5100001240,1000,2025,2025-11-25,450000,Mietaufwand,5901.77,S,V10029,Rechnung V10029 11/2025,WEBER_K,WAGNER_P
5100001241,1000,2025,2025-06-12,400000,Materialaufwand,3801.57,S,V10016,Rechnung V10016 06/2025,FISCHER_L,WAGNER_P
5100001242,1000,2025,2025-07-29,450000,Mietaufwand,99.28,S,V10001,Rechnung V10001 07/2025,BECKER_M,MEYER_R
5100001243,1000,2025,2025-01-24,430000,Beratungskosten,7286.2,S,V10028,Rechnung V10028 01/2025,HOFFMANN_S,BAUER_C
5100001244,1000,2025,2025-03-12,460000,Werbekosten,210.7,S,V10002,Rechnung V10002 03/2025,WEBER_K,MEYER_R
5100001245,1000,2025,2025-11-06,450000,Mietaufwand,2622.27,S,V10015,Rechnung V10015 11/2025,SCHMIDT_A,MEYER_R
5100001246,1000,2025,2025-05-08,450000,Mietaufwand,549.37,S,V10008,Rechnung V10008 05/2025,BECKER_M,WAGNER_P
5100001247,1000,2025,2025-06-05,430000,Beratungskosten,254.82,S,V10024,Rechnung V10024 06/2025,BECKER_M,BAUER_C
5100001248,1000,2025,2025-08-06,460000,Werbekosten,27.32,S,V10003,Rechnung V10003 08/2025,HOFFMANN_S,BAUER_C
5100001249,1000,2025,2025-01-23,440000,IT-Dienstleistungen,374.46,S,V10004,Rechnung V10004 01/2025,SCHMIDT_A,MEYER_R
5100001250,1000,2025,2025-07-08,450000,Mietaufwand,40.65,S,V10022,Rechnung V10022 07/2025,SCHMIDT_A,WAGNER_P
5100001251,1000,2025,2025-05-08,420000,Reisekosten,2316.19,S,V10040,Rechnung V10040 05/2025,FISCHER_L,WAGNER_P
5100001252,1000,2025,2025-02-25,430000,Beratungskosten,5579.58,S,V10002,Rechnung V10002 02/2025,BECKER_M,MEYER_R
5100001253,1000,2025,2025-06-04,460000,Werbekosten,137.68,S,V10019,Rechnung V10019 06/2025,SCHMIDT_A,BAUER_C
5100001254,1000,2025,2025-06-16,430000,Beratungskosten,798.83,S,V10033,Rechnung V10033 06/2025,WEBER_K,MEYER_R
5100001255,1000,2025,2025-03-10,400000,Materialaufwand,154.37,S,V10012,Rechnung V10012 03/2025,FISCHER_L,MEYER_R
5100001256,1000,2025,2025-07-21,430000,Beratungskosten,180.26,S,V10020,Rechnung V10020 07/2025,WEBER_K,MEYER_R
5100001257,1000,2025,2025-09-30,430000,Beratungskosten,1701.37,S,V10034,Rechnung V10034 09/2025,HOFFMANN_S,BAUER_C
5100001258,1000,2025,2025-04-07,430000,Beratungskosten,463.28,S,V10030,Rechnung V10030 04/2025,SCHMIDT_A,MEYER_R
5100001259,1000,2025,2025-12-17,400000,Materialaufwand,7969.98,S,V10012,Rechnung V10012 12/2025,KOCH_J,BAUER_C
5100001260,1000,2025,2025-03-09,410000,Bürobedarf,227.79,S,V10031,Rechnung V10031 08/2025,WEBER_K,BAUER_C
5100001261,1000,2025,2025-10-10,420000,Reisekosten,2438.01,S,V10028,Rechnung V10028 10/2025,FISCHER_L,MEYER_R
5100001262,1000,2025,2025-01-28,430000,Beratungskosten,575.86,S,V10021,Rechnung V10021 01/2025,KOCH_J,MEYER_R
5100001263,1000,2025,2025-10-08,400000,Materialaufwand,1760.31,S,V10018,Rechnung V10018 10/2025,BECKER_M,BAUER_C
5100001264,1000,2025,2025-05-06,430000,Beratungskosten,240.94,S,V10038,Rechnung V10038 05/2025,KOCH_J,MEYER_R
5100001265,1000,2025,2025-09-17,420000,Reisekosten,455.19,S,V10035,Rechnung V10035 09/2025,SCHMIDT_A,WAGNER_P
5100001266,1000,2025,2025-10-22,400000,Materialaufwand,409.61,S,V10040,Rechnung V10040 10/2025,HOFFMANN_S,BAUER_C
5100001267,1000,2025,2025-04-01,420000,Reisekosten,129.32,S,V10028,Rechnung V10028 04/2025,SCHMIDT_A,MEYER_R
5100001268,1000,2025,2025-04-03,420000,Reisekosten,1421.3,S,V10015,Rechnung V10015 04/2025,BECKER_M,WAGNER_P
5100001269,1000,2025,2025-01-23,410000,Bürobedarf,1394.65,S,V10005,Rechnung V10005 01/2025,WEBER_K,WAGNER_P
5100001270,1000,2025,2025-08-12,460000,Werbekosten,1273.71,S,V10006,Rechnung V10006 08/2025,HOFFMANN_S,WAGNER_P
5100001271,1000,2025,2025-10-10,400000,Materialaufwand,5762.61,S,V10039,Rechnung V10039 10/2025,SCHMIDT_A,BAUER_C
5100001272,1000,2025,2025-06-02,440000,IT-Dienstleistungen,5008.8,S,V10015,Rechnung V10015 06/2025,KOCH_J,WAGNER_P
5100001273,1000,2025,2025-02-28,430000,Beratungskosten,4861.61,S,V10005,Rechnung V10005 02/2025,KOCH_J,MEYER_R
5100001274,1000,2025,2025-04-28,460000,Werbekosten,895.05,S,V10009,Rechnung V10009 04/2025,BECKER_M,BAUER_C
5100001275,1000,2025,2025-05-28,440000,IT-Dienstleistungen,181.68,S,V10001,Rechnung V10001 05/2025,BECKER_M,WAGNER_P
5100001276,1000,2025,2025-12-01,440000,IT-Dienstleistungen,511.51,S,V10022,Rechnung V10022 12/2025,SCHMIDT_A,MEYER_R
5100001277,1000,2025,2025-02-17,460000,Werbekosten,188.75,S,V10024,Rechnung V10024 02/2025,WEBER_K,WAGNER_P
5100001278,1000,2025,2025-05-07,460000,Werbekosten,6582.12,S,V10016,Rechnung V10016 05/2025,HOFFMANN_S,MEYER_R
5100001279,1000,2025,2025-03-16,410000,Bürobedarf,881.76,S,V10030,Rechnung V10030 08/2025,KOCH_J,WAGNER_P
5100001280,1000,2025,2025-03-27,460000,Werbekosten,347.64,S,V10020,Rechnung V10020 03/2025,KOCH_J,BAUER_C
5100001281,1000,2025,2025-11-19,430000,Beratungskosten,3326.88,S,V10039,Rechnung V10039 11/2025,BECKER_M,MEYER_R
5100001282,1000,2025,2025-11-27,400000,Materialaufwand,15.29,S,V10031,Rechnung V10031 11/2025,WEBER_K,BAUER_C
5100001283,1000,2025,2025-05-21,440000,IT-Dienstleistungen,19.64,S,V10004,Rechnung V10004 05/2025,FISCHER_L,BAUER_C
5100001284,1000,2025,2025-09-30,470000,Instandhaltung,1760.48,S,V10011,Rechnung V10011 09/2025,FISCHER_L,BAUER_C
5100001285,1000,2025,2025-10-02,410000,Bürobedarf,542.8,S,V10031,Rechnung V10031 10/2025,FISCHER_L,WAGNER_P
5100001286,1000,2025,2025-09-08,400000,Materialaufwand,735.62,S,V10022,Rechnung V10022 09/2025,FISCHER_L,MEYER_R
5100001287,1000,2025,2025-03-10,470000,Instandhaltung,59.01,S,V10031,Rechnung V10031 03/2025,KOCH_J,MEYER_R
5100001288,1000,2025,2025-01-21,440000,IT-Dienstleistungen,474.77,S,V10014,Rechnung V10014 01/2025,FISCHER_L,BAUER_C
5100001289,1000,2025,2025-05-08,410000,Bürobedarf,12156.45,S,V10002,Rechnung V10002 05/2025,SCHMIDT_A,WAGNER_P
5100001290,1000,2025,2025-02-18,460000,Werbekosten,1842.21,S,V10032,Rechnung V10032 02/2025,HOFFMANN_S,WAGNER_P
5100001291,1000,2025,2025-04-16,430000,Beratungskosten,646.47,S,V10032,Rechnung V10032 04/2025,BECKER_M,BAUER_C
5100001292,1000,2025,2025-08-22,420000,Reisekosten,244.08,S,V10026,Rechnung V10026 08/2025,FISCHER_L,BAUER_C
5100001293,1000,2025,2025-08-06,420000,Reisekosten,262.09,S,V10017,Rechnung V10017 08/2025,BECKER_M,BAUER_C
5100001294,1000,2025,2025-03-18,440000,IT-Dienstleistungen,16.33,S,V10001,Rechnung V10001 03/2025,KOCH_J,BAUER_C
5100001295,1000,2025,2025-01-09,410000,Bürobedarf,744.14,S,V10030,Rechnung V10030 01/2025,KOCH_J,BAUER_C
5100001296,1000,2025,2025-03-24,420000,Reisekosten,1906.02,S,V10027,Rechnung V10027 03/2025,HOFFMANN_S,MEYER_R
5100001297,1000,2025,2025-06-18,420000,Reisekosten,39.61,S,V10027,Rechnung V10027 06/2025,BECKER_M,MEYER_R
5100001298,1000,2025,2025-10-13,400000,Materialaufwand,171.01,S,V10007,Rechnung V10007 10/2025,SCHMIDT_A,MEYER_R
5100001299,1000,2025,2025-05-15,460000,Werbekosten,77.33,S,V10030,Rechnung V10030 05/2025,BECKER_M,WAGNER_P
5100001300,1000,2025,2025-04-14,400000,Materialaufwand,105.16,S,V10029,Rechnung V10029 04/2025,HOFFMANN_S,WAGNER_P
5100001301,1000,2025,2025-07-23,470000,Instandhaltung,536.77,S,V10035,Rechnung V10035 07/2025,KOCH_J,BAUER_C
5100001302,1000,2025,2025-01-28,400000,Materialaufwand,17.55,S,V10023,Rechnung V10023 01/2025,HOFFMANN_S,BAUER_C
5100001303,1000,2025,2025-03-24,420000,Reisekosten,1316.63,S,V10030,Rechnung V10030 03/2025,KOCH_J,BAUER_C
5100001304,1000,2025,2025-01-16,400000,Materialaufwand,1646.11,S,V10017,Rechnung V10017 01/2025,BECKER_M,MEYER_R
5100001305,1000,2025,2025-07-15,420000,Reisekosten,329.72,S,V10028,Rechnung V10028 07/2025,SCHMIDT_A,BAUER_C
5100001306,1000,2025,2025-06-13,440000,IT-Dienstleistungen,9.31,S,V10028,Rechnung V10028 06/2025,FISCHER_L,BAUER_C
5100001307,1000,2025,2025-08-04,400000,Materialaufwand,100.06,S,V10032,Rechnung V10032 08/2025,WEBER_K,BAUER_C
5100001308,1000,2025,2025-08-15,440000,IT-Dienstleistungen,3542.7,S,V10035,Rechnung V10035 08/2025,KOCH_J,WAGNER_P
5100001309,1000,2025,2025-05-26,460000,Werbekosten,5.78,S,V10001,Rechnung V10001 05/2025,HOFFMANN_S,BAUER_C
5100001310,1000,2025,2025-11-13,430000,Beratungskosten,282.58,S,V10032,Rechnung V10032 11/2025,FISCHER_L,WAGNER_P
5100001311,1000,2025,2025-12-01,400000,Materialaufwand,74.59,S,V10032,Rechnung V10032 12/2025,FISCHER_L,MEYER_R
5100001312,1000,2025,2025-02-11,450000,Mietaufwand,1785.25,S,V10022,Rechnung V10022 02/2025,SCHMIDT_A,WAGNER_P
5100001313,1000,2025,2025-12-02,410000,Bürobedarf,167.3,S,V10021,Rechnung V10021 12/2025,SCHMIDT_A,MEYER_R
5100001314,1000,2025,2025-03-13,400000,Materialaufwand,940.42,S,V10029,Rechnung V10029 03/2025,WEBER_K,BAUER_C
5100001315,1000,2025,2025-04-01,430000,Beratungskosten,1217.72,S,V10019,Rechnung V10019 04/2025,WEBER_K,MEYER_R
5100001316,1000,2025,2025-07-16,420000,Reisekosten,9301.78,S,V10017,Rechnung V10017 07/2025,WEBER_K,MEYER_R
5100001317,1000,2025,2025-01-14,400000,Materialaufwand,356.13,S,V10033,Rechnung V10033 01/2025,KOCH_J,WAGNER_P
5100001318,1000,2025,2025-05-15,460000,Werbekosten,899.35,S,V10032,Rechnung V10032 05/2025,HOFFMANN_S,WAGNER_P
5100001319,1000,2025,2025-03-12,440000,IT-Dienstleistungen,45.78,S,V10009,Rechnung V10009 03/2025,BECKER_M,WAGNER_P
5100001320,1000,2025,2025-06-30,470000,Instandhaltung,3309.86,S,V10034,Rechnung V10034 06/2025,WEBER_K,MEYER_R
5100001321,1000,2025,2025-10-24,430000,Beratungskosten,145.94,S,V10014,Rechnung V10014 10/2025,KOCH_J,WAGNER_P
5100001323,1000,2025,2025-03-19,460000,Werbekosten,475.52,S,V10036,Rechnung V10036 03/2025,BECKER_M,MEYER_R
5100001324,1000,2025,2025-07-22,400000,Materialaufwand,40.42,S,V10010,Rechnung V10010 07/2025,FISCHER_L,BAUER_C
5100001325,1000,2025,2025-06-26,420000,Reisekosten,710.54,S,V10009,Rechnung V10009 06/2025,BECKER_M,MEYER_R
5100001326,1000,2025,2025-06-03,460000,Werbekosten,2316.81,S,V10011,Rechnung V10011 06/2025,KOCH_J,MEYER_R
5100001327,1000,2025,2025-08-21,420000,Reisekosten,787.37,S,V10020,Rechnung V10020 08/2025,HOFFMANN_S,BAUER_C
5100001328,1000,2025,2025-12-29,470000,Instandhaltung,38.77,S,V10007,Rechnung V10007 12/2025,FISCHER_L,MEYER_R
5100001329,1000,2025,2025-05-30,420000,Reisekosten,404.2,S,V10007,Rechnung V10007 05/2025,HOFFMANN_S,WAGNER_P
5100001330,1000,2025,2025-01-27,430000,Beratungskosten,1615.25,S,V10016,Rechnung V10016 01/2025,KOCH_J,WAGNER_P
5100001331,1000,2025,2025-11-28,470000,Instandhaltung,24.42,S,V10009,Rechnung V10009 11/2025,WEBER_K,WAGNER_P
5100001332,1000,2025,2025-12-05,410000,Bürobedarf,88.27,S,V10008,Rechnung V10008 12/2025,KOCH_J,WAGNER_P
5100001333,1000,2025,2025-04-29,470000,Instandhaltung,2003.14,S,V10037,Rechnung V10037 04/2025,BECKER_M,WAGNER_P
5100001334,1000,2025,2025-07-07,400000,Materialaufwand,759.11,S,V10024,Rechnung V10024 07/2025,WEBER_K,BAUER_C
5100001335,1000,2025,2025-11-11,420000,Reisekosten,952.56,S,V10001,Rechnung V10001 11/2025,KOCH_J,WAGNER_P
5100001336,1000,2025,2025-07-07,440000,IT-Dienstleistungen,9654.62,S,V10005,Rechnung V10005 07/2025,HOFFMANN_S,WAGNER_P
5100001337,1000,2025,2025-06-30,440000,IT-Dienstleistungen,1042.82,S,V10033,Rechnung V10033 06/2025,FISCHER_L,BAUER_C
5100001338,1000,2025,2025-12-02,470000,Instandhaltung,1411.8,S,V10011,Rechnung V10011 12/2025,WEBER_K,WAGNER_P
5100001339,1000,2025,2025-10-30,470000,Instandhaltung,37691.61,S,V10007,Rechnung V10007 10/2025,KOCH_J,BAUER_C
5100001340,1000,2025,2025-07-08,450000,Mietaufwand,349.99,S,V10027,Rechnung V10027 07/2025,HOFFMANN_S,BAUER_C
5100001341,1000,2025,2025-02-28,450000,Mietaufwand,137.47,S,V10034,Rechnung V10034 02/2025,SCHMIDT_A,BAUER_C
5100001342,1000,2025,2025-06-12,420000,Reisekosten,976.99,S,V10016,Rechnung V10016 06/2025,BECKER_M,WAGNER_P
5100001343,1000,2025,2025-09-05,460000,Werbekosten,994.64,S,V10030,Rechnung V10030 09/2025,SCHMIDT_A,WAGNER_P
5100001344,1000,2025,2025-04-09,450000,Mietaufwand,212.14,S,V10017,Rechnung V10017 04/2025,WEBER_K,MEYER_R
5100001345,1000,2025,2025-07-18,400000,Materialaufwand,94.46,S,V10005,Rechnung V10005 07/2025,BECKER_M,MEYER_R
5100001346,1000,2025,2025-08-29,460000,Werbekosten,19845.87,S,V10032,Rechnung V10032 08/2025,WEBER_K,MEYER_R
5100001347,1000,2025,2025-02-03,420000,Reisekosten,831.27,S,V10037,Rechnung V10037 02/2025,BECKER_M,WAGNER_P
5100001348,1000,2025,2025-07-30,430000,Beratungskosten,152.68,S,V10040,Rechnung V10040 07/2025,FISCHER_L,MEYER_R
5100001349,1000,2025,2025-09-26,430000,Beratungskosten,2133.43,S,V10005,Rechnung V10005 09/2025,BECKER_M,MEYER_R
5100001350,1000,2025,2025-03-19,460000,Werbekosten,413.79,S,V10023,Rechnung V10023 03/2025,HOFFMANN_S,WAGNER_P
5100001351,1000,2025,2025-07-23,420000,Reisekosten,328.78,S,V10025,Rechnung V10025 07/2025,SCHMIDT_A,WAGNER_P
5100001352,1000,2025,2025-09-17,430000,Beratungskosten,1211.53,S,V10004,Rechnung V10004 09/2025,HOFFMANN_S,MEYER_R
5100001353,1000,2025,2025-01-20,400000,Materialaufwand,62.36,S,V10039,Rechnung V10039 01/2025,WEBER_K,WAGNER_P
5100001354,1000,2025,2025-08-26,420000,Reisekosten,866.28,S,V10005,Rechnung V10005 08/2025,SCHMIDT_A,WAGNER_P
5100001355,1000,2025,2025-04-03,400000,Materialaufwand,10516.78,S,V10011,Rechnung V10011 04/2025,FISCHER_L,MEYER_R
5100001356,1000,2025,2025-05-27,440000,IT-Dienstleistungen,1038.87,S,V10039,Rechnung V10039 05/2025,WEBER_K,MEYER_R
5100001357,1000,2025,2025-08-27,470000,Instandhaltung,269.9,S,V10023,Rechnung V10023 08/2025,WEBER_K,MEYER_R
5100001358,1000,2025,2025-01-03,430000,Beratungskosten,218.9,S,V10028,Rechnung V10028 01/2025,FISCHER_L,BAUER_C
5100001359,1000,2025,2025-01-09,470000,Instandhaltung,255.56,S,V10020,Rechnung V10020 01/2025,KOCH_J,MEYER_R
5100001360,1000,2025,2025-06-16,470000,Instandhaltung,328.21,S,V10031,Rechnung V10031 06/2025,BECKER_M,MEYER_R
5100001361,1000,2025,2025-12-11,400000,Materialaufwand,269.21,S,V10004,Rechnung V10004 12/2025,HOFFMANN_S,MEYER_R
5100001362,1000,2025,2025-01-03,440000,IT-Dienstleistungen,2134.74,S,V10028,Rechnung V10028 01/2025,SCHMIDT_A,WAGNER_P
5100001363,1000,2025,2025-10-16,440000,IT-Dienstleistungen,30.78,S,V10003,Rechnung V10003 10/2025,SCHMIDT_A,BAUER_C
5100001364,1000,2025,2025-01-29,430000,Beratungskosten,1957.06,S,V10008,Rechnung V10008 01/2025,FISCHER_L,MEYER_R
5100001365,1000,2025,2025-07-02,460000,Werbekosten,268.41,S,V10021,Rechnung V10021 07/2025,HOFFMANN_S,BAUER_C
5100001366,1000,2025,2025-06-10,430000,Beratungskosten,900.65,S,V10018,Rechnung V10018 06/2025,KOCH_J,MEYER_R
5100001367,1000,2025,2025-06-25,400000,Materialaufwand,81.19,S,V10007,Rechnung V10007 06/2025,SCHMIDT_A,WAGNER_P
5100001368,1000,2025,2025-01-31,440000,IT-Dienstleistungen,4129.08,S,V10032,Rechnung V10032 01/2025,FISCHER_L,MEYER_R
5100001369,1000,2025,2025-10-02,410000,Bürobedarf,3615.61,S,V10013,Rechnung V10013 10/2025,FISCHER_L,MEYER_R
5100001370,1000,2025,2025-04-09,420000,Reisekosten,2287.8,S,V10035,Rechnung V10035 04/2025,HOFFMANN_S,WAGNER_P
5100001371,1000,2025,2025-10-09,440000,IT-Dienstleistungen,43.66,S,V10001,Rechnung V10001 10/2025,WEBER_K,WAGNER_P
5100001372,1000,2025,2025-08-28,450000,Mietaufwand,1856.77,S,V10010,Rechnung V10010 08/2025,FISCHER_L,BAUER_C
5100001373,1000,2025,2025-07-23,420000,Reisekosten,941.78,S,V10012,Rechnung V10012 07/2025,KOCH_J,WAGNER_P
5100001374,1000,2025,2025-04-24,430000,Beratungskosten,37.77,S,V10024,Rechnung V10024 04/2025,FISCHER_L,MEYER_R
5100001375,1000,2025,2025-08-28,400000,Materialaufwand,473.96,S,V10017,Rechnung V10017 08/2025,HOFFMANN_S,WAGNER_P
5100001376,1000,2025,2025-12-31,430000,Beratungskosten,882.94,S,V10007,Rechnung V10007 12/2025,BECKER_M,BAUER_C
5100001377,1000,2025,2025-12-02,440000,IT-Dienstleistungen,1199.57,S,V10023,Rechnung V10023 12/2025,BECKER_M,WAGNER_P
5100001378,1000,2025,2025-12-01,440000,IT-Dienstleistungen,654.33,S,V10039,Rechnung V10039 12/2025,WEBER_K,WAGNER_P
5100001379,1000,2025,2025-03-20,420000,Reisekosten,785.22,S,V10006,Rechnung V10006 03/2025,KOCH_J,WAGNER_P
5100001380,1000,2025,2025-08-05,400000,Materialaufwand,5207.1,S,V10011,Rechnung V10011 08/2025,WEBER_K,WAGNER_P
5100001381,1000,2025,2025-05-27,440000,IT-Dienstleistungen,3503.98,S,V10020,Rechnung V10020 05/2025,KOCH_J,BAUER_C
5100001382,1000,2025,2025-12-17,450000,Mietaufwand,5.02,S,V10030,Rechnung V10030 12/2025,KOCH_J,WAGNER_P
5100001383,1000,2025,2025-12-11,400000,Materialaufwand,296.52,S,V10006,Rechnung V10006 12/2025,BECKER_M,WAGNER_P
5100001384,1000,2025,2025-11-13,440000,IT-Dienstleistungen,378.63,S,V10010,Rechnung V10010 11/2025,KOCH_J,WAGNER_P
5100001385,1000,2025,2025-02-28,400000,Materialaufwand,29.86,S,V10010,Rechnung V10010 02/2025,HOFFMANN_S,WAGNER_P
5100001386,1000,2025,2025-04-28,430000,Beratungskosten,572.89,S,V10025,Rechnung V10025 04/2025,HOFFMANN_S,BAUER_C
5100001387,1000,2025,2025-09-17,450000,Mietaufwand,3633.72,S,V10004,Rechnung V10004 09/2025,SCHMIDT_A,BAUER_C
5100001388,1000,2025,2025-10-01,450000,Mietaufwand,86.62,S,V10027,Rechnung V10027 10/2025,SCHMIDT_A,BAUER_C
5100001389,1000,2025,2025-05-09,450000,Mietaufwand,844.08,S,V10018,Rechnung V10018 05/2025,SCHMIDT_A,WAGNER_P
5100001390,1000,2025,2025-02-20,460000,Werbekosten,113.83,S,V10014,Rechnung V10014 02/2025,SCHMIDT_A,BAUER_C
5100001391,1000,2025,2025-02-20,410000,Bürobedarf,168.16,S,V10035,Rechnung V10035 02/2025,KOCH_J,MEYER_R
5100001392,1000,2025,2025-09-09,460000,Werbekosten,5238.71,S,V10033,Rechnung V10033 09/2025,WEBER_K,MEYER_R
5100001393,1000,2025,2025-06-18,420000,Reisekosten,206.83,S,V10033,Rechnung V10033 06/2025,SCHMIDT_A,MEYER_R
5100001394,1000,2025,2025-07-02,420000,Reisekosten,1032.3,S,V10036,Rechnung V10036 07/2025,KOCH_J,WAGNER_P
5100001395,1000,2025,2025-10-24,460000,Werbekosten,24.68,S,V10010,Rechnung V10010 10/2025,WEBER_K,BAUER_C
5100001396,1000,2025,2025-01-09,420000,Reisekosten,9698.32,S,V10035,Rechnung V10035 01/2025,HOFFMANN_S,MEYER_R
5100001397,1000,2025,2025-10-02,400000,Materialaufwand,1292.38,S,V10008,Rechnung V10008 10/2025,KOCH_J,MEYER_R
5100001398,1000,2025,2025-04-09,450000,Mietaufwand,367.97,S,V10014,Rechnung V10014 04/2025,BECKER_M,WAGNER_P
5100001399,1000,2025,2025-12-04,450000,Mietaufwand,1237.53,S,V10023,Rechnung V10023 12/2025,KOCH_J,BAUER_C
5100001400,1000,2025,2025-12-12,440000,IT-Dienstleistungen,51.64,S,V10030,Rechnung V10030 12/2025,KOCH_J,MEYER_R
5100001401,1000,2025,2025-07-07,410000,Bürobedarf,3268.38,S,V10024,Rechnung V10024 07/2025,SCHMIDT_A,BAUER_C
5100001402,1000,2025,2025-04-25,450000,Mietaufwand,293.43,S,V10023,Rechnung V10023 04/2025,SCHMIDT_A,MEYER_R
5100001403,1000,2025,2025-03-26,410000,Bürobedarf,355.49,S,V10016,Rechnung V10016 03/2025,FISCHER_L,MEYER_R
5100001404,1000,2025,2025-03-07,440000,IT-Dienstleistungen,224.38,S,V10024,Rechnung V10024 03/2025,BECKER_M,WAGNER_P
5100001405,1000,2025,2025-12-31,440000,IT-Dienstleistungen,194.6,S,V10020,Rechnung V10020 12/2025,HOFFMANN_S,BAUER_C
5100001406,1000,2025,2025-03-10,430000,Beratungskosten,4997.15,S,V10020,Rechnung V10020 03/2025,KOCH_J,BAUER_C
5100001407,1000,2025,2025-06-16,470000,Instandhaltung,742.08,S,V10024,Rechnung V10024 06/2025,WEBER_K,MEYER_R
5100001408,1000,2025,2025-06-27,410000,Bürobedarf,1398.0,S,V10025,Rechnung V10025 06/2025,WEBER_K,MEYER_R
5100001409,1000,2025,2025-09-05,400000,Materialaufwand,485.86,S,V10014,Rechnung V10014 09/2025,WEBER_K,WAGNER_P
5100001410,1000,2025,2025-11-04,440000,IT-Dienstleistungen,1120.04,S,V10006,Rechnung V10006 11/2025,KOCH_J,WAGNER_P
5100001411,1000,2025,2025-07-25,470000,Instandhaltung,252.1,S,V10012,Rechnung V10012 07/2025,FISCHER_L,MEYER_R
5100001412,1000,2025,2025-10-06,410000,Bürobedarf,17458.31,S,V10017,Rechnung V10017 10/2025,KOCH_J,WAGNER_P
5100001413,1000,2025,2025-07-29,430000,Beratungskosten,40.1,S,V10007,Rechnung V10007 07/2025,SCHMIDT_A,MEYER_R
5100001414,1000,2025,2025-06-12,430000,Beratungskosten,3705.23,S,V10008,Rechnung V10008 06/2025,SCHMIDT_A,BAUER_C
5100001415,1000,2025,2025-02-27,420000,Reisekosten,4396.89,S,V10039,Rechnung V10039 02/2025,HOFFMANN_S,MEYER_R
5100001416,1000,2025,2025-03-18,450000,Mietaufwand,126.03,S,V10012,Rechnung V10012 03/2025,WEBER_K,WAGNER_P
5100001417,1000,2025,2025-06-11,420000,Reisekosten,17445.51,S,V10030,Rechnung V10030 06/2025,SCHMIDT_A,WAGNER_P
5100001418,1000,2025,2025-01-20,430000,Beratungskosten,2423.06,S,V10006,Rechnung V10006 01/2025,BECKER_M,MEYER_R
5100001419,1000,2025,2025-04-28,460000,Werbekosten,2330.46,S,V10039,Rechnung V10039 04/2025,SCHMIDT_A,WAGNER_P
5100001420,1000,2025,2025-06-23,430000,Beratungskosten,515.34,S,V10009,Rechnung V10009 06/2025,SCHMIDT_A,MEYER_R
5100001421,1000,2025,2025-06-26,400000,Materialaufwand,348.08,S,V10016,Rechnung V10016 06/2025,FISCHER_L,WAGNER_P
5100001422,1000,2025,2025-10-24,470000,Instandhaltung,352.46,S,V10032,Rechnung V10032 10/2025,BECKER_M,WAGNER_P
5100001423,1000,2025,2025-12-17,420000,Reisekosten,920.44,S,V10009,Rechnung V10009 12/2025,BECKER_M,MEYER_R
5100001424,1000,2025,2025-09-24,460000,Werbekosten,4637.35,S,V10022,Rechnung V10022 09/2025,BECKER_M,MEYER_R
5100001425,1000,2025,2025-01-30,460000,Werbekosten,658.59,S,V10032,Rechnung V10032 01/2025,SCHMIDT_A,MEYER_R
5100001426,1000,2025,2025-06-02,440000,IT-Dienstleistungen,114.63,S,V10001,Rechnung V10001 06/2025,WEBER_K,BAUER_C
5100001427,1000,2025,2025-09-24,400000,Materialaufwand,1842.88,S,V10002,Rechnung V10002 09/2025,FISCHER_L,MEYER_R
5100001428,1000,2025,2025-08-07,470000,Instandhaltung,2151.33,S,V10032,Rechnung V10032 08/2025,WEBER_K,BAUER_C
5100001429,1000,2025,2025-06-20,450000,Mietaufwand,1404.53,S,V10011,Rechnung V10011 06/2025,BECKER_M,WAGNER_P
5100001430,1000,2025,2025-06-12,430000,Beratungskosten,1624.24,S,V10037,Rechnung V10037 06/2025,WEBER_K,BAUER_C
5100001431,1000,2025,2025-05-30,460000,Werbekosten,319.42,S,V10038,Rechnung V10038 05/2025,BECKER_M,BAUER_C
5100001432,1000,2025,2025-08-01,460000,Werbekosten,111.45,S,V10036,Rechnung V10036 08/2025,KOCH_J,MEYER_R
5100001433,1000,2025,2025-03-06,460000,Werbekosten,122.84,S,V10040,Rechnung V10040 03/2025,BECKER_M,WAGNER_P
5100001434,1000,2025,2025-07-11,410000,Bürobedarf,35.99,S,V10033,Rechnung V10033 07/2025,FISCHER_L,BAUER_C
5100001435,1000,2025,2025-03-17,450000,Mietaufwand,719.9,S,V10016,Rechnung V10016 03/2025,FISCHER_L,MEYER_R
5100001436,1000,2025,2025-09-08,420000,Reisekosten,431.16,S,V10040,Rechnung V10040 09/2025,BECKER_M,WAGNER_P
5100001437,1000,2025,2025-11-12,400000,Materialaufwand,243.72,S,V10014,Rechnung V10014 11/2025,HOFFMANN_S,WAGNER_P
5100001438,1000,2025,2025-07-08,420000,Reisekosten,4.35,S,V10024,Rechnung V10024 07/2025,WEBER_K,MEYER_R
5100001439,1000,2025,2025-05-22,400000,Materialaufwand,66.97,S,V10001,Rechnung V10001 05/2025,SCHMIDT_A,BAUER_C
5100001440,1000,2025,2025-12-09,400000,Materialaufwand,2961.19,S,V10039,Rechnung V10039 12/2025,HOFFMANN_S,MEYER_R
5100001441,1000,2025,2025-08-29,450000,Mietaufwand,170.14,S,V10024,Rechnung V10024 08/2025,BECKER_M,BAUER_C
5100001442,1000,2025,2025-06-10,440000,IT-Dienstleistungen,877.39,S,V10038,Rechnung V10038 06/2025,SCHMIDT_A,MEYER_R
5100001443,1000,2025,2025-01-14,430000,Beratungskosten,53.24,S,V10015,Rechnung V10015 01/2025,BECKER_M,WAGNER_P
5100001444,1000,2025,2025-01-08,410000,Bürobedarf,4924.26,S,V10013,Rechnung V10013 01/2025,SCHMIDT_A,WAGNER_P
5100001445,1000,2025,2025-03-21,460000,Werbekosten,391.33,S,V10021,Rechnung V10021 03/2025,BECKER_M,BAUER_C
5100001446,1000,2025,2025-03-27,450000,Mietaufwand,783.73,S,V10035,Rechnung V10035 03/2025,HOFFMANN_S,BAUER_C
5100001447,1000,2025,2025-09-22,440000,IT-Dienstleistungen,20358.38,S,V10022,Rechnung V10022 09/2025,SCHMIDT_A,BAUER_C
5100001448,1000,2025,2025-07-07,410000,Bürobedarf,5576.43,S,V10032,Rechnung V10032 07/2025,HOFFMANN_S,BAUER_C
5100001449,1000,2025,2025-12-31,400000,Materialaufwand,301.72,S,V10009,Rechnung V10009 12/2025,SCHMIDT_A,BAUER_C
5100001450,1000,2025,2025-07-21,400000,Materialaufwand,190.73,S,V10032,Rechnung V10032 07/2025,WEBER_K,MEYER_R
5100001451,1000,2025,2025-11-25,400000,Materialaufwand,292.69,S,V10030,Rechnung V10030 11/2025,HOFFMANN_S,BAUER_C
5100001452,1000,2025,2025-07-24,470000,Instandhaltung,1114.14,S,V10036,Rechnung V10036 07/2025,FISCHER_L,WAGNER_P
5100001453,1000,2025,2025-05-13,420000,Reisekosten,416.4,S,V10003,Rechnung V10003 05/2025,KOCH_J,WAGNER_P
5100001454,1000,2025,2025-09-18,450000,Mietaufwand,261.81,S,V10016,Rechnung V10016 09/2025,KOCH_J,MEYER_R
5100001455,1000,2025,2025-06-17,470000,Instandhaltung,5153.8,S,V10004,Rechnung V10004 06/2025,KOCH_J,BAUER_C
5100001456,1000,2025,2025-04-09,470000,Instandhaltung,410.45,S,V10017,Rechnung V10017 04/2025,SCHMIDT_A,MEYER_R
5100001457,1000,2025,2025-06-26,420000,Reisekosten,19522.88,S,V10031,Rechnung V10031 06/2025,WEBER_K,WAGNER_P
5100001458,1000,2025,2025-09-02,430000,Beratungskosten,569.74,S,V10026,Rechnung V10026 09/2025,WEBER_K,MEYER_R
5100001459,1000,2025,2025-05-19,430000,Beratungskosten,8574.17,S,V10031,Rechnung V10031 05/2025,BECKER_M,WAGNER_P
5100001460,1000,2025,2025-09-16,400000,Materialaufwand,872.8,S,V10030,Rechnung V10030 09/2025,FISCHER_L,WAGNER_P
5100001461,1000,2025,2025-12-23,460000,Werbekosten,2300.17,S,V10040,Rechnung V10040 12/2025,HOFFMANN_S,WAGNER_P
5100001462,1000,2025,2025-06-02,440000,IT-Dienstleistungen,154.57,S,V10036,Rechnung V10036 06/2025,WEBER_K,WAGNER_P
5100001463,1000,2025,2025-04-16,420000,Reisekosten,125.71,S,V10024,Rechnung V10024 04/2025,WEBER_K,BAUER_C
5100001464,1000,2025,2025-05-28,440000,IT-Dienstleistungen,1028.16,S,V10036,Rechnung V10036 05/2025,BECKER_M,BAUER_C
5100001465,1000,2025,2025-11-03,450000,Mietaufwand,2396.31,S,V10002,Rechnung V10002 11/2025,BECKER_M,WAGNER_P
5100001466,1000,2025,2025-03-06,400000,Materialaufwand,525.53,S,V10029,Rechnung V10029 03/2025,HOFFMANN_S,BAUER_C
5100001467,1000,2025,2025-12-19,450000,Mietaufwand,62.91,S,V10021,Rechnung V10021 12/2025,WEBER_K,BAUER_C
5100001468,1000,2025,2025-06-03,460000,Werbekosten,55.9,S,V10039,Rechnung V10039 06/2025,BECKER_M,MEYER_R
5100001469,1000,2025,2025-11-04,450000,Mietaufwand,50.23,S,V10021,Rechnung V10021 11/2025,KOCH_J,WAGNER_P
5100001470,1000,2025,2025-10-15,440000,IT-Dienstleistungen,29.13,S,V10008,Rechnung V10008 10/2025,BECKER_M,BAUER_C
5100001471,1000,2025,2025-10-14,400000,Materialaufwand,587.09,S,V10029,Rechnung V10029 10/2025,KOCH_J,WAGNER_P
5100001472,1000,2025,2025-11-27,450000,Mietaufwand,2981.17,S,V10039,Rechnung V10039 11/2025,FISCHER_L,MEYER_R
5100001473,1000,2025,2025-03-10,460000,Werbekosten,482.28,S,V10001,Rechnung V10001 03/2025,SCHMIDT_A,WAGNER_P
5100001474,1000,2025,2025-08-07,430000,Beratungskosten,13.24,S,V10003,Rechnung V10003 08/2025,HOFFMANN_S,WAGNER_P
5100001475,1000,2025,2025-02-06,440000,IT-Dienstleistungen,363.14,S,V10027,Rechnung V10027 02/2025,FISCHER_L,BAUER_C
5100001476,1000,2025,2025-04-17,440000,IT-Dienstleistungen,379.75,S,V10023,Rechnung V10023 04/2025,SCHMIDT_A,WAGNER_P
5100001477,1000,2025,2025-01-17,400000,Materialaufwand,14095.32,S,V10022,Rechnung V10022 01/2025,SCHMIDT_A,MEYER_R
5100001478,1000,2025,2025-09-08,420000,Reisekosten,47.87,S,V10004,Rechnung V10004 09/2025,WEBER_K,MEYER_R
5100001479,1000,2025,2025-08-12,460000,Werbekosten,263.73,S,V10023,Rechnung V10023 08/2025,WEBER_K,MEYER_R
5100001480,1000,2025,2025-09-29,470000,Instandhaltung,7550.46,S,V10023,Rechnung V10023 09/2025,HOFFMANN_S,MEYER_R
5100001481,1000,2025,2025-03-06,420000,Reisekosten,1012.28,S,V10034,Rechnung V10034 03/2025,BECKER_M,BAUER_C
5100001482,1000,2025,2025-05-05,430000,Beratungskosten,1213.54,S,V10016,Rechnung V10016 05/2025,WEBER_K,MEYER_R
5100001483,1000,2025,2025-09-05,470000,Instandhaltung,591.9,S,V10014,Rechnung V10014 09/2025,SCHMIDT_A,WAGNER_P
5100001484,1000,2025,2025-10-29,410000,Bürobedarf,835.4,S,V10004,Rechnung V10004 10/2025,SCHMIDT_A,MEYER_R
5100001485,1000,2025,2025-11-19,420000,Reisekosten,1709.87,S,V10023,Rechnung V10023 11/2025,KOCH_J,WAGNER_P
5100001486,1000,2025,2025-01-29,400000,Materialaufwand,134.94,S,V10026,Rechnung V10026 01/2025,FISCHER_L,BAUER_C
5100001487,1000,2025,2025-05-28,410000,Bürobedarf,2008.0,S,V10012,Rechnung V10012 05/2025,SCHMIDT_A,WAGNER_P
5100001488,1000,2025,2025-01-07,430000,Beratungskosten,4981.29,S,V10030,Rechnung V10030 01/2025,KOCH_J,MEYER_R
5100001489,1000,2025,2025-10-27,420000,Reisekosten,833.3,S,V10038,Rechnung V10038 10/2025,KOCH_J,BAUER_C
5100001490,1000,2025,2025-02-14,470000,Instandhaltung,655.89,S,V10007,Rechnung V10007 02/2025,SCHMIDT_A,WAGNER_P
5100001491,1000,2025,2025-10-28,470000,Instandhaltung,183.82,S,V10023,Rechnung V10023 10/2025,KOCH_J,MEYER_R
5100001492,1000,2025,2025-02-27,470000,Instandhaltung,475.18,S,V10028,Rechnung V10028 02/2025,HOFFMANN_S,BAUER_C
5100001493,1000,2025,2025-01-08,450000,Mietaufwand,181.99,S,V10001,Rechnung V10001 01/2025,WEBER_K,BAUER_C
5100001494,1000,2025,2025-11-17,450000,Mietaufwand,88.7,S,V10008,Rechnung V10008 11/2025,HOFFMANN_S,WAGNER_P
5100001495,1000,2025,2025-06-12,440000,IT-Dienstleistungen,279.84,S,V10016,Rechnung V10016 06/2025,FISCHER_L,MEYER_R
5100001496,1000,2025,2025-06-06,470000,Instandhaltung,84.24,S,V10006,Rechnung V10006 06/2025,BECKER_M,WAGNER_P
5100001497,1000,2025,2025-08-26,400000,Materialaufwand,825.9,S,V10015,Rechnung V10015 08/2025,SCHMIDT_A,WAGNER_P
5100001498,1000,2025,2025-04-09,450000,Mietaufwand,78.25,S,V10006,Rechnung V10006 04/2025,WEBER_K,BAUER_C
5100001499,1000,2025,2025-09-10,410000,Bürobedarf,1539.42,S,V10036,Rechnung V10036 09/2025,HOFFMANN_S,BAUER_C
5100001500,1000,2025,2025-06-10,420000,Reisekosten,74.41,S,V10024,Rechnung V10024 06/2025,HOFFMANN_S,MEYER_R
5100001501,1000,2025,2025-04-09,420000,Reisekosten,199.12,S,V10014,Rechnung V10014 04/2025,SCHMIDT_A,WAGNER_P
5100001502,1000,2025,2025-05-26,440000,IT-Dienstleistungen,181.39,S,V10032,Rechnung V10032 05/2025,WEBER_K,MEYER_R
5100001503,1000,2025,2025-01-03,460000,Werbekosten,4106.12,S,V10001,Rechnung V10001 01/2025,BECKER_M,WAGNER_P
5100001504,1000,2025,2025-04-22,400000,Materialaufwand,835.86,S,V10024,Rechnung V10024 04/2025,KOCH_J,WAGNER_P
5100001505,1000,2025,2025-08-06,440000,IT-Dienstleistungen,351.15,S,V10028,Rechnung V10028 08/2025,HOFFMANN_S,WAGNER_P
5100001506,1000,2025,2025-02-20,410000,Bürobedarf,1094.39,S,V10033,Rechnung V10033 02/2025,HOFFMANN_S,WAGNER_P
5100001507,1000,2025,2025-02-13,400000,Materialaufwand,16.92,S,V10009,Rechnung V10009 02/2025,FISCHER_L,WAGNER_P
5100001508,1000,2025,2025-08-28,430000,Beratungskosten,459.89,S,V10024,Rechnung V10024 08/2025,SCHMIDT_A,BAUER_C
5100001509,1000,2025,2025-06-10,440000,IT-Dienstleistungen,12040.4,S,V10031,Rechnung V10031 06/2025,HOFFMANN_S,WAGNER_P
5100001510,1000,2025,2025-02-20,410000,Bürobedarf,608.96,S,V10032,Rechnung V10032 02/2025,HOFFMANN_S,MEYER_R
5100001511,1000,2025,2025-09-30,430000,Beratungskosten,549.31,S,V10008,Rechnung V10008 09/2025,FISCHER_L,BAUER_C
5100001512,1000,2025,2025-10-10,470000,Instandhaltung,1184.42,S,V10040,Rechnung V10040 10/2025,BECKER_M,WAGNER_P
5100001513,1000,2025,2025-01-15,420000,Reisekosten,2065.17,S,V10011,Rechnung V10011 01/2025,WEBER_K,BAUER_C
5100001514,1000,2025,2025-03-14,470000,Instandhaltung,20.17,S,V10016,Rechnung V10016 03/2025,FISCHER_L,BAUER_C
5100001515,1000,2025,2025-05-16,460000,Werbekosten,33.39,S,V10008,Rechnung V10008 05/2025,WEBER_K,MEYER_R
5100001516,1000,2025,2025-09-24,420000,Reisekosten,689.84,S,V10006,Rechnung V10006 09/2025,FISCHER_L,BAUER_C
5100001517,1000,2025,2025-01-29,440000,IT-Dienstleistungen,156.99,S,V10011,Rechnung V10011 01/2025,SCHMIDT_A,BAUER_C
5100001518,1000,2025,2025-10-22,450000,Mietaufwand,4020.82,S,V10006,Rechnung V10006 10/2025,BECKER_M,MEYER_R
5100001519,1000,2025,2025-04-28,430000,Beratungskosten,297.59,S,V10030,Rechnung V10030 04/2025,WEBER_K,MEYER_R
5100001520,1000,2025,2025-02-17,430000,Beratungskosten,22.3,S,V10024,Rechnung V10024 02/2025,HOFFMANN_S,MEYER_R
5100001521,1000,2025,2025-11-11,420000,Reisekosten,50000.0,S,V10016,Rechnung V10016 11/2025,BECKER_M,BAUER_C
5100001522,1000,2025,2025-02-03,410000,Bürobedarf,6.05,S,V10022,Rechnung V10022 02/2025,KOCH_J,BAUER_C
5100001523,1000,2025,2025-02-18,400000,Materialaufwand,338.8,S,V10025,Rechnung V10025 02/2025,WEBER_K,MEYER_R
5100001524,1000,2025,2025-12-11,420000,Reisekosten,364.52,S,V10008,Rechnung V10008 12/2025,WEBER_K,WAGNER_P
5100001525,1000,2025,2025-07-11,460000,Werbekosten,249.85,S,V10012,Rechnung V10012 07/2025,WEBER_K,MEYER_R
5100001526,1000,2025,2025-06-23,410000,Bürobedarf,2768.9,S,V10036,Rechnung V10036 06/2025,BECKER_M,MEYER_R
5100001527,1000,2025,2025-09-09,410000,Bürobedarf,3353.07,S,V10001,Rechnung V10001 09/2025,SCHMIDT_A,MEYER_R
5100001528,1000,2025,2025-08-20,420000,Reisekosten,375.17,S,V10039,Rechnung V10039 08/2025,HOFFMANN_S,MEYER_R
5100001529,1000,2025,2025-08-14,440000,IT-Dienstleistungen,16.19,S,V10039,Rechnung V10039 08/2025,HOFFMANN_S,BAUER_C
5100001530,1000,2025,2025-01-10,410000,Bürobedarf,1322.99,S,V10011,Rechnung V10011 01/2025,HOFFMANN_S,BAUER_C
5100001531,1000,2025,2025-07-23,410000,Bürobedarf,1198.2,S,V10013,Rechnung V10013 07/2025,SCHMIDT_A,MEYER_R
5100001532,1000,2025,2025-04-10,400000,Materialaufwand,808.38,S,V10009,Rechnung V10009 04/2025,FISCHER_L,WAGNER_P
5100001533,1000,2025,2025-10-22,420000,Reisekosten,2369.34,S,V10023,Rechnung V10023 10/2025,BECKER_M,MEYER_R
5100001534,1000,2025,2025-07-08,410000,Bürobedarf,76.42,S,V10009,Rechnung V10009 07/2025,FISCHER_L,WAGNER_P
5100001535,1000,2025,2025-02-14,460000,Werbekosten,12258.91,S,V10032,Rechnung V10032 02/2025,FISCHER_L,BAUER_C
5100001536,1000,2025,2025-11-19,470000,Instandhaltung,106.16,S,V10016,Rechnung V10016 11/2025,HOFFMANN_S,BAUER_C
5100001537,1000,2025,2025-04-14,420000,Reisekosten,1633.95,S,V10039,Rechnung V10039 04/2025,KOCH_J,BAUER_C
5100001538,1000,2025,2025-04-08,400000,Materialaufwand,33.12,S,V10035,Rechnung V10035 04/2025,WEBER_K,MEYER_R
5100001539,1000,2025,2025-12-08,400000,Materialaufwand,111.23,S,V10017,Rechnung V10017 12/2025,WEBER_K,MEYER_R
5100001540,1000,2025,2025-10-10,420000,Reisekosten,5575.79,S,V10024,Rechnung V10024 10/2025,WEBER_K,MEYER_R
5100001541,1000,2025,2025-11-10,430000,Beratungskosten,324.59,S,V10001,Rechnung V10001 11/2025,FISCHER_L,MEYER_R
5100001542,1000,2025,2025-09-01,440000,IT-Dienstleistungen,1889.14,S,V10003,Rechnung V10003 09/2025,BECKER_M,WAGNER_P
5100001543,1000,2025,2025-11-27,420000,Reisekosten,719.91,S,V10021,Rechnung V10021 11/2025,HOFFMANN_S,WAGNER_P
5100001544,1000,2025,2025-02-12,420000,Reisekosten,416.58,S,V10019,Rechnung V10019 02/2025,WEBER_K,BAUER_C
5100001545,1000,2025,2025-08-08,420000,Reisekosten,4368.44,S,V10016,Rechnung V10016 08/2025,WEBER_K,MEYER_R
5100001546,1000,2025,2025-04-16,440000,IT-Dienstleistungen,337.43,S,V10004,Rechnung V10004 04/2025,SCHMIDT_A,MEYER_R
5100001547,1000,2025,2025-05-27,450000,Mietaufwand,28.53,S,V10034,Rechnung V10034 05/2025,SCHMIDT_A,BAUER_C
5100001548,1000,2025,2025-03-27,400000,Materialaufwand,136.29,S,V10017,Rechnung V10017 03/2025,SCHMIDT_A,BAUER_C
5100001549,1000,2025,2025-03-17,430000,Beratungskosten,1190.24,S,V10019,Rechnung V10019 03/2025,WEBER_K,WAGNER_P
5100001550,1000,2025,2025-06-13,450000,Mietaufwand,927.8,S,V10017,Rechnung V10017 06/2025,HOFFMANN_S,MEYER_R
5100001551,1000,2025,2025-12-01,450000,Mietaufwand,40.15,S,V10020,Rechnung V10020 12/2025,HOFFMANN_S,WAGNER_P
5100001552,1000,2025,2025-08-21,440000,IT-Dienstleistungen,154.63,S,V10026,Rechnung V10026 08/2025,KOCH_J,MEYER_R
5100001553,1000,2025,2025-05-09,440000,IT-Dienstleistungen,194.27,S,V10031,Rechnung V10031 05/2025,BECKER_M,WAGNER_P
5100001554,1000,2025,2025-06-11,450000,Mietaufwand,274.58,S,V10022,Rechnung V10022 06/2025,FISCHER_L,BAUER_C
5100001555,1000,2025,2025-07-16,430000,Beratungskosten,54.52,S,V10007,Rechnung V10007 07/2025,KOCH_J,MEYER_R
5100001556,1000,2025,2025-03-31,440000,IT-Dienstleistungen,180.3,S,V10035,Rechnung V10035 03/2025,SCHMIDT_A,MEYER_R
5100001557,1000,2025,2025-07-14,420000,Reisekosten,153.58,S,V10012,Rechnung V10012 07/2025,BECKER_M,BAUER_C
5100001558,1000,2025,2025-09-11,430000,Beratungskosten,1693.33,S,V10001,Rechnung V10001 09/2025,HOFFMANN_S,MEYER_R
5100001559,1000,2025,2025-03-28,400000,Materialaufwand,1798.29,S,V10002,Rechnung V10002 03/2025,BECKER_M,BAUER_C
5100001560,1000,2025,2025-08-05,420000,Reisekosten,390.22,S,V10031,Rechnung V10031 08/2025,WEBER_K,BAUER_C
5100001561,1000,2025,2025-09-17,410000,Bürobedarf,263.15,S,V10016,Rechnung V10016 09/2025,BECKER_M,WAGNER_P
5100001562,1000,2025,2025-07-11,410000,Bürobedarf,616.39,S,V10001,Rechnung V10001 07/2025,KOCH_J,WAGNER_P
5100001563,1000,2025,2025-04-15,430000,Beratungskosten,133.42,S,V10033,Rechnung V10033 04/2025,WEBER_K,WAGNER_P
5100001564,1000,2025,2025-07-24,440000,IT-Dienstleistungen,78.65,S,V10013,Rechnung V10013 07/2025,BECKER_M,WAGNER_P
5100001565,1000,2025,2025-10-17,470000,Instandhaltung,109.47,S,V10040,Rechnung V10040 10/2025,SCHMIDT_A,BAUER_C
5100001566,1000,2025,2025-03-21,400000,Materialaufwand,178.45,S,V10036,Rechnung V10036 03/2025,WEBER_K,BAUER_C
5100001567,1000,2025,2025-07-31,470000,Instandhaltung,76.59,S,V10002,Rechnung V10002 07/2025,HOFFMANN_S,MEYER_R
5100001568,1000,2025,2025-09-08,420000,Reisekosten,638.61,S,V10028,Rechnung V10028 09/2025,FISCHER_L,MEYER_R
5100001569,1000,2025,2025-04-29,450000,Mietaufwand,1583.74,S,V10025,Rechnung V10025 04/2025,WEBER_K,WAGNER_P
5100001570,1000,2025,2025-05-22,450000,Mietaufwand,38.89,S,V10007,Rechnung V10007 05/2025,FISCHER_L,WAGNER_P
5100001571,1000,2025,2025-11-20,470000,Instandhaltung,512.96,S,V10014,Rechnung V10014 11/2025,SCHMIDT_A,BAUER_C
5100001572,1000,2025,2025-05-14,400000,Materialaufwand,346.58,S,V10020,Rechnung V10020 05/2025,HOFFMANN_S,MEYER_R
5100001573,1000,2025,2025-08-08,470000,Instandhaltung,851.0,S,V10006,Rechnung V10006 08/2025,KOCH_J,WAGNER_P
5100001574,1000,2025,2025-02-25,400000,Materialaufwand,482.65,S,V10029,Rechnung V10029 02/2025,SCHMIDT_A,MEYER_R
5100001575,1000,2025,2025-12-03,470000,Instandhaltung,48.15,S,V10012,Rechnung V10012 12/2025,WEBER_K,WAGNER_P
5100001576,1000,2025,2025-08-08,450000,Mietaufwand,65.38,S,V10038,Rechnung V10038 08/2025,KOCH_J,BAUER_C
5100001577,1000,2025,2025-10-07,430000,Beratungskosten,516.5,S,V10033,Rechnung V10033 10/2025,KOCH_J,MEYER_R
5100001578,1000,2025,2025-08-11,430000,Beratungskosten,2555.62,S,V10026,Rechnung V10026 08/2025,HOFFMANN_S,MEYER_R
5100001579,1000,2025,2025-05-12,400000,Materialaufwand,14.26,S,V10005,Rechnung V10005 05/2025,HOFFMANN_S,WAGNER_P
5100001580,1000,2025,2025-05-07,460000,Werbekosten,856.76,S,V10001,Rechnung V10001 05/2025,KOCH_J,BAUER_C
5100001581,1000,2025,2025-09-15,450000,Mietaufwand,3305.67,S,V10006,Rechnung V10006 09/2025,FISCHER_L,WAGNER_P
5100001582,1000,2025,2025-11-10,470000,Instandhaltung,385.74,S,V10020,Rechnung V10020 11/2025,KOCH_J,BAUER_C
5100001583,1000,2025,2025-02-17,450000,Mietaufwand,1188.35,S,V10032,Rechnung V10032 02/2025,KOCH_J,MEYER_R
5100001584,1000,2025,2025-11-05,470000,Instandhaltung,10000.0,S,V10007,Rechnung V10007 11/2025,WEBER_K,BAUER_C
5100001585,1000,2025,2025-10-30,470000,Instandhaltung,407.08,S,V10029,Rechnung V10029 10/2025,SCHMIDT_A,MEYER_R
5100001586,1000,2025,2025-02-11,430000,Beratungskosten,36.84,S,V10002,Rechnung V10002 02/2025,BECKER_M,MEYER_R
5100001587,1000,2025,2025-02-11,450000,Mietaufwand,11.58,S,V10011,Rechnung V10011 02/2025,HOFFMANN_S,WAGNER_P
5100001588,1000,2025,2025-09-11,420000,Reisekosten,2227.03,S,V10024,Rechnung V10024 09/2025,KOCH_J,MEYER_R
5100001589,1000,2025,2025-11-04,460000,Werbekosten,101.9,S,V10034,Rechnung V10034 11/2025,SCHMIDT_A,BAUER_C
5100001590,1000,2025,2025-05-26,440000,IT-Dienstleistungen,237.73,S,V10032,Rechnung V10032 05/2025,FISCHER_L,BAUER_C
5100001591,1000,2025,2025-08-25,430000,Beratungskosten,53.61,S,V10022,Rechnung V10022 08/2025,HOFFMANN_S,WAGNER_P
5100001592,1000,2025,2025-12-31,430000,Beratungskosten,4634.42,S,V10002,Rechnung V10002 12/2025,KOCH_J,WAGNER_P
5100001593,1000,2025,2025-04-29,420000,Reisekosten,373.1,S,V10012,Rechnung V10012 04/2025,HOFFMANN_S,BAUER_C
5100001594,1000,2025,2025-03-24,440000,IT-Dienstleistungen,153.34,S,V10032,Rechnung V10032 03/2025,WEBER_K,BAUER_C
5100001595,1000,2025,2025-12-29,430000,Beratungskosten,902.13,S,V10004,Rechnung V10004 12/2025,SCHMIDT_A,WAGNER_P
5100001596,1000,2025,2025-04-11,420000,Reisekosten,1016.44,S,V10029,Rechnung V10029 04/2025,WEBER_K,BAUER_C
5100001597,1000,2025,2025-06-26,470000,Instandhaltung,823.33,S,V10029,Rechnung V10029 06/2025,HOFFMANN_S,MEYER_R
5100001598,1000,2025,2025-06-13,400000,Materialaufwand,721.81,S,V10031,Rechnung V10031 06/2025,KOCH_J,MEYER_R
5100001599,1000,2025,2025-07-14,460000,Werbekosten,6151.36,S,V10009,Rechnung V10009 07/2025,SCHMIDT_A,MEYER_R
5100001600,1000,2025,2025-04-08,410000,Bürobedarf,89.29,S,V10010,Rechnung V10010 04/2025,FISCHER_L,MEYER_R
5100001601,1000,2025,2025-09-05,410000,Bürobedarf,451.29,S,V10008,Rechnung V10008 09/2025,WEBER_K,MEYER_R
5100001602,1000,2025,2025-09-10,410000,Bürobedarf,3017.86,S,V10016,Rechnung V10016 09/2025,HOFFMANN_S,WAGNER_P
5100001603,1000,2025,2025-03-14,400000,Materialaufwand,3726.65,S,V10021,Rechnung V10021 03/2025,HOFFMANN_S,BAUER_C
5100001604,1000,2025,2025-06-30,400000,Materialaufwand,50.66,S,V10005,Rechnung V10005 06/2025,KOCH_J,WAGNER_P
5100001605,1000,2025,2025-01-23,460000,Werbekosten,298.94,S,V10023,Rechnung V10023 01/2025,FISCHER_L,WAGNER_P
5100001606,1000,2025,2025-03-21,470000,Instandhaltung,4328.58,S,V10010,Rechnung V10010 03/2025,WEBER_K,MEYER_R
5100001607,1000,2025,2025-12-24,440000,IT-Dienstleistungen,1110.9,S,V10023,Rechnung V10023 12/2025,WEBER_K,MEYER_R
5100001608,1000,2025,2025-07-08,400000,Materialaufwand,673.45,S,V10013,Rechnung V10013 07/2025,HOFFMANN_S,WAGNER_P
5100001609,1000,2025,2025-08-18,460000,Werbekosten,347.83,S,V10039,Rechnung V10039 08/2025,FISCHER_L,MEYER_R
5100001610,1000,2025,2025-11-20,440000,IT-Dienstleistungen,266.65,S,V10013,Rechnung V10013 11/2025,SCHMIDT_A,BAUER_C
5100001611,1000,2025,2025-09-18,440000,IT-Dienstleistungen,781.45,S,V10035,Rechnung V10035 09/2025,KOCH_J,WAGNER_P
5100001612,1000,2025,2025-10-17,470000,Instandhaltung,329.05,S,V10008,Rechnung V10008 10/2025,SCHMIDT_A,WAGNER_P
5100001613,1000,2025,2025-09-18,430000,Beratungskosten,460.3,S,V10004,Rechnung V10004 09/2025,KOCH_J,MEYER_R
5100001614,1000,2025,2025-07-04,420000,Reisekosten,558.78,S,V10008,Rechnung V10008 07/2025,SCHMIDT_A,MEYER_R
5100001615,1000,2025,2025-08-21,460000,Werbekosten,166.52,S,V10017,Rechnung V10017 08/2025,BECKER_M,MEYER_R
5100001616,1000,2025,2025-04-15,440000,IT-Dienstleistungen,1154.48,S,V10037,Rechnung V10037 04/2025,WEBER_K,BAUER_C
5100001617,1000,2025,2025-11-20,450000,Mietaufwand,52197.58,S,V10008,Rechnung V10008 11/2025,HOFFMANN_S,WAGNER_P
5100001618,1000,2025,2025-03-06,450000,Mietaufwand,28.7,S,V10032,Rechnung V10032 03/2025,FISCHER_L,BAUER_C
5100001619,1000,2025,2025-11-19,460000,Werbekosten,827.51,S,V10028,Rechnung V10028 11/2025,FISCHER_L,WAGNER_P
5100001620,1000,2025,2025-11-17,420000,Reisekosten,146.01,S,V10014,Rechnung V10014 11/2025,FISCHER_L,BAUER_C
5100001621,1000,2025,2025-02-21,400000,Materialaufwand,1241.21,S,V10014,Rechnung V10014 02/2025,KOCH_J,BAUER_C
5100001622,1000,2025,2025-09-17,430000,Beratungskosten,530.86,S,V10038,Rechnung V10038 09/2025,WEBER_K,MEYER_R
5100001623,1000,2025,2025-12-29,450000,Mietaufwand,1667.31,S,V10029,Rechnung V10029 12/2025,WEBER_K,MEYER_R
5100001624,1000,2025,2025-07-31,460000,Werbekosten,3231.85,S,V10010,Rechnung V10010 07/2025,SCHMIDT_A,BAUER_C
5100001625,1000,2025,2025-05-07,420000,Reisekosten,670.4,S,V10037,Rechnung V10037 05/2025,HOFFMANN_S,MEYER_R
5100001626,1000,2025,2025-11-17,450000,Mietaufwand,3014.78,S,V10017,Rechnung V10017 11/2025,HOFFMANN_S,BAUER_C
5100001627,1000,2025,2025-07-10,460000,Werbekosten,11.58,S,V10004,Rechnung V10004 07/2025,BECKER_M,WAGNER_P
5100001628,1000,2025,2025-02-14,460000,Werbekosten,6277.48,S,V10033,Rechnung V10033 02/2025,SCHMIDT_A,BAUER_C
5100001629,1000,2025,2025-04-01,460000,Werbekosten,897.94,S,V10035,Rechnung V10035 04/2025,HOFFMANN_S,MEYER_R
5100001630,1000,2025,2025-09-08,470000,Instandhaltung,2764.32,S,V10018,Rechnung V10018 09/2025,HOFFMANN_S,MEYER_R
5100001631,1000,2025,2025-06-18,450000,Mietaufwand,69.98,S,V10029,Rechnung V10029 06/2025,KOCH_J,WAGNER_P
5100001632,1000,2025,2025-03-20,420000,Reisekosten,130.42,S,V10010,Rechnung V10010 03/2025,KOCH_J,MEYER_R
5100001633,1000,2025,2025-10-20,430000,Beratungskosten,622.35,S,V10035,Rechnung V10035 10/2025,WEBER_K,MEYER_R
5100001634,1000,2025,2025-02-14,450000,Mietaufwand,479.5,S,V10015,Rechnung V10015 02/2025,HOFFMANN_S,WAGNER_P
5100001635,1000,2025,2025-03-20,410000,Bürobedarf,775.04,S,V10011,Rechnung V10011 03/2025,FISCHER_L,MEYER_R
5100001636,1000,2025,2025-06-24,440000,IT-Dienstleistungen,2793.99,S,V10021,Rechnung V10021 06/2025,BECKER_M,MEYER_R
5100001637,1000,2025,2025-01-16,440000,IT-Dienstleistungen,29.24,S,V10011,Rechnung V10011 01/2025,WEBER_K,BAUER_C
5100001638,1000,2025,2025-05-22,450000,Mietaufwand,2340.48,S,V10025,Rechnung V10025 05/2025,BECKER_M,MEYER_R
5100001639,1000,2025,2025-11-27,430000,Beratungskosten,499.32,S,V10030,Rechnung V10030 11/2025,KOCH_J,BAUER_C
5100001640,1000,2025,2025-12-09,450000,Mietaufwand,355.65,S,V10017,Rechnung V10017 12/2025,BECKER_M,BAUER_C
5100001641,1000,2025,2025-11-13,400000,Materialaufwand,46.82,S,V10032,Rechnung V10032 11/2025,KOCH_J,BAUER_C
5100001642,1000,2025,2025-04-29,450000,Mietaufwand,1102.0,S,V10018,Rechnung V10018 04/2025,KOCH_J,MEYER_R
5100001643,1000,2025,2025-01-27,460000,Werbekosten,10.35,S,V10039,Rechnung V10039 01/2025,SCHMIDT_A,MEYER_R
5100001644,1000,2025,2025-10-24,470000,Instandhaltung,1390.52,S,V10011,Rechnung V10011 10/2025,KOCH_J,BAUER_C
5100001645,1000,2025,2025-05-19,470000,Instandhaltung,45.27,S,V10029,Rechnung V10029 05/2025,HOFFMANN_S,MEYER_R
5100001646,1000,2025,2025-10-01,420000,Reisekosten,536.75,S,V10022,Rechnung V10022 10/2025,FISCHER_L,WAGNER_P
5100001647,1000,2025,2025-02-13,400000,Materialaufwand,407.21,S,V10038,Rechnung V10038 02/2025,BECKER_M,WAGNER_P
5100001648,1000,2025,2025-09-02,450000,Mietaufwand,3201.14,S,V10009,Rechnung V10009 09/2025,BECKER_M,BAUER_C
5100001649,1000,2025,2025-08-05,400000,Materialaufwand,370.24,S,V10008,Rechnung V10008 08/2025,HOFFMANN_S,BAUER_C
5100001650,1000,2025,2025-12-02,420000,Reisekosten,162.29,S,V10035,Rechnung V10035 12/2025,HOFFMANN_S,MEYER_R
5100001651,1000,2025,2025-02-07,450000,Mietaufwand,219.08,S,V10037,Rechnung V10037 02/2025,SCHMIDT_A,WAGNER_P
5100001652,1000,2025,2025-05-30,440000,IT-Dienstleistungen,3776.72,S,V10030,Rechnung V10030 05/2025,SCHMIDT_A,WAGNER_P
5100001653,1000,2025,2025-12-29,440000,IT-Dienstleistungen,1162.21,S,V10019,Rechnung V10019 12/2025,WEBER_K,BAUER_C
5100001654,1000,2025,2025-05-23,460000,Werbekosten,265.87,S,V10017,Rechnung V10017 05/2025,BECKER_M,WAGNER_P
5100001655,1000,2025,2025-08-29,410000,Bürobedarf,337.54,S,V10027,Rechnung V10027 08/2025,KOCH_J,MEYER_R
5100001656,1000,2025,2025-02-28,460000,Werbekosten,40.15,S,V10030,Rechnung V10030 02/2025,BECKER_M,BAUER_C
5100001657,1000,2025,2025-09-24,440000,IT-Dienstleistungen,917.41,S,V10012,Rechnung V10012 09/2025,SCHMIDT_A,WAGNER_P
5100001658,1000,2025,2025-04-09,430000,Beratungskosten,29.5,S,V10001,Rechnung V10001 04/2025,HOFFMANN_S,MEYER_R
5100001659,1000,2025,2025-07-31,430000,Beratungskosten,1640.69,S,V10003,Rechnung V10003 07/2025,FISCHER_L,MEYER_R
5100001660,1000,2025,2025-11-17,440000,IT-Dienstleistungen,605.34,S,V10014,Rechnung V10014 11/2025,FISCHER_L,MEYER_R
5100001661,1000,2025,2025-09-01,440000,IT-Dienstleistungen,22451.73,S,V10028,Rechnung V10028 09/2025,HOFFMANN_S,BAUER_C
5100001662,1000,2025,2025-06-26,420000,Reisekosten,84.76,S,V10018,Rechnung V10018 06/2025,WEBER_K,BAUER_C
5100001663,1000,2025,2025-03-11,410000,Bürobedarf,418.11,S,V10025,Rechnung V10025 03/2025,BECKER_M,WAGNER_P
5100001664,1000,2025,2025-05-07,410000,Bürobedarf,8753.95,S,V10019,Rechnung V10019 05/2025,WEBER_K,MEYER_R
5100001665,1000,2025,2025-11-06,420000,Reisekosten,3315.03,S,V10011,Rechnung V10011 11/2025,FISCHER_L,BAUER_C
5100001666,1000,2025,2025-03-20,420000,Reisekosten,161.75,S,V10030,Rechnung V10030 03/2025,BECKER_M,WAGNER_P
5100001667,1000,2025,2025-08-29,440000,IT-Dienstleistungen,705.11,S,V10029,Rechnung V10029 08/2025,BECKER_M,WAGNER_P
5100001668,1000,2025,2025-03-23,470000,Instandhaltung,494.33,S,V10039,Rechnung V10039 07/2025,KOCH_J,MEYER_R
5100001669,1000,2025,2025-04-29,400000,Materialaufwand,773.66,S,V10034,Rechnung V10034 04/2025,WEBER_K,BAUER_C
5100001670,1000,2025,2025-09-19,420000,Reisekosten,161.11,S,V10016,Rechnung V10016 09/2025,KOCH_J,MEYER_R
5100001671,1000,2025,2025-05-14,400000,Materialaufwand,427.13,S,V10029,Rechnung V10029 05/2025,HOFFMANN_S,WAGNER_P
5100001672,1000,2025,2025-04-14,470000,Instandhaltung,38.21,S,V10015,Rechnung V10015 04/2025,FISCHER_L,WAGNER_P
5100001673,1000,2025,2025-07-16,450000,Mietaufwand,611.67,S,V10035,Rechnung V10035 07/2025,SCHMIDT_A,WAGNER_P
5100001674,1000,2025,2025-10-06,410000,Bürobedarf,1012.35,S,V10025,Rechnung V10025 10/2025,WEBER_K,WAGNER_P
5100001675,1000,2025,2025-11-12,430000,Beratungskosten,342.45,S,V10034,Rechnung V10034 11/2025,BECKER_M,WAGNER_P
5100001676,1000,2025,2025-08-20,450000,Mietaufwand,37.19,S,V10012,Rechnung V10012 08/2025,HOFFMANN_S,WAGNER_P
5100001677,1000,2025,2025-09-01,470000,Instandhaltung,2396.23,S,V10001,Rechnung V10001 09/2025,BECKER_M,WAGNER_P
5100001678,1000,2025,2025-10-15,440000,IT-Dienstleistungen,882.92,S,V10006,Rechnung V10006 10/2025,HOFFMANN_S,WAGNER_P
5100001679,1000,2025,2025-04-08,420000,Reisekosten,154.22,S,V10022,Rechnung V10022 04/2025,SCHMIDT_A,BAUER_C
5100001680,1000,2025,2025-04-01,450000,Mietaufwand,314.52,S,V10039,Rechnung V10039 04/2025,BECKER_M,BAUER_C
5100001681,1000,2025,2025-06-30,450000,Mietaufwand,44.65,S,V10026,Rechnung V10026 06/2025,KOCH_J,MEYER_R
5100001682,1000,2025,2025-08-20,450000,Mietaufwand,95.52,S,V10033,Rechnung V10033 08/2025,FISCHER_L,BAUER_C
5100001683,1000,2025,2025-08-26,400000,Materialaufwand,208.41,S,V10019,Rechnung V10019 08/2025,KOCH_J,MEYER_R
5100001684,1000,2025,2025-02-26,450000,Mietaufwand,3517.39,S,V10039,Rechnung V10039 02/2025,SCHMIDT_A,MEYER_R
5100001685,1000,2025,2025-10-14,400000,Materialaufwand,177.11,S,V10038,Rechnung V10038 10/2025,KOCH_J,WAGNER_P
5100001686,1000,2025,2025-05-14,470000,Instandhaltung,1372.44,S,V10009,Rechnung V10009 05/2025,HOFFMANN_S,MEYER_R
5100001687,1000,2025,2025-11-17,470000,Instandhaltung,208.24,S,V10035,Rechnung V10035 11/2025,BECKER_M,WAGNER_P
5100001688,1000,2025,2025-09-23,440000,IT-Dienstleistungen,732.69,S,V10001,Rechnung V10001 09/2025,BECKER_M,MEYER_R
5100001689,1000,2025,2025-12-23,450000,Mietaufwand,392.98,S,V10024,Rechnung V10024 12/2025,KOCH_J,WAGNER_P
5100001690,1000,2025,2025-08-20,400000,Materialaufwand,1991.99,S,V10018,Rechnung V10018 08/2025,FISCHER_L,BAUER_C
5100001691,1000,2025,2025-07-15,460000,Werbekosten,209.41,S,V10013,Rechnung V10013 07/2025,SCHMIDT_A,BAUER_C
5100001692,1000,2025,2025-03-10,420000,Reisekosten,39.8,S,V10038,Rechnung V10038 03/2025,KOCH_J,WAGNER_P
5100001693,1000,2025,2025-05-27,420000,Reisekosten,53.99,S,V10027,Rechnung V10027 05/2025,SCHMIDT_A,MEYER_R
5100001694,1000,2025,2025-11-10,450000,Mietaufwand,210.4,S,V10006,Rechnung V10006 11/2025,BECKER_M,BAUER_C
5100001695,1000,2025,2025-05-21,470000,Instandhaltung,66.79,S,V10006,Rechnung V10006 05/2025,WEBER_K,MEYER_R
5100001696,1000,2025,2025-01-22,430000,Beratungskosten,949.88,S,V10005,Rechnung V10005 01/2025,KOCH_J,WAGNER_P
5100001697,1000,2025,2025-03-31,440000,IT-Dienstleistungen,233.87,S,V10013,Rechnung V10013 03/2025,KOCH_J,MEYER_R
5100001698,1000,2025,2025-08-07,440000,IT-Dienstleistungen,22012.6,S,V10003,Rechnung V10003 08/2025,FISCHER_L,WAGNER_P
5100001699,1000,2025,2025-08-20,420000,Reisekosten,30.56,S,V10011,Rechnung V10011 08/2025,BECKER_M,MEYER_R
5100001700,1000,2025,2025-12-23,440000,IT-Dienstleistungen,682.53,S,V10031,Rechnung V10031 12/2025,FISCHER_L,BAUER_C
5100001701,1000,2025,2025-12-05,470000,Instandhaltung,81.07,S,V10035,Rechnung V10035 12/2025,FISCHER_L,MEYER_R
5100001702,1000,2025,2025-07-16,430000,Beratungskosten,223.76,S,V10032,Rechnung V10032 07/2025,KOCH_J,WAGNER_P
5100001703,1000,2025,2025-07-24,460000,Werbekosten,617.87,S,V10020,Rechnung V10020 07/2025,WEBER_K,WAGNER_P
5100001704,1000,2025,2025-10-21,460000,Werbekosten,11.93,S,V10028,Rechnung V10028 10/2025,KOCH_J,WAGNER_P
5100001705,1000,2025,2025-01-21,460000,Werbekosten,719.76,S,V10038,Rechnung V10038 01/2025,BECKER_M,WAGNER_P
5100001706,1000,2025,2025-08-07,450000,Mietaufwand,10349.07,S,V10003,Rechnung V10003 08/2025,KOCH_J,MEYER_R
5100001707,1000,2025,2025-06-26,470000,Instandhaltung,238.53,S,V10037,Rechnung V10037 06/2025,BECKER_M,BAUER_C
5100001708,1000,2025,2025-10-14,450000,Mietaufwand,746.72,S,V10029,Rechnung V10029 10/2025,HOFFMANN_S,WAGNER_P
5100001709,1000,2025,2025-10-21,470000,Instandhaltung,2539.89,S,V10016,Rechnung V10016 10/2025,FISCHER_L,MEYER_R
5100001710,1000,2025,2025-08-28,450000,Mietaufwand,379.05,S,V10018,Rechnung V10018 08/2025,FISCHER_L,MEYER_R
5100001711,1000,2025,2025-08-29,460000,Werbekosten,194.51,S,V10018,Rechnung V10018 08/2025,WEBER_K,WAGNER_P
5100001712,1000,2025,2025-09-10,470000,Instandhaltung,12.92,S,V10007,Rechnung V10007 09/2025,WEBER_K,BAUER_C
5100001713,1000,2025,2025-08-04,470000,Instandhaltung,1374.14,S,V10010,Rechnung V10010 08/2025,SCHMIDT_A,BAUER_C
5100001714,1000,2025,2025-03-24,440000,IT-Dienstleistungen,411.14,S,V10012,Rechnung V10012 03/2025,FISCHER_L,WAGNER_P
5100001715,1000,2025,2025-04-14,450000,Mietaufwand,97.49,S,V10001,Rechnung V10001 04/2025,KOCH_J,WAGNER_P
5100001716,1000,2025,2025-09-29,470000,Instandhaltung,603.38,S,V10021,Rechnung V10021 09/2025,KOCH_J,MEYER_R
5100001717,1000,2025,2025-08-15,430000,Beratungskosten,193.66,S,V10020,Rechnung V10020 08/2025,HOFFMANN_S,WAGNER_P
5100001718,1000,2025,2025-03-27,400000,Materialaufwand,211.56,S,V10014,Rechnung V10014 03/2025,FISCHER_L,MEYER_R
5100001719,1000,2025,2025-11-17,470000,Instandhaltung,1299.93,S,V10008,Rechnung V10008 11/2025,BECKER_M,BAUER_C
5100001720,1000,2025,2025-12-23,450000,Mietaufwand,57.89,S,V10039,Rechnung V10039 12/2025,HOFFMANN_S,WAGNER_P
5100001721,1000,2025,2025-08-19,430000,Beratungskosten,2632.54,S,V10028,Rechnung V10028 08/2025,SCHMIDT_A,MEYER_R
5100001722,1000,2025,2025-03-24,450000,Mietaufwand,52.65,S,V10019,Rechnung V10019 03/2025,KOCH_J,BAUER_C
5100001723,1000,2025,2025-12-08,430000,Beratungskosten,4572.55,S,V10029,Rechnung V10029 12/2025,KOCH_J,BAUER_C
5100001724,1000,2025,2025-03-27,430000,Beratungskosten,10686.26,S,V10015,Rechnung V10015 03/2025,KOCH_J,MEYER_R
5100001725,1000,2025,2025-06-11,420000,Reisekosten,2992.21,S,V10009,Rechnung V10009 06/2025,SCHMIDT_A,MEYER_R
5100001726,1000,2025,2025-11-10,420000,Reisekosten,576.03,S,V10027,Rechnung V10027 11/2025,KOCH_J,MEYER_R
5100001727,1000,2025,2025-07-14,470000,Instandhaltung,109.42,S,V10031,Rechnung V10031 07/2025,BECKER_M,WAGNER_P
5100001728,1000,2025,2025-03-28,440000,IT-Dienstleistungen,211.28,S,V10027,Rechnung V10027 03/2025,BECKER_M,WAGNER_P
5100001729,1000,2025,2025-01-31,410000,Bürobedarf,554.04,S,V10023,Rechnung V10023 01/2025,WEBER_K,BAUER_C
5100001730,1000,2025,2025-05-14,420000,Reisekosten,523.24,S,V10001,Rechnung V10001 05/2025,FISCHER_L,BAUER_C
5100001731,1000,2025,2025-09-04,410000,Bürobedarf,426.07,S,V10026,Rechnung V10026 09/2025,FISCHER_L,BAUER_C
5100001732,1000,2025,2025-09-18,470000,Instandhaltung,469.03,S,V10025,Rechnung V10025 09/2025,KOCH_J,BAUER_C
5100001733,1000,2025,2025-03-21,420000,Reisekosten,349.67,S,V10017,Rechnung V10017 03/2025,FISCHER_L,MEYER_R
5100001734,1000,2025,2025-02-27,420000,Reisekosten,49.05,S,V10010,Rechnung V10010 02/2025,WEBER_K,MEYER_R
5100001735,1000,2025,2025-09-15,420000,Reisekosten,215.63,S,V10040,Rechnung V10040 09/2025,KOCH_J,BAUER_C
5100001736,1000,2025,2025-02-27,410000,Bürobedarf,2128.98,S,V10016,Rechnung V10016 02/2025,WEBER_K,WAGNER_P
5100001737,1000,2025,2025-01-27,460000,Werbekosten,55.18,S,V10011,Rechnung V10011 01/2025,KOCH_J,MEYER_R
5100001738,1000,2025,2025-07-01,440000,IT-Dienstleistungen,363.84,S,V10029,Rechnung V10029 07/2025,KOCH_J,BAUER_C
5100001739,1000,2025,2025-07-30,430000,Beratungskosten,132.74,S,V10020,Rechnung V10020 07/2025,WEBER_K,MEYER_R
5100001740,1000,2025,2025-03-28,430000,Beratungskosten,588.84,S,V10023,Rechnung V10023 03/2025,HOFFMANN_S,BAUER_C
5100001741,1000,2025,2025-03-18,450000,Mietaufwand,264.59,S,V10026,Rechnung V10026 03/2025,HOFFMANN_S,BAUER_C
5100001742,1000,2025,2025-03-26,400000,Materialaufwand,5238.71,S,V10015,Rechnung V10015 03/2025,BECKER_M,WAGNER_P
5100001743,1000,2025,2025-05-07,470000,Instandhaltung,1108.25,S,V10007,Rechnung V10007 05/2025,HOFFMANN_S,WAGNER_P
5100001744,1000,2025,2025-01-07,440000,IT-Dienstleistungen,60.41,S,V10007,Rechnung V10007 01/2025,SCHMIDT_A,BAUER_C
5100001745,1000,2025,2025-01-07,410000,Bürobedarf,1442.26,S,V10038,Rechnung V10038 01/2025,BECKER_M,BAUER_C
5100001746,1000,2025,2025-05-16,440000,IT-Dienstleistungen,142.67,S,V10021,Rechnung V10021 05/2025,BECKER_M,WAGNER_P
5100001747,1000,2025,2025-03-30,460000,Werbekosten,195.74,S,V10017,Rechnung V10017 01/2025,BECKER_M,MEYER_R
5100001748,1000,2025,2025-04-28,410000,Bürobedarf,814.12,S,V10013,Rechnung V10013 04/2025,KOCH_J,MEYER_R
5100001749,1000,2025,2025-08-04,440000,IT-Dienstleistungen,224.35,S,V10029,Rechnung V10029 08/2025,HOFFMANN_S,WAGNER_P
5100001750,1000,2025,2025-01-14,440000,IT-Dienstleistungen,2056.11,S,V10037,Rechnung V10037 01/2025,BECKER_M,MEYER_R
5100001751,1000,2025,2025-08-15,460000,Werbekosten,142.71,S,V10031,Rechnung V10031 08/2025,FISCHER_L,BAUER_C
5100001752,1000,2025,2025-08-18,440000,IT-Dienstleistungen,183.04,S,V10022,Rechnung V10022 08/2025,FISCHER_L,WAGNER_P
5100001753,1000,2025,2025-07-31,450000,Mietaufwand,172.4,S,V10020,Rechnung V10020 07/2025,SCHMIDT_A,BAUER_C
5100001754,1000,2025,2025-08-19,460000,Werbekosten,199.33,S,V10035,Rechnung V10035 08/2025,BECKER_M,MEYER_R
5100001755,1000,2025,2025-10-23,470000,Instandhaltung,2860.37,S,V10035,Rechnung V10035 10/2025,WEBER_K,MEYER_R
5100001756,1000,2025,2025-01-28,420000,Reisekosten,1347.59,S,V10016,Rechnung V10016 01/2025,KOCH_J,WAGNER_P
5100001757,1000,2025,2025-03-04,450000,Mietaufwand,7600.05,S,V10039,Rechnung V10039 03/2025,HOFFMANN_S,MEYER_R
5100001758,1000,2025,2025-04-28,410000,Bürobedarf,18550.1,S,V10034,Rechnung V10034 04/2025,KOCH_J,BAUER_C
5100001759,1000,2025,2025-09-10,460000,Werbekosten,94.71,S,V10034,Rechnung V10034 09/2025,KOCH_J,WAGNER_P
5100001760,1000,2025,2025-11-14,470000,Instandhaltung,551.52,S,V10003,Rechnung V10003 11/2025,FISCHER_L,BAUER_C
5100001761,1000,2025,2025-12-01,420000,Reisekosten,75.04,S,V10006,Rechnung V10006 12/2025,FISCHER_L,BAUER_C
5100001762,1000,2025,2025-08-04,440000,IT-Dienstleistungen,142.0,S,V10012,Rechnung V10012 08/2025,BECKER_M,MEYER_R
5100001763,1000,2025,2025-06-02,460000,Werbekosten,179.8,S,V10031,Rechnung V10031 06/2025,FISCHER_L,BAUER_C
5100001764,1000,2025,2025-06-02,400000,Materialaufwand,90.79,S,V10004,Rechnung V10004 06/2025,WEBER_K,MEYER_R
5100001765,1000,2025,2025-01-23,450000,Mietaufwand,91.56,S,V10004,Rechnung V10004 01/2025,HOFFMANN_S,BAUER_C
5100001766,1000,2025,2025-06-24,460000,Werbekosten,391.17,S,V10002,Rechnung V10002 06/2025,FISCHER_L,BAUER_C
5100001767,1000,2025,2025-07-10,460000,Werbekosten,70.33,S,V10008,Rechnung V10008 07/2025,KOCH_J,BAUER_C
5100001768,1000,2025,2025-03-18,410000,Bürobedarf,1895.81,S,V10037,Rechnung V10037 03/2025,WEBER_K,WAGNER_P
5100001769,1000,2025,2025-10-08,460000,Werbekosten,113.48,S,V10029,Rechnung V10029 10/2025,FISCHER_L,MEYER_R
5100001770,1000,2025,2025-10-23,460000,Werbekosten,44148.33,S,V10029,Rechnung V10029 10/2025,BECKER_M,MEYER_R
5100001771,1000,2025,2025-04-22,400000,Materialaufwand,239.32,S,V10012,Rechnung V10012 04/2025,KOCH_J,MEYER_R
5100001772,1000,2025,2025-11-28,450000,Mietaufwand,552.93,S,V10026,Rechnung V10026 11/2025,BECKER_M,BAUER_C
5100001773,1000,2025,2025-02-10,450000,Mietaufwand,62.02,S,V10032,Rechnung V10032 02/2025,SCHMIDT_A,WAGNER_P
5100001774,1000,2025,2025-11-27,470000,Instandhaltung,7553.35,S,V10022,Rechnung V10022 11/2025,FISCHER_L,MEYER_R
5100001775,1000,2025,2025-10-09,400000,Materialaufwand,2954.84,S,V10035,Rechnung V10035 10/2025,KOCH_J,MEYER_R
5100001776,1000,2025,2025-03-21,470000,Instandhaltung,792.4,S,V10023,Rechnung V10023 03/2025,WEBER_K,MEYER_R
5100001777,1000,2025,2025-08-27,440000,IT-Dienstleistungen,57.12,S,V10013,Rechnung V10013 08/2025,FISCHER_L,MEYER_R
5100001778,1000,2025,2025-04-24,420000,Reisekosten,690.26,S,V10026,Rechnung V10026 04/2025,SCHMIDT_A,BAUER_C
5100001779,1000,2025,2025-10-20,430000,Beratungskosten,81.92,S,V10038,Rechnung V10038 10/2025,HOFFMANN_S,BAUER_C
5100001780,1000,2025,2025-02-28,460000,Werbekosten,5114.16,S,V10034,Rechnung V10034 02/2025,SCHMIDT_A,WAGNER_P
5100001781,1000,2025,2025-03-31,470000,Instandhaltung,1798.51,S,V10020,Rechnung V10020 03/2025,FISCHER_L,BAUER_C
5100001782,1000,2025,2025-04-23,420000,Reisekosten,574.04,S,V10024,Rechnung V10024 04/2025,HOFFMANN_S,WAGNER_P
5100001783,1000,2025,2025-03-13,470000,Instandhaltung,9.99,S,V10040,Rechnung V10040 03/2025,KOCH_J,MEYER_R
5100001784,1000,2025,2025-05-05,450000,Mietaufwand,102.16,S,V10030,Rechnung V10030 05/2025,WEBER_K,BAUER_C
5100001785,1000,2025,2025-08-11,410000,Bürobedarf,1480.92,S,V10021,Rechnung V10021 08/2025,WEBER_K,MEYER_R
5100001786,1000,2025,2025-08-21,440000,IT-Dienstleistungen,3431.02,S,V10012,Rechnung V10012 08/2025,SCHMIDT_A,BAUER_C
5100001787,1000,2025,2025-07-24,460000,Werbekosten,2906.4,S,V10037,Rechnung V10037 07/2025,FISCHER_L,BAUER_C
5100001788,1000,2025,2025-03-11,400000,Materialaufwand,38.58,S,V10040,Rechnung V10040 03/2025,KOCH_J,MEYER_R
5100001789,1000,2025,2025-03-14,400000,Materialaufwand,798.3,S,V10003,Rechnung V10003 03/2025,WEBER_K,MEYER_R
5100001790,1000,2025,2025-12-01,400000,Materialaufwand,2501.95,S,V10002,Rechnung V10002 12/2025,WEBER_K,WAGNER_P
5100001791,1000,2025,2025-04-01,440000,IT-Dienstleistungen,34.7,S,V10005,Rechnung V10005 04/2025,FISCHER_L,BAUER_C
5100001792,1000,2025,2025-02-07,400000,Materialaufwand,486.56,S,V10016,Rechnung V10016 02/2025,KOCH_J,MEYER_R
5100001793,1000,2025,2025-06-18,470000,Instandhaltung,763.68,S,V10007,Rechnung V10007 06/2025,BECKER_M,BAUER_C
5100001794,1000,2025,2025-01-03,410000,Bürobedarf,304.53,S,V10036,Rechnung V10036 01/2025,BECKER_M,WAGNER_P
5100001795,1000,2025,2025-05-07,400000,Materialaufwand,25.45,S,V10037,Rechnung V10037 05/2025,HOFFMANN_S,BAUER_C
5100001796,1000,2025,2025-11-07,420000,Reisekosten,292.62,S,V10008,Rechnung V10008 11/2025,HOFFMANN_S,WAGNER_P
5100001797,1000,2025,2025-04-07,460000,Werbekosten,291.87,S,V10034,Rechnung V10034 04/2025,BECKER_M,WAGNER_P
5100001798,1000,2025,2025-04-06,470000,Instandhaltung,388.81,S,V10006,Rechnung V10006 09/2025,BECKER_M,WAGNER_P
5100001799,1000,2025,2025-07-02,420000,Reisekosten,200.03,S,V10032,Rechnung V10032 07/2025,BECKER_M,MEYER_R
5100001800,1000,2025,2025-05-12,440000,IT-Dienstleistungen,242.54,S,V10015,Rechnung V10015 05/2025,WEBER_K,MEYER_R
5100001801,1000,2025,2025-09-01,460000,Werbekosten,462.42,S,V10002,Rechnung V10002 09/2025,FISCHER_L,MEYER_R
5100001802,1000,2025,2025-08-07,460000,Werbekosten,1000.17,S,V10018,Rechnung V10018 08/2025,KOCH_J,BAUER_C
5100001803,1000,2025,2025-04-28,410000,Bürobedarf,302.75,S,V10033,Rechnung V10033 04/2025,SCHMIDT_A,WAGNER_P
5100001804,1000,2025,2025-03-21,460000,Werbekosten,255.84,S,V10038,Rechnung V10038 03/2025,HOFFMANN_S,WAGNER_P
5100001805,1000,2025,2025-12-01,460000,Werbekosten,571.22,S,V10005,Rechnung V10005 12/2025,BECKER_M,BAUER_C
5100001806,1000,2025,2025-03-04,450000,Mietaufwand,22.79,S,V10034,Rechnung V10034 03/2025,FISCHER_L,BAUER_C
5100001807,1000,2025,2025-12-15,440000,IT-Dienstleistungen,1057.07,S,V10012,Rechnung V10012 12/2025,SCHMIDT_A,MEYER_R
5100001808,1000,2025,2025-06-25,430000,Beratungskosten,492.31,S,V10019,Rechnung V10019 06/2025,HOFFMANN_S,WAGNER_P
5100001809,1000,2025,2025-12-31,470000,Instandhaltung,525.06,S,V10005,Rechnung V10005 12/2025,SCHMIDT_A,WAGNER_P
5100001810,1000,2025,2025-05-12,460000,Werbekosten,2291.99,S,V10039,Rechnung V10039 05/2025,BECKER_M,BAUER_C
5100001811,1000,2025,2025-07-29,440000,IT-Dienstleistungen,21.66,S,V10032,Rechnung V10032 07/2025,SCHMIDT_A,BAUER_C
5100001812,1000,2025,2025-08-14,450000,Mietaufwand,20.94,S,V10026,Rechnung V10026 08/2025,KOCH_J,WAGNER_P
5100001813,1000,2025,2025-05-06,430000,Beratungskosten,763.63,S,V10030,Rechnung V10030 05/2025,WEBER_K,MEYER_R
5100001814,1000,2025,2025-03-20,450000,Mietaufwand,487.17,S,V10035,Rechnung V10035 03/2025,HOFFMANN_S,WAGNER_P
5100001815,1000,2025,2025-07-14,400000,Materialaufwand,646.96,S,V10006,Rechnung V10006 07/2025,BECKER_M,MEYER_R
5100001816,1000,2025,2025-09-01,470000,Instandhaltung,235.24,S,V10010,Rechnung V10010 09/2025,SCHMIDT_A,BAUER_C
5100001817,1000,2025,2025-04-04,440000,IT-Dienstleistungen,1426.48,S,V10002,Rechnung V10002 04/2025,HOFFMANN_S,BAUER_C
5100001818,1000,2025,2025-10-08,440000,IT-Dienstleistungen,2191.24,S,V10020,Rechnung V10020 10/2025,KOCH_J,BAUER_C
5100001819,1000,2025,2025-08-22,410000,Bürobedarf,1068.89,S,V10020,Rechnung V10020 08/2025,WEBER_K,MEYER_R
5100001820,1000,2025,2025-03-03,430000,Beratungskosten,4576.65,S,V10002,Rechnung V10002 03/2025,KOCH_J,WAGNER_P
5100001821,1000,2025,2025-12-08,400000,Materialaufwand,16.91,S,V10027,Rechnung V10027 12/2025,HOFFMANN_S,BAUER_C
5100001822,1000,2025,2025-01-17,470000,Instandhaltung,1687.12,S,V10001,Rechnung V10001 01/2025,HOFFMANN_S,WAGNER_P
5100001823,1000,2025,2025-08-28,450000,Mietaufwand,3479.92,S,V10032,Rechnung V10032 08/2025,FISCHER_L,BAUER_C
5100001824,1000,2025,2025-06-12,430000,Beratungskosten,1382.01,S,V10029,Rechnung V10029 06/2025,SCHMIDT_A,WAGNER_P
5100001825,1000,2025,2025-08-28,460000,Werbekosten,120.61,S,V10033,Rechnung V10033 08/2025,FISCHER_L,WAGNER_P
5100001826,1000,2025,2025-10-10,460000,Werbekosten,1448.19,S,V10005,Rechnung V10005 10/2025,HOFFMANN_S,WAGNER_P
5100001827,1000,2025,2025-09-09,400000,Materialaufwand,1952.46,S,V10035,Rechnung V10035 09/2025,BECKER_M,MEYER_R
5100001828,1000,2025,2025-08-27,400000,Materialaufwand,5967.64,S,V10022,Rechnung V10022 08/2025,BECKER_M,WAGNER_P
5100001829,1000,2025,2025-11-04,420000,Reisekosten,121.29,S,V10035,Rechnung V10035 11/2025,HOFFMANN_S,MEYER_R
5100001830,1000,2025,2025-09-15,400000,Materialaufwand,342.98,S,V10028,Rechnung V10028 09/2025,FISCHER_L,BAUER_C
5100001831,1000,2025,2025-10-24,440000,IT-Dienstleistungen,1628.86,S,V10027,Rechnung V10027 10/2025,SCHMIDT_A,WAGNER_P
5100001832,1000,2025,2025-05-28,440000,IT-Dienstleistungen,540.15,S,V10002,Rechnung V10002 05/2025,KOCH_J,WAGNER_P
5100001833,1000,2025,2025-03-14,440000,IT-Dienstleistungen,82.46,S,V10028,Rechnung V10028 03/2025,BECKER_M,BAUER_C
5100001834,1000,2025,2025-03-26,400000,Materialaufwand,956.6,S,V10018,Rechnung V10018 03/2025,BECKER_M,WAGNER_P
5100001835,1000,2025,2025-08-14,470000,Instandhaltung,1243.72,S,V10034,Rechnung V10034 08/2025,BECKER_M,BAUER_C
5100001836,1000,2025,2025-07-16,470000,Instandhaltung,567.22,S,V10028,Rechnung V10028 07/2025,KOCH_J,WAGNER_P
5100001837,1000,2025,2025-01-30,440000,IT-Dienstleistungen,700.18,S,V10003,Rechnung V10003 01/2025,HOFFMANN_S,BAUER_C
5100001838,1000,2025,2025-03-17,400000,Materialaufwand,325.73,S,V10036,Rechnung V10036 03/2025,HOFFMANN_S,BAUER_C
5100001839,1000,2025,2025-12-17,430000,Beratungskosten,5246.13,S,V10003,Rechnung V10003 12/2025,HOFFMANN_S,MEYER_R
5100001840,1000,2025,2025-09-23,450000,Mietaufwand,116.62,S,V10012,Rechnung V10012 09/2025,WEBER_K,MEYER_R
5100001841,1000,2025,2025-10-02,450000,Mietaufwand,192.54,S,V10009,Rechnung V10009 10/2025,HOFFMANN_S,BAUER_C
5100001842,1000,2025,2025-03-13,410000,Bürobedarf,501.49,S,V10039,Rechnung V10039 03/2025,KOCH_J,MEYER_R
5100001843,1000,2025,2025-01-27,460000,Werbekosten,2010.88,S,V10007,Rechnung V10007 01/2025,WEBER_K,BAUER_C
5100001844,1000,2025,2025-04-15,470000,Instandhaltung,44.89,S,V10034,Rechnung V10034 04/2025,BECKER_M,MEYER_R
5100001845,1000,2025,2025-11-10,440000,IT-Dienstleistungen,60.55,S,V10009,Rechnung V10009 11/2025,HOFFMANN_S,BAUER_C
5100001846,1000,2025,2025-07-08,430000,Beratungskosten,18.91,S,V10027,Rechnung V10027 07/2025,BECKER_M,BAUER_C
5100001847,1000,2025,2025-10-15,440000,IT-Dienstleistungen,519.21,S,V10004,Rechnung V10004 10/2025,KOCH_J,WAGNER_P
5100001848,1000,2025,2025-07-01,400000,Materialaufwand,82.33,S,V10016,Rechnung V10016 07/2025,FISCHER_L,WAGNER_P
5100001849,1000,2025,2025-07-02,440000,IT-Dienstleistungen,266.33,S,V10025,Rechnung V10025 07/2025,WEBER_K,WAGNER_P
5100001850,1000,2025,2025-08-11,400000,Materialaufwand,1419.71,S,V10029,Rechnung V10029 08/2025,SCHMIDT_A,WAGNER_P
5100001851,1000,2025,2025-12-15,400000,Materialaufwand,176.54,S,V10035,Rechnung V10035 12/2025,KOCH_J,WAGNER_P
5100001852,1000,2025,2025-06-12,440000,IT-Dienstleistungen,713.41,S,V10033,Rechnung V10033 06/2025,HOFFMANN_S,MEYER_R
5100001853,1000,2025,2025-08-07,430000,Beratungskosten,4947.79,S,V10021,Rechnung V10021 08/2025,KOCH_J,MEYER_R
5100001854,1000,2025,2025-12-01,470000,Instandhaltung,1444.3,S,V10013,Rechnung V10013 12/2025,FISCHER_L,BAUER_C
5100001855,1000,2025,2025-05-19,440000,IT-Dienstleistungen,1053.85,S,V10011,Rechnung V10011 05/2025,FISCHER_L,BAUER_C
5100001856,1000,2025,2025-11-03,470000,Instandhaltung,162.86,S,V10040,Rechnung V10040 11/2025,KOCH_J,WAGNER_P
5100001857,1000,2025,2025-07-17,460000,Werbekosten,2000.0,S,V10025,Rechnung V10025 07/2025,HOFFMANN_S,BAUER_C
5100001858,1000,2025,2025-11-17,420000,Reisekosten,2617.54,S,V10037,Rechnung V10037 11/2025,KOCH_J,WAGNER_P
5100001859,1000,2025,2025-06-24,470000,Instandhaltung,924.64,S,V10018,Rechnung V10018 06/2025,HOFFMANN_S,WAGNER_P
5100001860,1000,2025,2025-08-20,430000,Beratungskosten,52.71,S,V10020,Rechnung V10020 08/2025,HOFFMANN_S,MEYER_R
5100001861,1000,2025,2025-04-29,440000,IT-Dienstleistungen,1406.68,S,V10034,Rechnung V10034 04/2025,BECKER_M,WAGNER_P
5100001862,1000,2025,2025-08-21,400000,Materialaufwand,86.89,S,V10029,Rechnung V10029 08/2025,WEBER_K,MEYER_R
5100001863,1000,2025,2025-04-30,410000,Bürobedarf,4722.16,S,V10009,Rechnung V10009 04/2025,BECKER_M,BAUER_C
5100001864,1000,2025,2025-08-13,440000,IT-Dienstleistungen,2536.54,S,V10021,Rechnung V10021 08/2025,HOFFMANN_S,MEYER_R
5100001865,1000,2025,2025-10-16,430000,Beratungskosten,4551.17,S,V10009,Rechnung V10009 10/2025,KOCH_J,WAGNER_P
5100001866,1000,2025,2025-06-11,440000,IT-Dienstleistungen,633.7,S,V10031,Rechnung V10031 06/2025,SCHMIDT_A,WAGNER_P
5100001867,1000,2025,2025-06-10,400000,Materialaufwand,352.68,S,V10002,Rechnung V10002 06/2025,KOCH_J,MEYER_R
5100001868,1000,2025,2025-04-29,420000,Reisekosten,1459.19,S,V10034,Rechnung V10034 04/2025,HOFFMANN_S,WAGNER_P
5100001869,1000,2025,2025-09-24,430000,Beratungskosten,4670.07,S,V10038,Rechnung V10038 09/2025,KOCH_J,MEYER_R
5100001870,1000,2025,2025-08-07,440000,IT-Dienstleistungen,718.32,S,V10001,Rechnung V10001 08/2025,FISCHER_L,MEYER_R
5100001871,1000,2025,2025-07-11,470000,Instandhaltung,1988.42,S,V10026,Rechnung V10026 07/2025,SCHMIDT_A,BAUER_C
5100001872,1000,2025,2025-01-13,470000,Instandhaltung,200.56,S,V10004,Rechnung V10004 01/2025,KOCH_J,WAGNER_P
5100001873,1000,2025,2025-02-11,460000,Werbekosten,183.84,S,V10015,Rechnung V10015 02/2025,WEBER_K,WAGNER_P
5100001874,1000,2025,2025-01-03,400000,Materialaufwand,72.89,S,V10014,Rechnung V10014 01/2025,FISCHER_L,MEYER_R
5100001875,1000,2025,2025-11-06,440000,IT-Dienstleistungen,89.73,S,V10021,Rechnung V10021 11/2025,FISCHER_L,MEYER_R
5100001876,1000,2025,2025-11-06,410000,Bürobedarf,26.43,S,V10037,Rechnung V10037 11/2025,WEBER_K,WAGNER_P
5100001877,1000,2025,2025-01-27,420000,Reisekosten,1584.03,S,V10019,Rechnung V10019 01/2025,BECKER_M,BAUER_C
5100001878,1000,2025,2025-01-20,410000,Bürobedarf,8904.07,S,V10016,Rechnung V10016 01/2025,KOCH_J,MEYER_R
5100001879,1000,2025,2025-10-14,430000,Beratungskosten,4819.99,S,V10004,Rechnung V10004 10/2025,KOCH_J,BAUER_C
5100001880,1000,2025,2025-07-15,400000,Materialaufwand,36.53,S,V10036,Rechnung V10036 07/2025,BECKER_M,MEYER_R
5100001881,1000,2025,2025-04-24,440000,IT-Dienstleistungen,1571.47,S,V10013,Rechnung V10013 04/2025,SCHMIDT_A,WAGNER_P
5100001882,1000,2025,2025-08-14,410000,Bürobedarf,4795.2,S,V10019,Rechnung V10019 08/2025,KOCH_J,MEYER_R
5100001883,1000,2025,2025-03-27,440000,IT-Dienstleistungen,237.25,S,V10004,Rechnung V10004 03/2025,WEBER_K,BAUER_C
5100001884,1000,2025,2025-03-13,450000,Mietaufwand,579.59,S,V10012,Rechnung V10012 03/2025,KOCH_J,BAUER_C
5100001885,1000,2025,2025-05-15,410000,Bürobedarf,19.83,S,V10023,Rechnung V10023 05/2025,FISCHER_L,BAUER_C
5100001886,1000,2025,2025-11-21,400000,Materialaufwand,755.05,S,V10037,Rechnung V10037 11/2025,BECKER_M,BAUER_C
5100001887,1000,2025,2025-10-08,460000,Werbekosten,89.86,S,V10014,Rechnung V10014 10/2025,FISCHER_L,BAUER_C
5100001888,1000,2025,2025-03-11,450000,Mietaufwand,678.18,S,V10023,Rechnung V10023 03/2025,FISCHER_L,WAGNER_P
5100001889,1000,2025,2025-07-28,420000,Reisekosten,40.53,S,V10036,Rechnung V10036 07/2025,SCHMIDT_A,BAUER_C
5100001890,1000,2025,2025-11-19,470000,Instandhaltung,1174.47,S,V10015,Rechnung V10015 11/2025,BECKER_M,MEYER_R
5100001891,1000,2025,2025-12-11,410000,Bürobedarf,2538.22,S,V10012,Rechnung V10012 12/2025,FISCHER_L,WAGNER_P
5100001892,1000,2025,2025-10-07,470000,Instandhaltung,140.74,S,V10002,Rechnung V10002 10/2025,KOCH_J,BAUER_C
5100001893,1000,2025,2025-02-18,400000,Materialaufwand,79.91,S,V10037,Rechnung V10037 02/2025,FISCHER_L,WAGNER_P
5100001894,1000,2025,2025-03-28,450000,Mietaufwand,15.65,S,V10005,Rechnung V10005 03/2025,KOCH_J,BAUER_C
5100001895,1000,2025,2025-03-20,400000,Materialaufwand,321.74,S,V10009,Rechnung V10009 03/2025,WEBER_K,WAGNER_P
5100001896,1000,2025,2025-02-25,410000,Bürobedarf,194.31,S,V10006,Rechnung V10006 02/2025,WEBER_K,WAGNER_P
5100001897,1000,2025,2025-03-05,430000,Beratungskosten,41.2,S,V10029,Rechnung V10029 03/2025,SCHMIDT_A,MEYER_R
5100001898,1000,2025,2025-04-28,400000,Materialaufwand,1017.22,S,V10015,Rechnung V10015 04/2025,HOFFMANN_S,MEYER_R
5100001899,1000,2025,2025-07-24,430000,Beratungskosten,239.86,S,V10029,Rechnung V10029 07/2025,SCHMIDT_A,BAUER_C
5100001900,1000,2025,2025-05-27,410000,Bürobedarf,88.13,S,V10025,Rechnung V10025 05/2025,WEBER_K,BAUER_C
5100001901,1000,2025,2025-06-05,400000,Materialaufwand,202.89,S,V10001,Rechnung V10001 06/2025,KOCH_J,WAGNER_P
5100001902,1000,2025,2025-03-31,470000,Instandhaltung,2735.55,S,V10013,Rechnung V10013 03/2025,BECKER_M,BAUER_C
5100001903,1000,2025,2025-02-25,470000,Instandhaltung,1292.97,S,V10001,Rechnung V10001 02/2025,BECKER_M,MEYER_R
5100001904,1000,2025,2025-12-31,470000,Instandhaltung,400.2,S,V10003,Rechnung V10003 12/2025,HOFFMANN_S,BAUER_C
5100001905,1000,2025,2025-08-08,410000,Bürobedarf,1326.86,S,V10019,Rechnung V10019 08/2025,HOFFMANN_S,WAGNER_P
5100001906,1000,2025,2025-03-25,430000,Beratungskosten,76.9,S,V10011,Rechnung V10011 03/2025,KOCH_J,WAGNER_P
5100001907,1000,2025,2025-10-23,420000,Reisekosten,518.94,S,V10004,Rechnung V10004 10/2025,BECKER_M,MEYER_R
5100001908,1000,2025,2025-10-30,420000,Reisekosten,623.73,S,V10017,Rechnung V10017 10/2025,FISCHER_L,WAGNER_P
5100001909,1000,2025,2025-12-17,430000,Beratungskosten,232.35,S,V10019,Rechnung V10019 12/2025,SCHMIDT_A,BAUER_C
5100001910,1000,2025,2025-02-27,440000,IT-Dienstleistungen,989.04,S,V10040,Rechnung V10040 02/2025,FISCHER_L,BAUER_C
5100001911,1000,2025,2025-08-22,430000,Beratungskosten,141.36,S,V10027,Rechnung V10027 08/2025,HOFFMANN_S,WAGNER_P
5100001912,1000,2025,2025-12-23,420000,Reisekosten,1114.0,S,V10016,Rechnung V10016 12/2025,WEBER_K,MEYER_R
5100001913,1000,2025,2025-10-22,470000,Instandhaltung,1191.51,S,V10019,Rechnung V10019 10/2025,HOFFMANN_S,MEYER_R
5100001914,1000,2025,2025-03-24,470000,Instandhaltung,4.63,S,V10004,Rechnung V10004 03/2025,SCHMIDT_A,MEYER_R
5100001915,1000,2025,2025-11-21,420000,Reisekosten,3309.29,S,V10016,Rechnung V10016 11/2025,SCHMIDT_A,MEYER_R
5100001916,1000,2025,2025-06-05,410000,Bürobedarf,3.76,S,V10024,Rechnung V10024 06/2025,FISCHER_L,BAUER_C
5100001917,1000,2025,2025-07-02,440000,IT-Dienstleistungen,183.89,S,V10001,Rechnung V10001 07/2025,WEBER_K,MEYER_R
5100001918,1000,2025,2025-07-25,420000,Reisekosten,2541.62,S,V10037,Rechnung V10037 07/2025,KOCH_J,MEYER_R
5100001919,1000,2025,2025-10-09,470000,Instandhaltung,296.59,S,V10021,Rechnung V10021 10/2025,FISCHER_L,MEYER_R
5100001920,1000,2025,2025-02-14,430000,Beratungskosten,47.19,S,V10032,Rechnung V10032 02/2025,FISCHER_L,WAGNER_P
5100001921,1000,2025,2025-07-18,400000,Materialaufwand,85.63,S,V10012,Rechnung V10012 07/2025,FISCHER_L,WAGNER_P
5100001922,1000,2025,2025-10-27,410000,Bürobedarf,2547.96,S,V10034,Rechnung V10034 10/2025,WEBER_K,MEYER_R
5100001923,1000,2025,2025-07-23,400000,Materialaufwand,22.77,S,V10015,Rechnung V10015 07/2025,KOCH_J,WAGNER_P
5100001924,1000,2025,2025-04-09,430000,Beratungskosten,3000.05,S,V10038,Rechnung V10038 04/2025,HOFFMANN_S,MEYER_R
5100001925,1000,2025,2025-01-23,420000,Reisekosten,451.17,S,V10021,Rechnung V10021 01/2025,SCHMIDT_A,BAUER_C
5100001926,1000,2025,2025-07-23,460000,Werbekosten,73.12,S,V10026,Rechnung V10026 07/2025,WEBER_K,MEYER_R
5100001927,1000,2025,2025-09-15,470000,Instandhaltung,193.84,S,V10009,Rechnung V10009 09/2025,SCHMIDT_A,MEYER_R
5100001928,1000,2025,2025-07-23,410000,Bürobedarf,96.78,S,V10040,Rechnung V10040 07/2025,WEBER_K,WAGNER_P
5100001929,1000,2025,2025-12-22,470000,Instandhaltung,1970.34,S,V10008,Rechnung V10008 12/2025,BECKER_M,BAUER_C
5100001930,1000,2025,2025-08-11,440000,IT-Dienstleistungen,1590.63,S,V10002,Rechnung V10002 08/2025,KOCH_J,WAGNER_P
5100001931,1000,2025,2025-07-09,420000,Reisekosten,31.48,S,V10018,Rechnung V10018 07/2025,FISCHER_L,MEYER_R
5100001932,1000,2025,2025-01-22,430000,Beratungskosten,258.33,S,V10034,Rechnung V10034 01/2025,SCHMIDT_A,WAGNER_P
5100001933,1000,2025,2025-07-25,430000,Beratungskosten,123.83,S,V10037,Rechnung V10037 07/2025,SCHMIDT_A,MEYER_R
5100001934,1000,2025,2025-03-04,410000,Bürobedarf,3903.45,S,V10035,Rechnung V10035 03/2025,FISCHER_L,MEYER_R
5100001935,1000,2025,2025-09-23,460000,Werbekosten,56.82,S,V10023,Rechnung V10023 09/2025,WEBER_K,BAUER_C
5100001936,1000,2025,2025-02-28,400000,Materialaufwand,6417.39,S,V10037,Rechnung V10037 02/2025,BECKER_M,BAUER_C
5100001937,1000,2025,2025-11-26,400000,Materialaufwand,467.19,S,V10020,Rechnung V10020 11/2025,SCHMIDT_A,MEYER_R
5100001938,1000,2025,2025-04-22,420000,Reisekosten,76.78,S,V10020,Rechnung V10020 04/2025,WEBER_K,WAGNER_P
5100001939,1000,2025,2025-06-11,410000,Bürobedarf,166.73,S,V10008,Rechnung V10008 06/2025,BECKER_M,WAGNER_P
5100001940,1000,2025,2025-02-24,400000,Materialaufwand,136.65,S,V10032,Rechnung V10032 02/2025,WEBER_K,BAUER_C
5100001941,1000,2025,2025-03-18,430000,Beratungskosten,64.11,S,V10013,Rechnung V10013 03/2025,FISCHER_L,BAUER_C
5100001942,1000,2025,2025-12-02,430000,Beratungskosten,573.48,S,V10008,Rechnung V10008 12/2025,WEBER_K,WAGNER_P
5100001943,1000,2025,2025-04-11,410000,Bürobedarf,69.08,S,V10015,Rechnung V10015 04/2025,SCHMIDT_A,MEYER_R
5100001944,1000,2025,2025-07-10,460000,Werbekosten,15.05,S,V10025,Rechnung V10025 07/2025,FISCHER_L,MEYER_R
5100001945,1000,2025,2025-12-23,470000,Instandhaltung,268.41,S,V10011,Rechnung V10011 12/2025,WEBER_K,MEYER_R
5100001946,1000,2025,2025-08-18,450000,Mietaufwand,27.53,S,V10015,Rechnung V10015 08/2025,KOCH_J,BAUER_C
5100001947,1000,2025,2025-01-17,440000,IT-Dienstleistungen,147.9,S,V10014,Rechnung V10014 01/2025,KOCH_J,BAUER_C
5100001948,1000,2025,2025-05-13,470000,Instandhaltung,115.06,S,V10024,Rechnung V10024 05/2025,FISCHER_L,BAUER_C
5100001949,1000,2025,2025-05-22,420000,Reisekosten,122.25,S,V10029,Rechnung V10029 05/2025,WEBER_K,MEYER_R
5100001950,1000,2025,2025-04-10,430000,Beratungskosten,12107.02,S,V10028,Rechnung V10028 04/2025,FISCHER_L,MEYER_R
5100001951,1000,2025,2025-03-28,400000,Materialaufwand,539.29,S,V10006,Rechnung V10006 03/2025,BECKER_M,MEYER_R
5100001952,1000,2025,2025-07-07,450000,Mietaufwand,729.67,S,V10014,Rechnung V10014 07/2025,FISCHER_L,WAGNER_P
5100001953,1000,2025,2025-05-20,430000,Beratungskosten,4765.17,S,V10026,Rechnung V10026 05/2025,KOCH_J,MEYER_R
5100001954,1000,2025,2025-04-16,450000,Mietaufwand,173.06,S,V10009,Rechnung V10009 04/2025,KOCH_J,WAGNER_P
5100001955,1000,2025,2025-06-03,460000,Werbekosten,695.4,S,V10003,Rechnung V10003 06/2025,FISCHER_L,BAUER_C
5100001956,1000,2025,2025-05-07,410000,Bürobedarf,95.66,S,V10013,Rechnung V10013 05/2025,SCHMIDT_A,MEYER_R
5100001957,1000,2025,2025-03-25,440000,IT-Dienstleistungen,2106.75,S,V10028,Rechnung V10028 03/2025,SCHMIDT_A,BAUER_C
5100001958,1000,2025,2025-06-18,420000,Reisekosten,71.93,S,V10027,Rechnung V10027 06/2025,KOCH_J,WAGNER_P
5100001959,1000,2025,2025-04-13,430000,Beratungskosten,311.63,S,V10006,Rechnung V10006 12/2025,FISCHER_L,BAUER_C
5100001960,1000,2025,2025-07-08,440000,IT-Dienstleistungen,192.93,S,V10028,Rechnung V10028 07/2025,WEBER_K,MEYER_R
5100001961,1000,2025,2025-08-08,410000,Bürobedarf,640.93,S,V10008,Rechnung V10008 08/2025,BECKER_M,MEYER_R
5100001962,1000,2025,2025-12-24,460000,Werbekosten,176.83,S,V10030,Rechnung V10030 12/2025,KOCH_J,MEYER_R
5100001963,1000,2025,2025-08-14,430000,Beratungskosten,319.44,S,V10023,Rechnung V10023 08/2025,FISCHER_L,BAUER_C
5100001964,1000,2025,2025-03-21,430000,Beratungskosten,337.71,S,V10006,Rechnung V10006 03/2025,WEBER_K,BAUER_C
5100001965,1000,2025,2025-05-27,460000,Werbekosten,152.17,S,V10015,Rechnung V10015 05/2025,KOCH_J,MEYER_R
5100001966,1000,2025,2025-07-01,410000,Bürobedarf,1070.79,S,V10033,Rechnung V10033 07/2025,SCHMIDT_A,WAGNER_P
5100001967,1000,2025,2025-06-26,430000,Beratungskosten,721.56,S,V10018,Rechnung V10018 06/2025,KOCH_J,BAUER_C
5100001968,1000,2025,2025-02-25,470000,Instandhaltung,427.61,S,V10028,Rechnung V10028 02/2025,BECKER_M,BAUER_C
5100001969,1000,2025,2025-02-10,430000,Beratungskosten,247.46,S,V10030,Rechnung V10030 02/2025,SCHMIDT_A,BAUER_C
5100001970,1000,2025,2025-05-09,400000,Materialaufwand,1762.47,S,V10002,Rechnung V10002 05/2025,WEBER_K,BAUER_C
5100001971,1000,2025,2025-11-28,420000,Reisekosten,337.87,S,V10038,Rechnung V10038 11/2025,HOFFMANN_S,BAUER_C
5100001972,1000,2025,2025-09-19,470000,Instandhaltung,301.66,S,V10014,Rechnung V10014 09/2025,HOFFMANN_S,BAUER_C
5100001973,1000,2025,2025-11-04,460000,Werbekosten,582.6,S,V10032,Rechnung V10032 11/2025,WEBER_K,BAUER_C
5100001974,1000,2025,2025-03-05,460000,Werbekosten,7439.35,S,V10019,Rechnung V10019 03/2025,BECKER_M,WAGNER_P
5100001975,1000,2025,2025-06-03,420000,Reisekosten,57.71,S,V10024,Rechnung V10024 06/2025,KOCH_J,WAGNER_P
5100001976,1000,2025,2025-08-04,460000,Werbekosten,1688.8,S,V10015,Rechnung V10015 08/2025,HOFFMANN_S,WAGNER_P
5100001977,1000,2025,2025-06-11,430000,Beratungskosten,23.83,S,V10035,Rechnung V10035 06/2025,HOFFMANN_S,BAUER_C
5100001978,1000,2025,2025-06-04,460000,Werbekosten,697.59,S,V10005,Rechnung V10005 06/2025,WEBER_K,MEYER_R
5100001979,1000,2025,2025-05-13,470000,Instandhaltung,6124.99,S,V10036,Rechnung V10036 05/2025,BECKER_M,BAUER_C
5100001980,1000,2025,2025-01-21,410000,Bürobedarf,1076.93,S,V10009,Rechnung V10009 01/2025,HOFFMANN_S,WAGNER_P
5100001981,1000,2025,2025-11-10,470000,Instandhaltung,647.42,S,V10036,Rechnung V10036 11/2025,SCHMIDT_A,MEYER_R
5100001982,1000,2025,2025-12-05,450000,Mietaufwand,201.0,S,V10001,Rechnung V10001 12/2025,WEBER_K,WAGNER_P
5100001983,1000,2025,2025-01-31,450000,Mietaufwand,517.84,S,V10001,Rechnung V10001 01/2025,KOCH_J,MEYER_R
5100001984,1000,2025,2025-06-03,460000,Werbekosten,329.21,S,V10004,Rechnung V10004 06/2025,KOCH_J,BAUER_C
5100001985,1000,2025,2025-07-11,410000,Bürobedarf,140.11,S,V10022,Rechnung V10022 07/2025,WEBER_K,WAGNER_P
5100001986,1000,2025,2025-10-14,450000,Mietaufwand,309.88,S,V10011,Rechnung V10011 10/2025,HOFFMANN_S,WAGNER_P
5100001987,1000,2025,2025-12-24,410000,Bürobedarf,676.82,S,V10024,Rechnung V10024 12/2025,BECKER_M,MEYER_R
5100001988,1000,2025,2025-06-04,420000,Reisekosten,144.38,S,V10033,Rechnung V10033 06/2025,BECKER_M,MEYER_R
5100001989,1000,2025,2025-10-01,400000,Materialaufwand,135.63,S,V10002,Rechnung V10002 10/2025,BECKER_M,BAUER_C
5100001990,1000,2025,2025-12-08,410000,Bürobedarf,55.9,S,V10022,Rechnung V10022 12/2025,KOCH_J,BAUER_C
5100001991,1000,2025,2025-10-30,470000,Instandhaltung,920.72,S,V10030,Rechnung V10030 10/2025,FISCHER_L,MEYER_R
5100001992,1000,2025,2025-04-15,420000,Reisekosten,2000.0,S,V10017,Rechnung V10017 04/2025,BECKER_M,BAUER_C
5100001993,1000,2025,2025-10-27,430000,Beratungskosten,713.84,S,V10038,Rechnung V10038 10/2025,HOFFMANN_S,WAGNER_P
5100001994,1000,2025,2025-06-03,430000,Beratungskosten,2308.31,S,V10027,Rechnung V10027 06/2025,BECKER_M,WAGNER_P
5100001995,1000,2025,2025-01-09,450000,Mietaufwand,567.13,S,V10002,Rechnung V10002 01/2025,KOCH_J,WAGNER_P
5100001996,1000,2025,2025-10-06,440000,IT-Dienstleistungen,922.62,S,V10022,Rechnung V10022 10/2025,WEBER_K,BAUER_C
5100001997,1000,2025,2025-10-31,440000,IT-Dienstleistungen,801.22,S,V10016,Rechnung V10016 10/2025,KOCH_J,BAUER_C
5100001998,1000,2025,2025-05-07,460000,Werbekosten,425.62,S,V10006,Rechnung V10006 05/2025,HOFFMANN_S,WAGNER_P
5100001999,1000,2025,2025-06-17,430000,Beratungskosten,210.75,S,V10039,Rechnung V10039 06/2025,KOCH_J,WAGNER_P
5100002000,1000,2025,2025-05-15,460000,Werbekosten,17028.51,S,V10009,Rechnung V10009 05/2025,FISCHER_L,BAUER_C
5100002001,1000,2025,2025-02-13,470000,Instandhaltung,239.1,S,V10004,Rechnung V10004 02/2025,FISCHER_L,WAGNER_P
5100002002,1000,2025,2025-12-30,450000,Mietaufwand,169.8,S,V10009,Rechnung V10009 12/2025,SCHMIDT_A,WAGNER_P
5100002003,1000,2025,2025-01-10,400000,Materialaufwand,986.75,S,V10033,Rechnung V10033 01/2025,KOCH_J,WAGNER_P
5100002004,1000,2025,2025-07-24,420000,Reisekosten,737.28,S,V10024,Rechnung V10024 07/2025,HOFFMANN_S,WAGNER_P
5100002005,1000,2025,2025-01-08,440000,IT-Dienstleistungen,52.06,S,V10033,Rechnung V10033 01/2025,WEBER_K,MEYER_R
5100002006,1000,2025,2025-09-10,430000,Beratungskosten,2969.9,S,V10019,Rechnung V10019 09/2025,SCHMIDT_A,MEYER_R
5100002007,1000,2025,2025-11-25,420000,Reisekosten,423.81,S,V10005,Rechnung V10005 11/2025,HOFFMANN_S,WAGNER_P
5100002008,1000,2025,2025-08-25,420000,Reisekosten,83.31,S,V10016,Rechnung V10016 08/2025,HOFFMANN_S,MEYER_R
5100002009,1000,2025,2025-08-12,400000,Materialaufwand,3301.24,S,V10008,Rechnung V10008 08/2025,BECKER_M,WAGNER_P
5100002010,1000,2025,2025-10-29,410000,Bürobedarf,1340.88,S,V10023,Rechnung V10023 10/2025,SCHMIDT_A,BAUER_C
5100002011,1000,2025,2025-12-19,460000,Werbekosten,65.15,S,V10011,Rechnung V10011 12/2025,KOCH_J,MEYER_R
5100002012,1000,2025,2025-11-11,400000,Materialaufwand,8463.28,S,V10039,Rechnung V10039 11/2025,FISCHER_L,WAGNER_P
5100002013,1000,2025,2025-03-25,460000,Werbekosten,1413.86,S,V10016,Rechnung V10016 03/2025,HOFFMANN_S,BAUER_C
5100002014,1000,2025,2025-07-28,420000,Reisekosten,484.78,S,V10013,Rechnung V10013 07/2025,KOCH_J,MEYER_R
5100002015,1000,2025,2025-10-27,460000,Werbekosten,6275.13,S,V10040,Rechnung V10040 10/2025,BECKER_M,BAUER_C
5100002016,1000,2025,2025-04-16,420000,Reisekosten,635.8,S,V10021,Rechnung V10021 04/2025,SCHMIDT_A,MEYER_R
5100002017,1000,2025,2025-09-04,460000,Werbekosten,471.1,S,V10007,Rechnung V10007 09/2025,KOCH_J,BAUER_C
5100002018,1000,2025,2025-01-10,440000,IT-Dienstleistungen,171.32,S,V10020,Rechnung V10020 01/2025,HOFFMANN_S,WAGNER_P
5100002019,1000,2025,2025-11-17,460000,Werbekosten,1250.08,S,V10011,Rechnung V10011 11/2025,KOCH_J,MEYER_R
5100002020,1000,2025,2025-08-14,400000,Materialaufwand,1056.34,S,V10029,Rechnung V10029 08/2025,BECKER_M,BAUER_C
5100002021,1000,2025,2025-09-29,460000,Werbekosten,504.46,S,V10023,Rechnung V10023 09/2025,KOCH_J,MEYER_R
5100002022,1000,2025,2025-10-29,420000,Reisekosten,139.22,S,V10030,Rechnung V10030 10/2025,KOCH_J,WAGNER_P
5100002023,1000,2025,2025-03-20,420000,Reisekosten,606.61,S,V10038,Rechnung V10038 03/2025,WEBER_K,WAGNER_P
5100002024,1000,2025,2025-06-17,400000,Materialaufwand,440.68,S,V10030,Rechnung V10030 06/2025,WEBER_K,BAUER_C
5100002025,1000,2025,2025-11-10,470000,Instandhaltung,58.35,S,V10014,Rechnung V10014 11/2025,SCHMIDT_A,WAGNER_P
5100002026,1000,2025,2025-03-03,430000,Beratungskosten,4806.72,S,V10009,Rechnung V10009 03/2025,KOCH_J,BAUER_C
5100002027,1000,2025,2025-10-28,470000,Instandhaltung,1217.12,S,V10022,Rechnung V10022 10/2025,WEBER_K,WAGNER_P
5100002028,1000,2025,2025-04-15,440000,IT-Dienstleistungen,7.67,S,V10018,Rechnung V10018 04/2025,FISCHER_L,WAGNER_P
5100002029,1000,2025,2025-07-31,410000,Bürobedarf,684.48,S,V10013,Rechnung V10013 07/2025,HOFFMANN_S,WAGNER_P
5100002030,1000,2025,2025-07-09,420000,Reisekosten,229.31,S,V10033,Rechnung V10033 07/2025,FISCHER_L,BAUER_C
5100002031,1000,2025,2025-09-09,430000,Beratungskosten,4797.86,S,V10037,Rechnung V10037 09/2025,KOCH_J,WAGNER_P
5100002032,1000,2025,2025-11-03,410000,Bürobedarf,223.73,S,V10016,Rechnung V10016 11/2025,FISCHER_L,MEYER_R
5100002033,1000,2025,2025-05-09,470000,Instandhaltung,1415.41,S,V10028,Rechnung V10028 05/2025,SCHMIDT_A,BAUER_C
5100002034,1000,2025,2025-03-04,470000,Instandhaltung,261.11,S,V10040,Rechnung V10040 03/2025,FISCHER_L,WAGNER_P
5100002035,1000,2025,2025-06-05,440000,IT-Dienstleistungen,591.11,S,V10001,Rechnung V10001 06/2025,HOFFMANN_S,WAGNER_P
5100002036,1000,2025,2025-08-14,440000,IT-Dienstleistungen,1601.89,S,V10015,Rechnung V10015 08/2025,BECKER_M,MEYER_R
5100002037,1000,2025,2025-10-01,450000,Mietaufwand,235.08,S,V10030,Rechnung V10030 10/2025,HOFFMANN_S,BAUER_C
5100002038,1000,2025,2025-10-02,450000,Mietaufwand,2427.19,S,V10020,Rechnung V10020 10/2025,SCHMIDT_A,MEYER_R
5100002039,1000,2025,2025-05-06,400000,Materialaufwand,100.49,S,V10032,Rechnung V10032 05/2025,HOFFMANN_S,BAUER_C
5100002040,1000,2025,2025-12-08,440000,IT-Dienstleistungen,789.46,S,V10019,Rechnung V10019 12/2025,FISCHER_L,MEYER_R
5100002041,1000,2025,2025-01-31,460000,Werbekosten,2156.46,S,V10003,Rechnung V10003 01/2025,WEBER_K,WAGNER_P
5100002042,1000,2025,2025-02-13,460000,Werbekosten,1416.66,S,V10018,Rechnung V10018 02/2025,BECKER_M,MEYER_R
5100002043,1000,2025,2025-01-13,440000,IT-Dienstleistungen,10575.67,S,V10017,Rechnung V10017 01/2025,SCHMIDT_A,WAGNER_P
5100002044,1000,2025,2025-12-03,470000,Instandhaltung,145.26,S,V10034,Rechnung V10034 12/2025,FISCHER_L,BAUER_C
5100002045,1000,2025,2025-03-07,440000,IT-Dienstleistungen,54.24,S,V10006,Rechnung V10006 03/2025,FISCHER_L,WAGNER_P
5100002046,1000,2025,2025-08-11,430000,Beratungskosten,100.39,S,V10007,Rechnung V10007 08/2025,SCHMIDT_A,WAGNER_P
5100002047,1000,2025,2025-10-24,430000,Beratungskosten,1417.58,S,V10006,Rechnung V10006 10/2025,KOCH_J,MEYER_R
5100002048,1000,2025,2025-10-08,450000,Mietaufwand,1092.99,S,V10023,Rechnung V10023 10/2025,FISCHER_L,BAUER_C
5100002049,1000,2025,2025-12-11,470000,Instandhaltung,580.34,S,V10040,Rechnung V10040 12/2025,SCHMIDT_A,WAGNER_P
5100002050,1000,2025,2025-01-22,430000,Beratungskosten,4893.2,S,V10025,Rechnung V10025 01/2025,KOCH_J,WAGNER_P
5100002051,1000,2025,2025-05-30,420000,Reisekosten,1680.74,S,V10033,Rechnung V10033 05/2025,KOCH_J,BAUER_C
5100002052,1000,2025,2025-07-08,450000,Mietaufwand,69.44,S,V10035,Rechnung V10035 07/2025,HOFFMANN_S,WAGNER_P
5100002053,1000,2025,2025-09-12,460000,Werbekosten,3147.36,S,V10025,Rechnung V10025 09/2025,BECKER_M,BAUER_C
5100002054,1000,2025,2025-08-18,430000,Beratungskosten,47662.56,S,V10025,Rechnung V10025 08/2025,KOCH_J,MEYER_R
5100002055,1000,2025,2025-07-25,450000,Mietaufwand,885.65,S,V10010,Rechnung V10010 07/2025,SCHMIDT_A,WAGNER_P
5100002057,1000,2025,2025-02-10,420000,Reisekosten,223.95,S,V10032,Rechnung V10032 02/2025,WEBER_K,MEYER_R
5100002058,1000,2025,2025-06-10,470000,Instandhaltung,27.21,S,V10035,Rechnung V10035 06/2025,HOFFMANN_S,WAGNER_P
5100002059,1000,2025,2025-04-03,440000,IT-Dienstleistungen,187.85,S,V10040,Rechnung V10040 04/2025,KOCH_J,BAUER_C
5100002060,1000,2025,2025-07-24,460000,Werbekosten,85.74,S,V10014,Rechnung V10014 07/2025,SCHMIDT_A,BAUER_C
5100002061,1000,2025,2025-10-20,410000,Bürobedarf,48.66,S,V10006,Rechnung V10006 10/2025,SCHMIDT_A,BAUER_C
5100002062,1000,2025,2025-07-24,420000,Reisekosten,7752.54,S,V10035,Rechnung V10035 07/2025,KOCH_J,BAUER_C
5100002063,1000,2025,2025-08-04,470000,Instandhaltung,762.48,S,V10019,Rechnung V10019 08/2025,FISCHER_L,BAUER_C
5100002064,1000,2025,2025-01-17,470000,Instandhaltung,904.61,S,V10039,Rechnung V10039 01/2025,WEBER_K,MEYER_R
5100002065,1000,2025,2025-08-26,470000,Instandhaltung,300.53,S,V10028,Rechnung V10028 08/2025,SCHMIDT_A,BAUER_C
5100002066,1000,2025,2025-06-12,420000,Reisekosten,373.68,S,V10011,Rechnung V10011 06/2025,FISCHER_L,WAGNER_P
5100002067,1000,2025,2025-02-14,460000,Werbekosten,2306.03,S,V10015,Rechnung V10015 02/2025,SCHMIDT_A,BAUER_C
5100002068,1000,2025,2025-03-19,430000,Beratungskosten,467.9,S,V10025,Rechnung V10025 03/2025,WEBER_K,WAGNER_P
5100002069,1000,2025,2025-10-14,460000,Werbekosten,1151.83,S,V10016,Rechnung V10016 10/2025,WEBER_K,MEYER_R
5100002070,1000,2025,2025-12-01,460000,Werbekosten,15000.0,S,V10012,Rechnung V10012 12/2025,SCHMIDT_A,WAGNER_P
5100002071,1000,2025,2025-07-08,430000,Beratungskosten,285.02,S,V10009,Rechnung V10009 07/2025,KOCH_J,BAUER_C
5100002072,1000,2025,2025-12-22,420000,Reisekosten,51.88,S,V10026,Rechnung V10026 12/2025,HOFFMANN_S,MEYER_R
5100002073,1000,2025,2025-03-07,470000,Instandhaltung,20.81,S,V10002,Rechnung V10002 03/2025,KOCH_J,WAGNER_P
5100002074,1000,2025,2025-04-17,430000,Beratungskosten,324.25,S,V10004,Rechnung V10004 04/2025,WEBER_K,WAGNER_P
5100002075,1000,2025,2025-12-04,430000,Beratungskosten,539.37,S,V10002,Rechnung V10002 12/2025,WEBER_K,WAGNER_P
5100002076,1000,2025,2025-03-05,450000,Mietaufwand,62.94,S,V10030,Rechnung V10030 03/2025,WEBER_K,BAUER_C
5100002077,1000,2025,2025-08-29,470000,Instandhaltung,466.31,S,V10002,Rechnung V10002 08/2025,BECKER_M,MEYER_R
5100002078,1000,2025,2025-03-20,410000,Bürobedarf,537.0,S,V10017,Rechnung V10017 03/2025,WEBER_K,WAGNER_P
5100002079,1000,2025,2025-05-02,470000,Instandhaltung,15.65,S,V10005,Rechnung V10005 05/2025,WEBER_K,BAUER_C
5100002080,1000,2025,2025-06-27,430000,Beratungskosten,113.95,S,V10024,Rechnung V10024 06/2025,KOCH_J,WAGNER_P
5100002081,1000,2025,2025-05-13,400000,Materialaufwand,945.41,S,V10002,Rechnung V10002 05/2025,FISCHER_L,MEYER_R
5100002082,1000,2025,2025-11-14,420000,Reisekosten,915.34,S,V10002,Rechnung V10002 11/2025,HOFFMANN_S,MEYER_R
5100002083,1000,2025,2025-12-19,430000,Beratungskosten,77.8,S,V10017,Rechnung V10017 12/2025,WEBER_K,WAGNER_P
5100002084,1000,2025,2025-07-07,450000,Mietaufwand,634.93,S,V10028,Rechnung V10028 07/2025,KOCH_J,BAUER_C
5100002085,1000,2025,2025-07-15,440000,IT-Dienstleistungen,2529.69,S,V10005,Rechnung V10005 07/2025,HOFFMANN_S,MEYER_R
5100002086,1000,2025,2025-01-22,410000,Bürobedarf,1708.41,S,V10020,Rechnung V10020 01/2025,KOCH_J,MEYER_R
5100002087,1000,2025,2025-03-26,430000,Beratungskosten,423.07,S,V10033,Rechnung V10033 03/2025,BECKER_M,WAGNER_P
5100002088,1000,2025,2025-01-16,410000,Bürobedarf,233.05,S,V10026,Rechnung V10026 01/2025,KOCH_J,MEYER_R
5100002089,1000,2025,2025-11-10,420000,Reisekosten,180.02,S,V10031,Rechnung V10031 11/2025,FISCHER_L,MEYER_R
5100002090,1000,2025,2025-03-24,450000,Mietaufwand,1041.6,S,V10013,Rechnung V10013 03/2025,FISCHER_L,MEYER_R
5100002091,1000,2025,2025-05-07,460000,Werbekosten,673.28,S,V10038,Rechnung V10038 05/2025,SCHMIDT_A,WAGNER_P
5100002092,1000,2025,2025-11-04,410000,Bürobedarf,1348.9,S,V10006,Rechnung V10006 11/2025,WEBER_K,BAUER_C
5100002093,1000,2025,2025-09-18,440000,IT-Dienstleistungen,608.5,S,V10025,Rechnung V10025 09/2025,HOFFMANN_S,MEYER_R
5100002094,1000,2025,2025-08-18,430000,Beratungskosten,1826.25,S,V10018,Rechnung V10018 08/2025,WEBER_K,BAUER_C
5100002095,1000,2025,2025-01-16,420000,Reisekosten,573.26,S,V10002,Rechnung V10002 01/2025,SCHMIDT_A,BAUER_C
5100002096,1000,2025,2025-07-28,450000,Mietaufwand,1729.35,S,V10038,Rechnung V10038 07/2025,WEBER_K,MEYER_R
5100002097,1000,2025,2025-07-28,410000,Bürobedarf,1984.89,S,V10029,Rechnung V10029 07/2025,FISCHER_L,BAUER_C
5100002098,1000,2025,2025-04-28,460000,Werbekosten,136.01,S,V10010,Rechnung V10010 04/2025,HOFFMANN_S,MEYER_R
5100002099,1000,2025,2025-09-30,430000,Beratungskosten,4785.84,S,V10003,Rechnung V10003 09/2025,KOCH_J,BAUER_C
5100002100,1000,2025,2025-12-04,400000,Materialaufwand,5823.1,S,V10028,Rechnung V10028 12/2025,SCHMIDT_A,BAUER_C
5100002101,1000,2025,2025-04-03,460000,Werbekosten,742.97,S,V10022,Rechnung V10022 04/2025,HOFFMANN_S,BAUER_C
5100002102,1000,2025,2025-05-02,460000,Werbekosten,31.72,S,V10002,Rechnung V10002 05/2025,SCHMIDT_A,WAGNER_P
5100002103,1000,2025,2025-04-29,440000,IT-Dienstleistungen,157.26,S,V10040,Rechnung V10040 04/2025,FISCHER_L,WAGNER_P
5100002104,1000,2025,2025-10-31,450000,Mietaufwand,1694.26,S,V10029,Rechnung V10029 10/2025,HOFFMANN_S,MEYER_R
5100002105,1000,2025,2025-01-30,410000,Bürobedarf,314.98,S,V10019,Rechnung V10019 01/2025,BECKER_M,WAGNER_P
5100002106,1000,2025,2025-11-21,420000,Reisekosten,217.17,S,V10010,Rechnung V10010 11/2025,SCHMIDT_A,BAUER_C
5100002107,1000,2025,2025-10-10,420000,Reisekosten,4635.09,S,V10011,Rechnung V10011 10/2025,HOFFMANN_S,MEYER_R
5100002108,1000,2025,2025-06-30,460000,Werbekosten,92.24,S,V10019,Rechnung V10019 06/2025,SCHMIDT_A,MEYER_R
5100002109,1000,2025,2025-08-04,420000,Reisekosten,137.41,S,V10003,Rechnung V10003 08/2025,WEBER_K,BAUER_C
5100002110,1000,2025,2025-11-21,450000,Mietaufwand,691.05,S,V10015,Rechnung V10015 11/2025,SCHMIDT_A,WAGNER_P
5100002111,1000,2025,2025-10-09,420000,Reisekosten,920.33,S,V10009,Rechnung V10009 10/2025,BECKER_M,WAGNER_P
5100002112,1000,2025,2025-04-10,440000,IT-Dienstleistungen,1090.24,S,V10005,Rechnung V10005 04/2025,HOFFMANN_S,MEYER_R
5100002113,1000,2025,2025-01-21,410000,Bürobedarf,2117.48,S,V10006,Rechnung V10006 01/2025,BECKER_M,MEYER_R
5100002114,1000,2025,2025-08-29,440000,IT-Dienstleistungen,677.04,S,V10014,Rechnung V10014 08/2025,SCHMIDT_A,BAUER_C
5100002115,1000,2025,2025-02-24,400000,Materialaufwand,1078.16,S,V10016,Rechnung V10016 02/2025,FISCHER_L,WAGNER_P
5100002116,1000,2025,2025-02-03,450000,Mietaufwand,325.47,S,V10015,Rechnung V10015 02/2025,SCHMIDT_A,BAUER_C
5100002117,1000,2025,2025-12-23,400000,Materialaufwand,544.74,S,V10028,Rechnung V10028 12/2025,FISCHER_L,WAGNER_P
5100002118,1000,2025,2025-06-26,470000,Instandhaltung,585.26,S,V10021,Rechnung V10021 06/2025,WEBER_K,WAGNER_P
5100002119,1000,2025,2025-08-27,460000,Werbekosten,695.17,S,V10008,Rechnung V10008 08/2025,HOFFMANN_S,MEYER_R
5100002120,1000,2025,2025-03-20,440000,IT-Dienstleistungen,1696.06,S,V10039,Rechnung V10039 03/2025,HOFFMANN_S,WAGNER_P
5100002121,1000,2025,2025-02-07,470000,Instandhaltung,1197.79,S,V10030,Rechnung V10030 02/2025,HOFFMANN_S,MEYER_R
5100002122,1000,2025,2025-01-24,460000,Werbekosten,528.87,S,V10019,Rechnung V10019 01/2025,WEBER_K,BAUER_C
5100002123,1000,2025,2025-05-12,410000,Bürobedarf,135.02,S,V10002,Rechnung V10002 05/2025,SCHMIDT_A,WAGNER_P
5100002124,1000,2025,2025-01-02,450000,Mietaufwand,549.1,S,V10037,Rechnung V10037 01/2025,SCHMIDT_A,BAUER_C
5100002125,1000,2025,2025-06-05,430000,Beratungskosten,471.15,S,V10030,Rechnung V10030 06/2025,KOCH_J,WAGNER_P
5100002126,1000,2025,2025-04-30,460000,Werbekosten,671.22,S,V10019,Rechnung V10019 04/2025,KOCH_J,WAGNER_P
5100002127,1000,2025,2025-07-15,460000,Werbekosten,16821.96,S,V10007,Rechnung V10007 07/2025,WEBER_K,WAGNER_P
5100002128,1000,2025,2025-08-06,470000,Instandhaltung,213.14,S,V10005,Rechnung V10005 08/2025,KOCH_J,WAGNER_P
5100002129,1000,2025,2025-04-24,430000,Beratungskosten,968.42,S,V10012,Rechnung V10012 04/2025,BECKER_M,WAGNER_P
5100002130,1000,2025,2025-06-18,410000,Bürobedarf,2723.14,S,V10010,Rechnung V10010 06/2025,WEBER_K,BAUER_C
5100002131,1000,2025,2025-01-30,410000,Bürobedarf,576.4,S,V10009,Rechnung V10009 01/2025,WEBER_K,BAUER_C
5100002132,1000,2025,2025-04-22,410000,Bürobedarf,20755.2,S,V10017,Rechnung V10017 04/2025,WEBER_K,MEYER_R
5100002133,1000,2025,2025-12-22,470000,Instandhaltung,269.11,S,V10002,Rechnung V10002 12/2025,HOFFMANN_S,MEYER_R
5100002134,1000,2025,2025-12-29,440000,IT-Dienstleistungen,827.61,S,V10014,Rechnung V10014 12/2025,WEBER_K,MEYER_R
5100002135,1000,2025,2025-07-01,420000,Reisekosten,137.26,S,V10035,Rechnung V10035 07/2025,WEBER_K,BAUER_C
5100002136,1000,2025,2025-12-08,430000,Beratungskosten,280.78,S,V10035,Rechnung V10035 12/2025,HOFFMANN_S,MEYER_R
5100002137,1000,2025,2025-07-07,410000,Bürobedarf,733.84,S,V10001,Rechnung V10001 07/2025,WEBER_K,WAGNER_P
5100002138,1000,2025,2025-02-17,440000,IT-Dienstleistungen,1908.53,S,V10028,Rechnung V10028 02/2025,WEBER_K,BAUER_C
5100002139,1000,2025,2025-11-12,430000,Beratungskosten,821.02,S,V10040,Rechnung V10040 11/2025,HOFFMANN_S,MEYER_R
5100002140,1000,2025,2025-06-03,460000,Werbekosten,3694.44,S,V10024,Rechnung V10024 06/2025,KOCH_J,MEYER_R
5100002141,1000,2025,2025-08-14,400000,Materialaufwand,423.29,S,V10016,Rechnung V10016 08/2025,BECKER_M,MEYER_R
5100002142,1000,2025,2025-08-27,470000,Instandhaltung,289.61,S,V10020,Rechnung V10020 08/2025,HOFFMANN_S,MEYER_R
5100002143,1000,2025,2025-04-24,400000,Materialaufwand,37286.11,S,V10009,Rechnung V10009 04/2025,KOCH_J,MEYER_R
5100002144,1000,2025,2025-09-25,430000,Beratungskosten,925.91,S,V10016,Rechnung V10016 09/2025,BECKER_M,WAGNER_P
5100002145,1000,2025,2025-07-07,420000,Reisekosten,155.84,S,V10038,Rechnung V10038 07/2025,HOFFMANN_S,BAUER_C
5100002146,1000,2025,2025-05-15,450000,Mietaufwand,162.26,S,V10025,Rechnung V10025 05/2025,SCHMIDT_A,MEYER_R
5100002147,1000,2025,2025-04-17,450000,Mietaufwand,109.04,S,V10018,Rechnung V10018 04/2025,SCHMIDT_A,WAGNER_P
5100002148,1000,2025,2025-09-30,410000,Bürobedarf,2205.06,S,V10005,Rechnung V10005 09/2025,KOCH_J,MEYER_R
5100002149,1000,2025,2025-04-01,430000,Beratungskosten,275.06,S,V10037,Rechnung V10037 04/2025,SCHMIDT_A,MEYER_R
5100002150,1000,2025,2025-02-17,440000,IT-Dienstleistungen,604.12,S,V10007,Rechnung V10007 02/2025,HOFFMANN_S,WAGNER_P
5100002151,1000,2025,2025-11-18,430000,Beratungskosten,445.14,S,V10029,Rechnung V10029 11/2025,FISCHER_L,BAUER_C
5100002152,1000,2025,2025-05-02,400000,Materialaufwand,1588.25,S,V10013,Rechnung V10013 05/2025,HOFFMANN_S,MEYER_R
5100002153,1000,2025,2025-08-25,410000,Bürobedarf,127.13,S,V10012,Rechnung V10012 08/2025,BECKER_M,BAUER_C
5100002154,1000,2025,2025-09-19,440000,IT-Dienstleistungen,88.15,S,V10007,Rechnung V10007 09/2025,SCHMIDT_A,BAUER_C
5100002155,1000,2025,2025-11-03,420000,Reisekosten,705.48,S,V10016,Rechnung V10016 11/2025,FISCHER_L,MEYER_R
5100002156,1000,2025,2025-08-19,440000,IT-Dienstleistungen,1288.89,S,V10028,Rechnung V10028 08/2025,HOFFMANN_S,MEYER_R
5100002157,1000,2025,2025-09-16,410000,Bürobedarf,838.87,S,V10017,Rechnung V10017 09/2025,KOCH_J,MEYER_R
5100002158,1000,2025,2025-11-03,450000,Mietaufwand,134.95,S,V10001,Rechnung V10001 11/2025,HOFFMANN_S,BAUER_C
5100002159,1000,2025,2025-12-09,410000,Bürobedarf,1456.77,S,V10011,Rechnung V10011 12/2025,KOCH_J,MEYER_R
5100002160,1000,2025,2025-01-20,450000,Mietaufwand,149.88,S,V10007,Rechnung V10007 01/2025,KOCH_J,WAGNER_P
5100002161,1000,2025,2025-09-29,460000,Werbekosten,213.91,S,V10017,Rechnung V10017 09/2025,KOCH_J,WAGNER_P
5100002162,1000,2025,2025-03-05,420000,Reisekosten,108.82,S,V10037,Rechnung V10037 03/2025,BECKER_M,MEYER_R
5100002163,1000,2025,2025-11-20,430000,Beratungskosten,4925.51,S,V10039,Rechnung V10039 11/2025,KOCH_J,MEYER_R
5100002164,1000,2025,2025-01-21,400000,Materialaufwand,1357.6,S,V10040,Rechnung V10040 01/2025,BECKER_M,MEYER_R
5100002165,1000,2025,2025-03-31,420000,Reisekosten,1297.23,S,V10005,Rechnung V10005 03/2025,HOFFMANN_S,MEYER_R
5100002166,1000,2025,2025-03-12,400000,Materialaufwand,3624.74,S,V10020,Rechnung V10020 03/2025,FISCHER_L,WAGNER_P
5100002167,1000,2025,2025-08-11,430000,Beratungskosten,4542.31,S,V10002,Rechnung V10002 08/2025,KOCH_J,BAUER_C
5100002168,1000,2025,2025-01-03,470000,Instandhaltung,31.98,S,V10020,Rechnung V10020 01/2025,HOFFMANN_S,WAGNER_P
5100002169,1000,2025,2025-01-09,470000,Instandhaltung,151.2,S,V10024,Rechnung V10024 01/2025,WEBER_K,MEYER_R
5100002170,1000,2025,2025-07-08,470000,Instandhaltung,183.85,S,V10031,Rechnung V10031 07/2025,KOCH_J,MEYER_R
5100002171,1000,2025,2025-12-18,440000,IT-Dienstleistungen,126.3,S,V10014,Rechnung V10014 12/2025,KOCH_J,BAUER_C
5100002172,1000,2025,2025-07-16,420000,Reisekosten,87.87,S,V10002,Rechnung V10002 07/2025,BECKER_M,BAUER_C
5100002173,1000,2025,2025-06-16,430000,Beratungskosten,305.07,S,V10019,Rechnung V10019 06/2025,WEBER_K,WAGNER_P
5100002174,1000,2025,2025-08-29,420000,Reisekosten,70.35,S,V10018,Rechnung V10018 08/2025,WEBER_K,WAGNER_P
5100002175,1000,2025,2025-07-23,460000,Werbekosten,842.24,S,V10025,Rechnung V10025 07/2025,KOCH_J,MEYER_R
5100002176,1000,2025,2025-05-22,430000,Beratungskosten,535.24,S,V10004,Rechnung V10004 05/2025,SCHMIDT_A,BAUER_C
5100002177,1000,2025,2025-08-06,430000,Beratungskosten,1063.85,S,V10025,Rechnung V10025 08/2025,FISCHER_L,MEYER_R
5100002178,1000,2025,2025-01-02,450000,Mietaufwand,1110.28,S,V10017,Rechnung V10017 01/2025,BECKER_M,MEYER_R
5100002179,1000,2025,2025-03-31,420000,Reisekosten,1293.12,S,V10030,Rechnung V10030 03/2025,WEBER_K,BAUER_C
5100002180,1000,2025,2025-09-04,420000,Reisekosten,271.12,S,V10040,Rechnung V10040 09/2025,KOCH_J,MEYER_R
5100002181,1000,2025,2025-05-07,410000,Bürobedarf,14673.96,S,V10010,Rechnung V10010 05/2025,BECKER_M,MEYER_R
5100002182,1000,2025,2025-01-22,400000,Materialaufwand,717.01,S,V10031,Rechnung V10031 01/2025,SCHMIDT_A,WAGNER_P
5100002183,1000,2025,2025-02-17,400000,Materialaufwand,25.03,S,V10006,Rechnung V10006 02/2025,WEBER_K,MEYER_R
5100002184,1000,2025,2025-11-12,430000,Beratungskosten,99.11,S,V10040,Rechnung V10040 11/2025,FISCHER_L,MEYER_R
5100002185,1000,2025,2025-05-02,470000,Instandhaltung,30.42,S,V10020,Rechnung V10020 05/2025,WEBER_K,WAGNER_P
5100002186,1000,2025,2025-01-10,420000,Reisekosten,506.61,S,V10030,Rechnung V10030 01/2025,KOCH_J,MEYER_R
5100002187,1000,2025,2025-09-24,430000,Beratungskosten,4929.47,S,V10032,Rechnung V10032 09/2025,KOCH_J,BAUER_C
5100002188,1000,2025,2025-07-16,420000,Reisekosten,232.88,S,V10025,Rechnung V10025 07/2025,BECKER_M,BECKER_M
5100002189,1000,2025,2025-06-17,420000,Reisekosten,12301.57,S,V10016,Rechnung V10016 06/2025,BECKER_M,WAGNER_P
5100002190,1000,2025,2025-11-21,410000,Bürobedarf,1186.04,S,V10031,Rechnung V10031 11/2025,WEBER_K,MEYER_R
5100002191,1000,2025,2025-04-25,440000,IT-Dienstleistungen,1574.6,S,V10020,Rechnung V10020 04/2025,BECKER_M,BAUER_C
5100002192,1000,2025,2025-07-31,450000,Mietaufwand,111.08,S,V10027,Rechnung V10027 07/2025,FISCHER_L,BAUER_C
5100002193,1000,2025,2025-09-30,420000,Reisekosten,99.62,S,V10025,Rechnung V10025 09/2025,SCHMIDT_A,BAUER_C
5100002194,1000,2025,2025-08-13,440000,IT-Dienstleistungen,522.64,S,V10019,Rechnung V10019 08/2025,FISCHER_L,MEYER_R
5100002195,1000,2025,2025-03-17,430000,Beratungskosten,649.9,S,V10005,Rechnung V10005 03/2025,BECKER_M,MEYER_R
5100002196,1000,2025,2025-09-08,420000,Reisekosten,25.28,S,V10012,Rechnung V10012 09/2025,SCHMIDT_A,BAUER_C
5100002197,1000,2025,2025-09-29,450000,Mietaufwand,369.26,S,V10038,Rechnung V10038 09/2025,HOFFMANN_S,BAUER_C
5100002198,1000,2025,2025-02-14,440000,IT-Dienstleistungen,503.97,S,V10021,Rechnung V10021 02/2025,BECKER_M,MEYER_R
5100002199,1000,2025,2025-03-03,400000,Materialaufwand,349.24,S,V10026,Rechnung V10026 03/2025,WEBER_K,MEYER_R
5100002200,1000,2025,2025-09-04,430000,Beratungskosten,134.1,S,V10011,Rechnung V10011 09/2025,BECKER_M,WAGNER_P
5100002201,1000,2025,2025-02-13,430000,Beratungskosten,207.83,S,V10029,Rechnung V10029 02/2025,WEBER_K,WAGNER_P
5100002202,1000,2025,2025-11-18,460000,Werbekosten,371.31,S,V10020,Rechnung V10020 11/2025,BECKER_M,WAGNER_P
5100002203,1000,2025,2025-02-11,420000,Reisekosten,569.8,S,V10009,Rechnung V10009 02/2025,SCHMIDT_A,BAUER_C
5100002204,1000,2025,2025-12-19,470000,Instandhaltung,1296.81,S,V10006,Rechnung V10006 12/2025,BECKER_M,WAGNER_P
5100002205,1000,2025,2025-09-03,440000,IT-Dienstleistungen,2777.68,S,V10016,Rechnung V10016 09/2025,SCHMIDT_A,BAUER_C
5100002206,1000,2025,2025-06-13,410000,Bürobedarf,307.67,S,V10023,Rechnung V10023 06/2025,SCHMIDT_A,BAUER_C
5100002207,1000,2025,2025-04-08,430000,Beratungskosten,237.5,S,V10012,Rechnung V10012 04/2025,WEBER_K,WAGNER_P
5100002208,1000,2025,2025-05-08,470000,Instandhaltung,992.52,S,V10010,Rechnung V10010 05/2025,WEBER_K,BAUER_C
5100002209,1000,2025,2025-10-01,420000,Reisekosten,1309.44,S,V10011,Rechnung V10011 10/2025,FISCHER_L,WAGNER_P
5100002210,1000,2025,2025-10-02,450000,Mietaufwand,245.99,S,V10012,Rechnung V10012 10/2025,SCHMIDT_A,MEYER_R
5100002211,1000,2025,2025-03-18,460000,Werbekosten,1745.21,S,V10030,Rechnung V10030 03/2025,WEBER_K,MEYER_R
5100002212,1000,2025,2025-07-21,450000,Mietaufwand,2362.17,S,V10020,Rechnung V10020 07/2025,SCHMIDT_A,WAGNER_P
5100002213,1000,2025,2025-12-30,400000,Materialaufwand,3892.08,S,V10019,Rechnung V10019 12/2025,KOCH_J,BAUER_C
5100002214,1000,2025,2025-04-03,420000,Reisekosten,8478.71,S,V10007,Rechnung V10007 04/2025,HOFFMANN_S,BAUER_C
5100002215,1000,2025,2025-09-11,420000,Reisekosten,123.19,S,V10022,Rechnung V10022 09/2025,WEBER_K,MEYER_R
5100002216,1000,2025,2025-03-05,420000,Reisekosten,503.83,S,V10039,Rechnung V10039 03/2025,SCHMIDT_A,MEYER_R
5100002217,1000,2025,2025-10-31,470000,Instandhaltung,501.72,S,V10030,Rechnung V10030 10/2025,KOCH_J,WAGNER_P
5100002218,1000,2025,2025-03-04,400000,Materialaufwand,421.19,S,V10018,Rechnung V10018 03/2025,HOFFMANN_S,WAGNER_P
5100002219,1000,2025,2025-04-17,440000,IT-Dienstleistungen,174.37,S,V10013,Rechnung V10013 04/2025,KOCH_J,BAUER_C
5100002220,1000,2025,2025-06-20,470000,Instandhaltung,45.75,S,V10015,Rechnung V10015 06/2025,WEBER_K,MEYER_R
5100002221,1000,2025,2025-05-16,470000,Instandhaltung,571.51,S,V10002,Rechnung V10002 05/2025,FISCHER_L,BAUER_C
5100002222,1000,2025,2025-03-04,440000,IT-Dienstleistungen,144.12,S,V10002,Rechnung V10002 03/2025,SCHMIDT_A,WAGNER_P
5100002223,1000,2025,2025-08-25,470000,Instandhaltung,565.43,S,V10032,Rechnung V10032 08/2025,FISCHER_L,WAGNER_P
5100002224,1000,2025,2025-01-09,430000,Beratungskosten,138.31,S,V10034,Rechnung V10034 01/2025,SCHMIDT_A,WAGNER_P
5100002225,1000,2025,2025-12-23,440000,IT-Dienstleistungen,84.82,S,V10039,Rechnung V10039 12/2025,SCHMIDT_A,BAUER_C
5100002226,1000,2025,2025-01-22,440000,IT-Dienstleistungen,716.86,S,V10026,Rechnung V10026 01/2025,BECKER_M,WAGNER_P
5100002227,1000,2025,2025-05-05,400000,Materialaufwand,627.33,S,V10038,Rechnung V10038 05/2025,KOCH_J,WAGNER_P
5100002228,1000,2025,2025-12-04,400000,Materialaufwand,1244.95,S,V10017,Rechnung V10017 12/2025,BECKER_M,BAUER_C
5100002229,1000,2025,2025-02-26,470000,Instandhaltung,16274.94,S,V10011,Rechnung V10011 02/2025,HOFFMANN_S,MEYER_R
5100002230,1000,2025,2025-01-29,410000,Bürobedarf,767.9,S,V10010,Rechnung V10010 01/2025,HOFFMANN_S,WAGNER_P
5100002231,1000,2025,2025-09-29,420000,Reisekosten,1070.77,S,V10010,Rechnung V10010 09/2025,KOCH_J,BAUER_C
5100002232,1000,2025,2025-01-29,440000,IT-Dienstleistungen,87.87,S,V10030,Rechnung V10030 01/2025,SCHMIDT_A,BAUER_C
5100002233,1000,2025,2025-11-24,440000,IT-Dienstleistungen,62.86,S,V10001,Rechnung V10001 11/2025,WEBER_K,MEYER_R
5100002234,1000,2025,2025-06-17,440000,IT-Dienstleistungen,6201.38,S,V10038,Rechnung V10038 06/2025,BECKER_M,BAUER_C
5100002235,1000,2025,2025-11-13,470000,Instandhaltung,112.44,S,V10031,Rechnung V10031 11/2025,HOFFMANN_S,BAUER_C
5100002236,1000,2025,2025-03-31,460000,Werbekosten,92.73,S,V10016,Rechnung V10016 03/2025,HOFFMANN_S,WAGNER_P
5100002237,1000,2025,2025-02-21,470000,Instandhaltung,462.87,S,V10029,Rechnung V10029 02/2025,HOFFMANN_S,BAUER_C
5100002238,1000,2025,2025-12-16,450000,Mietaufwand,426.53,S,V10006,Rechnung V10006 12/2025,WEBER_K,WAGNER_P
5100002239,1000,2025,2025-10-07,470000,Instandhaltung,116.28,S,V10018,Rechnung V10018 10/2025,FISCHER_L,WAGNER_P
5100002240,1000,2025,2025-11-27,440000,IT-Dienstleistungen,302.49,S,V10005,Rechnung V10005 11/2025,SCHMIDT_A,WAGNER_P
5100002241,1000,2025,2025-04-28,440000,IT-Dienstleistungen,3522.76,S,V10005,Rechnung V10005 04/2025,WEBER_K,MEYER_R
5100002242,1000,2025,2025-05-30,460000,Werbekosten,135.7,S,V10001,Rechnung V10001 05/2025,SCHMIDT_A,BAUER_C
5100002243,1000,2025,2025-08-01,460000,Werbekosten,52.99,S,V10032,Rechnung V10032 08/2025,KOCH_J,MEYER_R
5100002244,1000,2025,2025-06-17,400000,Materialaufwand,2226.42,S,V10030,Rechnung V10030 06/2025,SCHMIDT_A,MEYER_R
5100002245,1000,2025,2025-03-28,470000,Instandhaltung,1083.2,S,V10036,Rechnung V10036 03/2025,FISCHER_L,BAUER_C
5100002246,1000,2025,2025-05-19,450000,Mietaufwand,182.58,S,V10040,Rechnung V10040 05/2025,KOCH_J,BAUER_C
5100002247,1000,2025,2025-08-13,470000,Instandhaltung,39.19,S,V10039,Rechnung V10039 08/2025,KOCH_J,WAGNER_P
5100002248,1000,2025,2025-01-16,450000,Mietaufwand,149.7,S,V10040,Rechnung V10040 01/2025,FISCHER_L,WAGNER_P
5100002249,1000,2025,2025-05-05,470000,Instandhaltung,451.45,S,V10001,Rechnung V10001 05/2025,FISCHER_L,WAGNER_P
5100002250,1000,2025,2025-04-16,420000,Reisekosten,3181.4,S,V10032,Rechnung V10032 04/2025,BECKER_M,WAGNER_P
5100002251,1000,2025,2025-01-28,410000,Bürobedarf,93.83,S,V10029,Rechnung V10029 01/2025,HOFFMANN_S,WAGNER_P
5100002252,1000,2025,2025-02-14,410000,Bürobedarf,430.42,S,V10007,Rechnung V10007 02/2025,HOFFMANN_S,WAGNER_P
5100002253,1000,2025,2025-07-03,420000,Reisekosten,1451.32,S,V10006,Rechnung V10006 07/2025,BECKER_M,WAGNER_P
5100002254,1000,2025,2025-02-07,410000,Bürobedarf,10.91,S,V10040,Rechnung V10040 02/2025,FISCHER_L,WAGNER_P
5100002255,1000,2025,2025-05-08,430000,Beratungskosten,2576.17,S,V10036,Rechnung V10036 05/2025,FISCHER_L,BAUER_C
5100002256,1000,2025,2025-07-28,410000,Bürobedarf,74.3,S,V10014,Rechnung V10014 07/2025,BECKER_M,BAUER_C
5100002257,1000,2025,2025-11-14,410000,Bürobedarf,838.15,S,V10003,Rechnung V10003 11/2025,KOCH_J,WAGNER_P
5100002258,1000,2025,2025-02-06,440000,IT-Dienstleistungen,731.2,S,V10014,Rechnung V10014 02/2025,SCHMIDT_A,WAGNER_P
5100002259,1000,2025,2025-06-11,460000,Werbekosten,2794.3,S,V10001,Rechnung V10001 06/2025,HOFFMANN_S,MEYER_R
5100002260,1000,2025,2025-02-07,410000,Bürobedarf,1189.73,S,V10028,Rechnung V10028 02/2025,FISCHER_L,MEYER_R
5100002261,1000,2025,2025-06-10,440000,IT-Dienstleistungen,10.98,S,V10016,Rechnung V10016 06/2025,SCHMIDT_A,BAUER_C
5100002262,1000,2025,2025-06-30,450000,Mietaufwand,140.38,S,V10002,Rechnung V10002 06/2025,SCHMIDT_A,WAGNER_P
5100002263,1000,2025,2025-10-20,450000,Mietaufwand,614.7,S,V10040,Rechnung V10040 10/2025,FISCHER_L,MEYER_R
5100002264,1000,2025,2025-06-13,400000,Materialaufwand,360.69,S,V10034,Rechnung V10034 06/2025,WEBER_K,WAGNER_P
5100002265,1000,2025,2025-12-05,450000,Mietaufwand,1058.04,S,V10037,Rechnung V10037 12/2025,SCHMIDT_A,BAUER_C
5100002266,1000,2025,2025-02-20,400000,Materialaufwand,1742.34,S,V10040,Rechnung V10040 02/2025,WEBER_K,WAGNER_P
5100002267,1000,2025,2025-01-22,410000,Bürobedarf,1304.43,S,V10001,Rechnung V10001 01/2025,KOCH_J,BAUER_C
5100002268,1000,2025,2025-01-03,420000,Reisekosten,349.73,S,V10032,Rechnung V10032 01/2025,HOFFMANN_S,WAGNER_P
5100002269,1000,2025,2025-05-13,460000,Werbekosten,25.68,S,V10032,Rechnung V10032 05/2025,WEBER_K,MEYER_R
5100002270,1000,2025,2025-03-12,410000,Bürobedarf,237.75,S,V10032,Rechnung V10032 03/2025,HOFFMANN_S,MEYER_R
5100002271,1000,2025,2025-02-04,460000,Werbekosten,959.29,S,V10011,Rechnung V10011 02/2025,FISCHER_L,MEYER_R
5100002272,1000,2025,2025-03-26,470000,Instandhaltung,86.08,S,V10016,Rechnung V10016 03/2025,HOFFMANN_S,BAUER_C
5100002273,1000,2025,2025-12-19,470000,Instandhaltung,1352.95,S,V10038,Rechnung V10038 12/2025,WEBER_K,BAUER_C
5100002274,1000,2025,2025-10-21,420000,Reisekosten,2107.86,S,V10003,Rechnung V10003 10/2025,SCHMIDT_A,WAGNER_P
5100002275,1000,2025,2025-01-09,400000,Materialaufwand,603.65,S,V10026,Rechnung V10026 01/2025,WEBER_K,BAUER_C
5100002276,1000,2025,2025-11-28,410000,Bürobedarf,3.66,S,V10032,Rechnung V10032 11/2025,KOCH_J,WAGNER_P
5100002277,1000,2025,2025-03-17,460000,Werbekosten,63.76,S,V10032,Rechnung V10032 03/2025,BECKER_M,BAUER_C
5100002278,1000,2025,2025-05-30,410000,Bürobedarf,10075.91,S,V10024,Rechnung V10024 05/2025,SCHMIDT_A,BAUER_C
5100002279,1000,2025,2025-04-30,450000,Mietaufwand,205.52,S,V10031,Rechnung V10031 04/2025,KOCH_J,WAGNER_P
5100002280,1000,2025,2025-05-30,420000,Reisekosten,2000.0,S,V10037,Rechnung V10037 05/2025,HOFFMANN_S,WAGNER_P
5100002281,1000,2025,2025-10-07,460000,Werbekosten,3556.02,S,V10031,Rechnung V10031 10/2025,BECKER_M,MEYER_R
5100002282,1000,2025,2025-09-18,440000,IT-Dienstleistungen,503.39,S,V10005,Rechnung V10005 09/2025,HOFFMANN_S,BAUER_C
5100002283,1000,2025,2025-08-07,440000,IT-Dienstleistungen,2886.8,S,V10010,Rechnung V10010 08/2025,WEBER_K,BAUER_C
5100002284,1000,2025,2025-08-19,460000,Werbekosten,767.5,S,V10013,Rechnung V10013 08/2025,BECKER_M,MEYER_R
5100002285,1000,2025,2025-09-23,470000,Instandhaltung,1026.28,S,V10014,Rechnung V10014 09/2025,KOCH_J,BAUER_C
5100002286,1000,2025,2025-03-10,420000,Reisekosten,880.79,S,V10015,Rechnung V10015 03/2025,FISCHER_L,MEYER_R
5100002287,1000,2025,2025-05-26,440000,IT-Dienstleistungen,1504.15,S,V10009,Rechnung V10009 05/2025,SCHMIDT_A,WAGNER_P
5100002288,1000,2025,2025-02-10,450000,Mietaufwand,18842.85,S,V10028,Rechnung V10028 02/2025,HOFFMANN_S,BAUER_C
5100002289,1000,2025,2025-09-16,460000,Werbekosten,2329.97,S,V10005,Rechnung V10005 09/2025,HOFFMANN_S,MEYER_R
5100002290,1000,2025,2025-06-12,430000,Beratungskosten,39.31,S,V10032,Rechnung V10032 06/2025,HOFFMANN_S,MEYER_R
5100002291,1000,2025,2025-08-22,420000,Reisekosten,1006.93,S,V10027,Rechnung V10027 08/2025,BECKER_M,WAGNER_P
5100002292,1000,2025,2025-07-29,460000,Werbekosten,3060.61,S,V10039,Rechnung V10039 07/2025,SCHMIDT_A,MEYER_R
5100002293,1000,2025,2025-04-09,470000,Instandhaltung,3375.58,S,V10001,Rechnung V10001 04/2025,SCHMIDT_A,WAGNER_P
5100002294,1000,2025,2025-02-20,440000,IT-Dienstleistungen,248.99,S,V10012,Rechnung V10012 02/2025,HOFFMANN_S,MEYER_R
5100002295,1000,2025,2025-12-19,400000,Materialaufwand,3177.69,S,V10036,Rechnung V10036 12/2025,KOCH_J,MEYER_R
5100002296,1000,2025,2025-04-16,420000,Reisekosten,2174.14,S,V10020,Rechnung V10020 04/2025,SCHMIDT_A,MEYER_R
5100002297,1000,2025,2025-02-11,430000,Beratungskosten,30213.01,S,V10023,Rechnung V10023 02/2025,BECKER_M,BAUER_C
5100002298,1000,2025,2025-04-23,450000,Mietaufwand,148.41,S,V10002,Rechnung V10002 04/2025,BECKER_M,BAUER_C
5100002299,1000,2025,2025-11-25,450000,Mietaufwand,218.8,S,V10031,Rechnung V10031 11/2025,FISCHER_L,MEYER_R
5100002300,1000,2025,2025-04-04,460000,Werbekosten,301.93,S,V10011,Rechnung V10011 04/2025,BECKER_M,MEYER_R
5100002301,1000,2025,2025-12-24,400000,Materialaufwand,224.9,S,V10039,Rechnung V10039 12/2025,KOCH_J,BAUER_C
5100002302,1000,2025,2025-06-23,430000,Beratungskosten,118.62,S,V10015,Rechnung V10015 06/2025,HOFFMANN_S,MEYER_R
5100002303,1000,2025,2025-11-11,450000,Mietaufwand,5.93,S,V10008,Rechnung V10008 11/2025,SCHMIDT_A,WAGNER_P
5100002304,1000,2025,2025-08-28,470000,Instandhaltung,245.79,S,V10024,Rechnung V10024 08/2025,FISCHER_L,BAUER_C
5100002305,1000,2025,2025-01-17,410000,Bürobedarf,889.78,S,V10020,Rechnung V10020 01/2025,KOCH_J,MEYER_R
5100002306,1000,2025,2025-07-09,470000,Instandhaltung,223.82,S,V10019,Rechnung V10019 07/2025,WEBER_K,BAUER_C
5100002307,1000,2025,2025-06-04,400000,Materialaufwand,10901.0,S,V10038,Rechnung V10038 06/2025,KOCH_J,MEYER_R
5100002308,1000,2025,2025-03-14,410000,Bürobedarf,503.41,S,V10015,Rechnung V10015 03/2025,FISCHER_L,MEYER_R
5100002309,1000,2025,2025-07-23,460000,Werbekosten,3887.99,S,V10016,Rechnung V10016 07/2025,BECKER_M,WAGNER_P
5100002310,1000,2025,2025-02-07,460000,Werbekosten,748.65,S,V10025,Rechnung V10025 02/2025,WEBER_K,BAUER_C
5100002311,1000,2025,2025-09-12,470000,Instandhaltung,1848.73,S,V10007,Rechnung V10007 09/2025,KOCH_J,WAGNER_P
5100002312,1000,2025,2025-10-28,440000,IT-Dienstleistungen,770.3,S,V10034,Rechnung V10034 10/2025,BECKER_M,MEYER_R
5100002313,1000,2025,2025-02-05,440000,IT-Dienstleistungen,4403.06,S,V10010,Rechnung V10010 02/2025,BECKER_M,MEYER_R
5100002314,1000,2025,2025-06-27,440000,IT-Dienstleistungen,2000.0,S,V10010,Rechnung V10010 06/2025,FISCHER_L,BAUER_C
5100002315,1000,2025,2025-08-28,440000,IT-Dienstleistungen,1089.85,S,V10001,Rechnung V10001 08/2025,SCHMIDT_A,WAGNER_P
5100002316,1000,2025,2025-01-24,440000,IT-Dienstleistungen,885.48,S,V10014,Rechnung V10014 01/2025,HOFFMANN_S,MEYER_R
5100002317,1000,2025,2025-05-23,420000,Reisekosten,310.67,S,V10024,Rechnung V10024 05/2025,WEBER_K,WAGNER_P
5100002318,1000,2025,2025-04-03,460000,Werbekosten,941.97,S,V10029,Rechnung V10029 04/2025,WEBER_K,WAGNER_P
5100002319,1000,2025,2025-01-16,420000,Reisekosten,17588.81,S,V10036,Rechnung V10036 01/2025,HOFFMANN_S,MEYER_R
5100002320,1000,2025,2025-10-22,440000,IT-Dienstleistungen,319.69,S,V10032,Rechnung V10032 10/2025,WEBER_K,MEYER_R
5100002321,1000,2025,2025-06-16,450000,Mietaufwand,964.05,S,V10013,Rechnung V10013 06/2025,HOFFMANN_S,BAUER_C
5100002322,1000,2025,2025-10-01,440000,IT-Dienstleistungen,3686.55,S,V10034,Rechnung V10034 10/2025,FISCHER_L,BAUER_C
5100002323,1000,2025,2025-08-05,440000,IT-Dienstleistungen,15000.0,S,V10008,Rechnung V10008 08/2025,HOFFMANN_S,MEYER_R
5100002324,1000,2025,2025-11-14,400000,Materialaufwand,502.07,S,V10009,Rechnung V10009 11/2025,SCHMIDT_A,MEYER_R
5100002325,1000,2025,2025-12-31,420000,Reisekosten,10.88,S,V10015,Rechnung V10015 12/2025,HOFFMANN_S,WAGNER_P
5100002326,1000,2025,2025-08-11,430000,Beratungskosten,1126.34,S,V10022,Rechnung V10022 08/2025,WEBER_K,WAGNER_P
5100002327,1000,2025,2025-05-12,430000,Beratungskosten,14.14,S,V10009,Rechnung V10009 05/2025,KOCH_J,WAGNER_P
5100002328,1000,2025,2025-06-05,470000,Instandhaltung,5176.58,S,V10037,Rechnung V10037 06/2025,FISCHER_L,BAUER_C
5100002329,1000,2025,2025-10-29,470000,Instandhaltung,646.23,S,V10011,Rechnung V10011 10/2025,SCHMIDT_A,MEYER_R
5100002330,1000,2025,2025-06-06,450000,Mietaufwand,2439.33,S,V10016,Rechnung V10016 06/2025,FISCHER_L,MEYER_R
5100002331,1000,2025,2025-04-20,420000,Reisekosten,116.35,S,V10025,Rechnung V10025 07/2025,SCHMIDT_A,BAUER_C
5100002332,1000,2025,2025-03-12,400000,Materialaufwand,41.1,S,V10018,Rechnung V10018 03/2025,WEBER_K,BAUER_C
5100002333,1000,2025,2025-12-29,460000,Werbekosten,747.85,S,V10017,Rechnung V10017 12/2025,HOFFMANN_S,MEYER_R
5100002334,1000,2025,2025-08-27,470000,Instandhaltung,466.96,S,V10040,Rechnung V10040 08/2025,BECKER_M,WAGNER_P
5100002335,1000,2025,2025-05-02,430000,Beratungskosten,224.42,S,V10018,Rechnung V10018 05/2025,HOFFMANN_S,WAGNER_P
5100002336,1000,2025,2025-08-05,460000,Werbekosten,564.23,S,V10005,Rechnung V10005 08/2025,KOCH_J,MEYER_R
5100002337,1000,2025,2025-05-28,470000,Instandhaltung,41270.26,S,V10030,Rechnung V10030 05/2025,FISCHER_L,BAUER_C
5100002338,1000,2025,2025-02-26,440000,IT-Dienstleistungen,1872.9,S,V10029,Rechnung V10029 02/2025,BECKER_M,MEYER_R
5100002339,1000,2025,2025-11-14,410000,Bürobedarf,2641.75,S,V10009,Rechnung V10009 11/2025,SCHMIDT_A,WAGNER_P
5100002340,1000,2025,2025-11-19,400000,Materialaufwand,1901.31,S,V10035,Rechnung V10035 11/2025,WEBER_K,WAGNER_P
5100002341,1000,2025,2025-10-31,460000,Werbekosten,5256.07,S,V10016,Rechnung V10016 10/2025,HOFFMANN_S,BAUER_C
5100002342,1000,2025,2025-05-16,440000,IT-Dienstleistungen,363.54,S,V10007,Rechnung V10007 05/2025,SCHMIDT_A,MEYER_R
5100002343,1000,2025,2025-04-03,410000,Bürobedarf,18.4,S,V10007,Rechnung V10007 04/2025,FISCHER_L,MEYER_R
5100002344,1000,2025,2025-01-21,400000,Materialaufwand,364.4,S,V10029,Rechnung V10029 01/2025,SCHMIDT_A,WAGNER_P
5100002345,1000,2025,2025-09-24,470000,Instandhaltung,1805.83,S,V10009,Rechnung V10009 09/2025,KOCH_J,BAUER_C
5100002346,1000,2025,2025-04-30,420000,Reisekosten,104.41,S,V10019,Rechnung V10019 04/2025,BECKER_M,WAGNER_P
5100002347,1000,2025,2025-11-21,420000,Reisekosten,371.6,S,V10030,Rechnung V10030 11/2025,BECKER_M,BAUER_C
5100002348,1000,2025,2025-11-13,450000,Mietaufwand,162.91,S,V10035,Rechnung V10035 11/2025,HOFFMANN_S,WAGNER_P
5100002349,1000,2025,2025-02-18,420000,Reisekosten,5449.32,S,V10020,Rechnung V10020 02/2025,WEBER_K,MEYER_R
5100002350,1000,2025,2025-12-01,470000,Instandhaltung,1634.56,S,V10037,Rechnung V10037 12/2025,SCHMIDT_A,WAGNER_P
5100002351,1000,2025,2025-02-21,450000,Mietaufwand,1397.53,S,V10013,Rechnung V10013 02/2025,FISCHER_L,BAUER_C
5100002352,1000,2025,2025-07-02,420000,Reisekosten,1332.17,S,V10035,Rechnung V10035 07/2025,WEBER_K,BAUER_C
5100002353,1000,2025,2025-06-26,420000,Reisekosten,464.24,S,V10011,Rechnung V10011 06/2025,WEBER_K,BAUER_C
5100002354,1000,2025,2025-12-15,460000,Werbekosten,675.93,S,V10003,Rechnung V10003 12/2025,WEBER_K,MEYER_R
5100002355,1000,2025,2025-08-29,440000,IT-Dienstleistungen,73.97,S,V10030,Rechnung V10030 08/2025,HOFFMANN_S,WAGNER_P
5100002356,1000,2025,2025-11-14,470000,Instandhaltung,14.9,S,V10031,Rechnung V10031 11/2025,WEBER_K,WAGNER_P
5100002357,1000,2025,2025-08-07,420000,Reisekosten,626.49,S,V10038,Rechnung V10038 08/2025,SCHMIDT_A,WAGNER_P
5100002358,1000,2025,2025-10-29,400000,Materialaufwand,827.48,S,V10037,Rechnung V10037 10/2025,KOCH_J,BAUER_C
5100002359,1000,2025,2025-11-07,470000,Instandhaltung,3411.21,S,V10005,Rechnung V10005 11/2025,SCHMIDT_A,BAUER_C
5100002360,1000,2025,2025-11-10,430000,Beratungskosten,4795.0,S,V10025,Rechnung V10025 11/2025,KOCH_J,MEYER_R
5100002361,1000,2025,2025-06-02,460000,Werbekosten,6075.37,S,V10029,Rechnung V10029 06/2025,FISCHER_L,MEYER_R
5100002362,1000,2025,2025-05-21,450000,Mietaufwand,99.8,S,V10025,Rechnung V10025 05/2025,SCHMIDT_A,WAGNER_P
5100002363,1000,2025,2025-12-24,410000,Bürobedarf,280.44,S,V10001,Rechnung V10001 12/2025,KOCH_J,BAUER_C
5100002364,1000,2025,2025-10-06,460000,Werbekosten,1062.66,S,V10002,Rechnung V10002 10/2025,FISCHER_L,BAUER_C
5100002365,1000,2025,2025-12-01,400000,Materialaufwand,28312.18,S,V10027,Rechnung V10027 12/2025,HOFFMANN_S,WAGNER_P
5100002366,1000,2025,2025-08-01,430000,Beratungskosten,4611.46,S,V10035,Rechnung V10035 08/2025,KOCH_J,WAGNER_P
5100002367,1000,2025,2025-12-04,420000,Reisekosten,2954.35,S,V10008,Rechnung V10008 12/2025,BECKER_M,BAUER_C
5100002368,1000,2025,2025-09-19,450000,Mietaufwand,264.95,S,V10002,Rechnung V10002 09/2025,SCHMIDT_A,BAUER_C
5100002369,1000,2025,2025-09-29,440000,IT-Dienstleistungen,119.93,S,V10017,Rechnung V10017 09/2025,WEBER_K,MEYER_R
5100002370,1000,2025,2025-03-06,440000,IT-Dienstleistungen,1741.07,S,V10013,Rechnung V10013 03/2025,FISCHER_L,MEYER_R
5100002371,1000,2025,2025-07-29,430000,Beratungskosten,84.69,S,V10040,Rechnung V10040 07/2025,KOCH_J,WAGNER_P
5100002372,1000,2025,2025-09-24,450000,Mietaufwand,336.47,S,V10038,Rechnung V10038 09/2025,WEBER_K,WAGNER_P
5100002373,1000,2025,2025-10-07,410000,Bürobedarf,410.08,S,V10023,Rechnung V10023 10/2025,HOFFMANN_S,MEYER_R
5100002374,1000,2025,2025-12-15,450000,Mietaufwand,6302.23,S,V10038,Rechnung V10038 12/2025,SCHMIDT_A,MEYER_R
5100002375,1000,2025,2025-04-30,400000,Materialaufwand,279.36,S,V10010,Rechnung V10010 04/2025,WEBER_K,MEYER_R
5100002376,1000,2025,2025-04-22,400000,Materialaufwand,9.95,S,V10040,Rechnung V10040 04/2025,BECKER_M,MEYER_R
5100002377,1000,2025,2025-12-18,450000,Mietaufwand,1104.46,S,V10018,Rechnung V10018 12/2025,FISCHER_L,WAGNER_P
5100002378,1000,2025,2025-12-24,410000,Bürobedarf,161.03,S,V10020,Rechnung V10020 12/2025,BECKER_M,BAUER_C
5100002379,1000,2025,2025-03-06,460000,Werbekosten,527.53,S,V10003,Rechnung V10003 03/2025,HOFFMANN_S,MEYER_R
5100002380,1000,2025,2025-05-20,410000,Bürobedarf,428.92,S,V10008,Rechnung V10008 05/2025,SCHMIDT_A,MEYER_R
5100002381,1000,2025,2025-12-11,410000,Bürobedarf,318.01,S,V10008,Rechnung V10008 12/2025,HOFFMANN_S,MEYER_R
5100002382,1000,2025,2025-03-13,470000,Instandhaltung,1745.06,S,V10020,Rechnung V10020 03/2025,KOCH_J,BAUER_C
5100002383,1000,2025,2025-10-14,410000,Bürobedarf,42.41,S,V10008,Rechnung V10008 10/2025,HOFFMANN_S,WAGNER_P
5100002384,1000,2025,2025-02-12,470000,Instandhaltung,215.46,S,V10005,Rechnung V10005 02/2025,WEBER_K,WAGNER_P
5100002385,1000,2025,2025-03-06,420000,Reisekosten,1472.12,S,V10025,Rechnung V10025 03/2025,FISCHER_L,MEYER_R
5100002386,1000,2025,2025-10-15,460000,Werbekosten,184.47,S,V10035,Rechnung V10035 10/2025,KOCH_J,BAUER_C
5100002387,1000,2025,2025-08-12,470000,Instandhaltung,37.56,S,V10003,Rechnung V10003 08/2025,HOFFMANN_S,MEYER_R
5100002388,1000,2025,2025-07-24,400000,Materialaufwand,1436.1,S,V10023,Rechnung V10023 07/2025,KOCH_J,BAUER_C
5100002389,1000,2025,2025-11-10,420000,Reisekosten,2971.88,S,V10039,Rechnung V10039 11/2025,KOCH_J,BAUER_C
5100002390,1000,2025,2025-04-23,440000,IT-Dienstleistungen,458.52,S,V10017,Rechnung V10017 04/2025,FISCHER_L,WAGNER_P
5100002391,1000,2025,2025-07-07,460000,Werbekosten,21.38,S,V10008,Rechnung V10008 07/2025,SCHMIDT_A,BAUER_C
5100002392,1000,2025,2025-08-13,410000,Bürobedarf,1524.7,S,V10004,Rechnung V10004 08/2025,WEBER_K,BAUER_C
5100002393,1000,2025,2025-09-26,410000,Bürobedarf,34.61,S,V10038,Rechnung V10038 09/2025,WEBER_K,WAGNER_P
5100002394,1000,2025,2025-05-05,420000,Reisekosten,807.61,S,V10017,Rechnung V10017 05/2025,KOCH_J,BAUER_C
5100002395,1000,2025,2025-08-21,410000,Bürobedarf,119.11,S,V10005,Rechnung V10005 08/2025,WEBER_K,WAGNER_P
5100002396,1000,2025,2025-06-17,420000,Reisekosten,77.03,S,V10035,Rechnung V10035 06/2025,FISCHER_L,WAGNER_P
5100002397,1000,2025,2025-07-21,410000,Bürobedarf,242.97,S,V10033,Rechnung V10033 07/2025,KOCH_J,WAGNER_P
5100002398,1000,2025,2025-11-11,460000,Werbekosten,367.5,S,V10029,Rechnung V10029 11/2025,SCHMIDT_A,WAGNER_P
5100002399,1000,2025,2025-05-26,460000,Werbekosten,175.79,S,V10004,Rechnung V10004 05/2025,BECKER_M,MEYER_R
5100002400,1000,2025,2025-09-03,410000,Bürobedarf,1263.86,S,V10004,Rechnung V10004 09/2025,BECKER_M,MEYER_R
5100002401,1000,2025,2025-12-09,440000,IT-Dienstleistungen,241.36,S,V10009,Rechnung V10009 12/2025,KOCH_J,MEYER_R
5100002402,1000,2025,2025-10-07,450000,Mietaufwand,2364.46,S,V10007,Rechnung V10007 10/2025,FISCHER_L,MEYER_R
5100002403,1000,2025,2025-12-29,450000,Mietaufwand,772.69,S,V10022,Rechnung V10022 12/2025,BECKER_M,BAUER_C
5100002404,1000,2025,2025-08-04,470000,Instandhaltung,161.4,S,V10016,Rechnung V10016 08/2025,KOCH_J,MEYER_R
5100002405,1000,2025,2025-04-11,450000,Mietaufwand,123.28,S,V10031,Rechnung V10031 04/2025,KOCH_J,BAUER_C
5100002406,1000,2025,2025-12-29,450000,Mietaufwand,35.3,S,V10005,Rechnung V10005 12/2025,HOFFMANN_S,WAGNER_P
5100002407,1000,2025,2025-08-26,400000,Materialaufwand,784.6,S,V10030,Rechnung V10030 08/2025,HOFFMANN_S,WAGNER_P
5100002408,1000,2025,2025-03-28,400000,Materialaufwand,279.4,S,V10038,Rechnung V10038 03/2025,KOCH_J,MEYER_R
5100002409,1000,2025,2025-04-28,440000,IT-Dienstleistungen,11.07,S,V10006,Rechnung V10006 04/2025,KOCH_J,BAUER_C
5100002410,1000,2025,2025-04-04,470000,Instandhaltung,209.11,S,V10027,Rechnung V10027 04/2025,HOFFMANN_S,WAGNER_P
5100002411,1000,2025,2025-10-31,430000,Beratungskosten,116.55,S,V10021,Rechnung V10021 10/2025,WEBER_K,WAGNER_P
5100002412,1000,2025,2025-02-05,450000,Mietaufwand,6130.82,S,V10004,Rechnung V10004 02/2025,BECKER_M,WAGNER_P
5100002413,1000,2025,2025-09-26,410000,Bürobedarf,32.32,S,V10012,Rechnung V10012 09/2025,WEBER_K,BAUER_C
5100002414,1000,2025,2025-07-24,430000,Beratungskosten,49.1,S,V10032,Rechnung V10032 07/2025,BECKER_M,WAGNER_P
5100002415,1000,2025,2025-01-29,460000,Werbekosten,2910.13,S,V10035,Rechnung V10035 01/2025,FISCHER_L,WAGNER_P
5100002416,1000,2025,2025-08-14,450000,Mietaufwand,4319.18,S,V10015,Rechnung V10015 08/2025,KOCH_J,BAUER_C
5100002417,1000,2025,2025-10-02,400000,Materialaufwand,149.61,S,V10005,Rechnung V10005 10/2025,BECKER_M,BAUER_C
5100002418,1000,2025,2025-09-23,470000,Instandhaltung,179.23,S,V10010,Rechnung V10010 09/2025,KOCH_J,BAUER_C
5100002419,1000,2025,2025-07-16,470000,Instandhaltung,1320.78,S,V10034,Rechnung V10034 07/2025,HOFFMANN_S,MEYER_R
5100002420,1000,2025,2025-05-05,430000,Beratungskosten,11.9,S,V10023,Rechnung V10023 05/2025,KOCH_J,BAUER_C
5100002421,1000,2025,2025-02-28,420000,Reisekosten,25.08,S,V10018,Rechnung V10018 02/2025,WEBER_K,MEYER_R
5100002422,1000,2025,2025-01-08,440000,IT-Dienstleistungen,314.45,S,V10001,Rechnung V10001 01/2025,HOFFMANN_S,WAGNER_P
5100002423,1000,2025,2025-05-13,460000,Werbekosten,5883.02,S,V10032,Rechnung V10032 05/2025,WEBER_K,WAGNER_P
5100002424,1000,2025,2025-08-21,430000,Beratungskosten,245.39,S,V10019,Rechnung V10019 08/2025,BECKER_M,MEYER_R
5100002425,1000,2025,2025-01-16,400000,Materialaufwand,579.11,S,V10022,Rechnung V10022 01/2025,FISCHER_L,MEYER_R
5100002426,1000,2025,2025-12-31,400000,Materialaufwand,3023.17,S,V10034,Rechnung V10034 12/2025,WEBER_K,BAUER_C
5100002427,1000,2025,2025-08-05,460000,Werbekosten,14342.98,S,V10023,Rechnung V10023 08/2025,KOCH_J,BAUER_C
5100002428,1000,2025,2025-04-16,460000,Werbekosten,195.79,S,V10038,Rechnung V10038 04/2025,KOCH_J,MEYER_R
5100002429,1000,2025,2025-12-16,460000,Werbekosten,479.65,S,V10023,Rechnung V10023 12/2025,BECKER_M,WAGNER_P
5100002430,1000,2025,2025-04-27,410000,Bürobedarf,9093.26,S,V10014,Rechnung V10014 03/2025,SCHMIDT_A,MEYER_R
5100002431,1000,2025,2025-12-15,410000,Bürobedarf,43.14,S,V10037,Rechnung V10037 12/2025,WEBER_K,WAGNER_P
5100002432,1000,2025,2025-04-11,430000,Beratungskosten,2550.72,S,V10026,Rechnung V10026 04/2025,WEBER_K,MEYER_R
5100002433,1000,2025,2025-05-20,410000,Bürobedarf,96.61,S,V10031,Rechnung V10031 05/2025,KOCH_J,BAUER_C
5100002434,1000,2025,2025-06-06,430000,Beratungskosten,580.54,S,V10010,Rechnung V10010 06/2025,FISCHER_L,WAGNER_P
5100002435,1000,2025,2025-12-30,440000,IT-Dienstleistungen,334.22,S,V10027,Rechnung V10027 12/2025,SCHMIDT_A,WAGNER_P
5100002436,1000,2025,2025-04-01,420000,Reisekosten,106.4,S,V10023,Rechnung V10023 04/2025,BECKER_M,BAUER_C
5100002437,1000,2025,2025-12-19,400000,Materialaufwand,102.21,S,V10005,Rechnung V10005 12/2025,KOCH_J,WAGNER_P
5100002438,1000,2025,2025-05-04,430000,Beratungskosten,766.83,S,V10011,Rechnung V10011 05/2025,BECKER_M,MEYER_R
5100002439,1000,2025,2025-04-14,450000,Mietaufwand,2423.25,S,V10037,Rechnung V10037 04/2025,FISCHER_L,WAGNER_P
5100002440,1000,2025,2025-08-22,440000,IT-Dienstleistungen,400.38,S,V10023,Rechnung V10023 08/2025,WEBER_K,BAUER_C
5100002441,1000,2025,2025-09-11,420000,Reisekosten,551.25,S,V10031,Rechnung V10031 09/2025,KOCH_J,WAGNER_P
5100002442,1000,2025,2025-05-08,420000,Reisekosten,1228.9,S,V10007,Rechnung V10007 05/2025,SCHMIDT_A,MEYER_R
5100002443,1000,2025,2025-02-19,440000,IT-Dienstleistungen,104.11,S,V10009,Rechnung V10009 02/2025,KOCH_J,MEYER_R
5100002444,1000,2025,2025-05-27,410000,Bürobedarf,1609.23,S,V10038,Rechnung V10038 05/2025,WEBER_K,MEYER_R
5100002445,1000,2025,2025-07-21,460000,Werbekosten,1827.95,S,V10017,Rechnung V10017 07/2025,SCHMIDT_A,BAUER_C
5100002446,1000,2025,2025-01-17,460000,Werbekosten,31754.89,S,V10036,Rechnung V10036 01/2025,FISCHER_L,MEYER_R
5100002447,1000,2025,2025-01-30,430000,Beratungskosten,4988.86,S,V10033,Rechnung V10033 01/2025,KOCH_J,BAUER_C
5100002448,1000,2025,2025-12-01,470000,Instandhaltung,236.77,S,V10014,Rechnung V10014 12/2025,SCHMIDT_A,MEYER_R
5100002449,1000,2025,2025-01-15,400000,Materialaufwand,1686.39,S,V10038,Rechnung V10038 01/2025,WEBER_K,WAGNER_P
5100002450,1000,2025,2025-05-30,430000,Beratungskosten,15000.0,S,V10032,Rechnung V10032 05/2025,HOFFMANN_S,BAUER_C
5100002451,1000,2025,2025-10-07,450000,Mietaufwand,209.32,S,V10006,Rechnung V10006 10/2025,HOFFMANN_S,HOFFMANN_S
5100002452,1000,2025,2025-05-02,420000,Reisekosten,258.51,S,V10004,Rechnung V10004 05/2025,WEBER_K,MEYER_R
5100002453,1000,2025,2025-07-03,410000,Bürobedarf,1171.23,S,V10006,Rechnung V10006 07/2025,BECKER_M,MEYER_R
5100002454,1000,2025,2025-02-03,400000,Materialaufwand,131.09,S,V10030,Rechnung V10030 02/2025,FISCHER_L,MEYER_R
5100002455,1000,2025,2025-10-17,450000,Mietaufwand,255.48,S,V10006,Rechnung V10006 10/2025,FISCHER_L,BAUER_C
5100002456,1000,2025,2025-08-21,400000,Materialaufwand,568.7,S,V10012,Rechnung V10012 08/2025,FISCHER_L,MEYER_R
5100002457,1000,2025,2025-11-06,430000,Beratungskosten,2424.79,S,V10018,Rechnung V10018 11/2025,KOCH_J,MEYER_R
5100002458,1000,2025,2025-11-11,430000,Beratungskosten,187.29,S,V10006,Rechnung V10006 11/2025,BECKER_M,BAUER_C
5100002459,1000,2025,2025-05-09,470000,Instandhaltung,25.85,S,V10014,Rechnung V10014 05/2025,BECKER_M,WAGNER_P
5100002460,1000,2025,2025-01-17,470000,Instandhaltung,22.95,S,V10028,Rechnung V10028 01/2025,KOCH_J,BAUER_C
5100002461,1000,2025,2025-05-08,460000,Werbekosten,65.69,S,V10039,Rechnung V10039 05/2025,BECKER_M,MEYER_R
5100002462,1000,2025,2025-02-24,450000,Mietaufwand,60.28,S,V10019,Rechnung V10019 02/2025,SCHMIDT_A,WAGNER_P
5100002463,1000,2025,2025-07-17,440000,IT-Dienstleistungen,384.76,S,V10030,Rechnung V10030 07/2025,WEBER_K,MEYER_R
5100002464,1000,2025,2025-02-24,420000,Reisekosten,73.54,S,V10022,Rechnung V10022 02/2025,FISCHER_L,WAGNER_P
5100002465,1000,2025,2025-12-02,410000,Bürobedarf,160.07,S,V10019,Rechnung V10019 12/2025,SCHMIDT_A,MEYER_R
5100002466,1000,2025,2025-08-11,470000,Instandhaltung,142.8,S,V10021,Rechnung V10021 08/2025,HOFFMANN_S,BAUER_C
5100002467,1000,2025,2025-04-02,430000,Beratungskosten,243.52,S,V10039,Rechnung V10039 04/2025,FISCHER_L,WAGNER_P
5100002468,1000,2025,2025-12-02,430000,Beratungskosten,4088.8,S,V10003,Rechnung V10003 12/2025,SCHMIDT_A,MEYER_R
5100002469,1000,2025,2025-10-09,410000,Bürobedarf,1421.0,S,V10021,Rechnung V10021 10/2025,FISCHER_L,BAUER_C
5100002470,1000,2025,2025-06-12,420000,Reisekosten,505.63,S,V10003,Rechnung V10003 06/2025,HOFFMANN_S,MEYER_R
5100002471,1000,2025,2025-02-24,450000,Mietaufwand,235.65,S,V10036,Rechnung V10036 02/2025,KOCH_J,BAUER_C
5100002472,1000,2025,2025-05-07,430000,Beratungskosten,246.37,S,V10025,Rechnung V10025 05/2025,KOCH_J,WAGNER_P
5100002473,1000,2025,2025-08-05,440000,IT-Dienstleistungen,832.47,S,V10002,Rechnung V10002 08/2025,KOCH_J,BAUER_C
5100002474,1000,2025,2025-10-08,410000,Bürobedarf,1254.72,S,V10025,Rechnung V10025 10/2025,BECKER_M,MEYER_R
5100002475,1000,2025,2025-04-04,400000,Materialaufwand,115.33,S,V10018,Rechnung V10018 04/2025,KOCH_J,BAUER_C
5100002476,1000,2025,2025-05-11,470000,Instandhaltung,522.37,S,V10002,Rechnung V10002 09/2025,KOCH_J,WAGNER_P
5100002477,1000,2025,2025-04-11,430000,Beratungskosten,19.09,S,V10040,Rechnung V10040 04/2025,BECKER_M,WAGNER_P
5100002478,1000,2025,2025-03-31,420000,Reisekosten,691.42,S,V10016,Rechnung V10016 03/2025,FISCHER_L,WAGNER_P
5100002479,1000,2025,2025-06-16,420000,Reisekosten,1668.1,S,V10001,Rechnung V10001 06/2025,KOCH_J,MEYER_R
5100002480,1000,2025,2025-02-28,450000,Mietaufwand,314.79,S,V10025,Rechnung V10025 02/2025,FISCHER_L,MEYER_R
5100002481,1000,2025,2025-05-30,440000,IT-Dienstleistungen,9013.18,S,V10016,Rechnung V10016 05/2025,SCHMIDT_A,MEYER_R
5100002482,1000,2025,2025-05-13,430000,Beratungskosten,120.3,S,V10027,Rechnung V10027 05/2025,SCHMIDT_A,WAGNER_P
5100002483,1000,2025,2025-04-11,470000,Instandhaltung,697.78,S,V10007,Rechnung V10007 04/2025,BECKER_M,WAGNER_P
5100002484,1000,2025,2025-10-10,470000,Instandhaltung,465.3,S,V10034,Rechnung V10034 10/2025,SCHMIDT_A,WAGNER_P
5100002485,1000,2025,2025-05-02,410000,Bürobedarf,419.69,S,V10017,Rechnung V10017 05/2025,SCHMIDT_A,BAUER_C
5100002486,1000,2025,2025-09-11,450000,Mietaufwand,410.38,S,V10017,Rechnung V10017 09/2025,WEBER_K,MEYER_R
5100002487,1000,2025,2025-09-22,470000,Instandhaltung,584.86,S,V10033,Rechnung V10033 09/2025,BECKER_M,BAUER_C
5100002488,1000,2025,2025-09-02,430000,Beratungskosten,1913.59,S,V10022,Rechnung V10022 09/2025,FISCHER_L,BAUER_C
5100002489,1000,2025,2025-04-08,400000,Materialaufwand,4466.58,S,V10001,Rechnung V10001 04/2025,BECKER_M,MEYER_R
5100002490,1000,2025,2025-10-30,410000,Bürobedarf,490.98,S,V10024,Rechnung V10024 10/2025,BECKER_M,BAUER_C
5100002491,1000,2025,2025-03-27,450000,Mietaufwand,1816.21,S,V10026,Rechnung V10026 03/2025,KOCH_J,MEYER_R
5100002492,1000,2025,2025-04-10,470000,Instandhaltung,160.32,S,V10013,Rechnung V10013 04/2025,WEBER_K,MEYER_R
5100002493,1000,2025,2025-11-14,410000,Bürobedarf,1678.29,S,V10008,Rechnung V10008 11/2025,FISCHER_L,BAUER_C
5100002494,1000,2025,2025-05-06,440000,IT-Dienstleistungen,145.59,S,V10003,Rechnung V10003 05/2025,BECKER_M,MEYER_R
5100002495,1000,2025,2025-09-12,430000,Beratungskosten,2821.59,S,V10034,Rechnung V10034 09/2025,WEBER_K,MEYER_R
5100002496,1000,2025,2025-01-17,420000,Reisekosten,16933.1,S,V10001,Rechnung V10001 01/2025,WEBER_K,MEYER_R
5100002497,1000,2025,2025-08-14,450000,Mietaufwand,405.32,S,V10024,Rechnung V10024 08/2025,SCHMIDT_A,MEYER_R
5100002498,1000,2025,2025-11-13,470000,Instandhaltung,14.76,S,V10034,Rechnung V10034 11/2025,WEBER_K,MEYER_R
5100002499,1000,2025,2025-09-17,410000,Bürobedarf,205.02,S,V10015,Rechnung V10015 09/2025,WEBER_K,BAUER_C
5100002500,1000,2025,2025-08-04,400000,Materialaufwand,3536.88,S,V10009,Rechnung V10009 08/2025,WEBER_K,MEYER_R
5100002501,1000,2025,2025-11-06,420000,Reisekosten,1193.83,S,V10029,Rechnung V10029 11/2025,WEBER_K,BAUER_C
5100002502,1000,2025,2025-04-17,420000,Reisekosten,733.82,S,V10026,Rechnung V10026 04/2025,HOFFMANN_S,MEYER_R
5100002503,1000,2025,2025-05-20,450000,Mietaufwand,2474.69,S,V10001,Rechnung V10001 05/2025,HOFFMANN_S,BAUER_C
5100002504,1000,2025,2025-01-28,440000,IT-Dienstleistungen,1069.69,S,V10024,Rechnung V10024 01/2025,BECKER_M,BAUER_C
5100002505,1000,2025,2025-09-12,400000,Materialaufwand,3457.7,S,V10001,Rechnung V10001 09/2025,SCHMIDT_A,WAGNER_P
5100002506,1000,2025,2025-09-22,420000,Reisekosten,2145.39,S,V10016,Rechnung V10016 09/2025,HOFFMANN_S,BAUER_C
5100002507,1000,2025,2025-10-01,450000,Mietaufwand,5623.56,S,V10013,Rechnung V10013 10/2025,SCHMIDT_A,MEYER_R
5100002508,1000,2025,2025-10-01,430000,Beratungskosten,874.87,S,V10034,Rechnung V10034 10/2025,SCHMIDT_A,BAUER_C
5100002509,1000,2025,2025-02-17,440000,IT-Dienstleistungen,2097.32,S,V10040,Rechnung V10040 02/2025,BECKER_M,MEYER_R
5100002510,1000,2025,2025-09-02,420000,Reisekosten,301.45,S,V10028,Rechnung V10028 09/2025,FISCHER_L,WAGNER_P
5100002511,1000,2025,2025-10-07,420000,Reisekosten,188.23,S,V10030,Rechnung V10030 10/2025,WEBER_K,BAUER_C
5100002512,1000,2025,2025-03-14,410000,Bürobedarf,7561.53,S,V10001,Rechnung V10001 03/2025,KOCH_J,BAUER_C
5100002513,1000,2025,2025-06-27,400000,Materialaufwand,696.4,S,V10003,Rechnung V10003 06/2025,SCHMIDT_A,MEYER_R
5100002514,1000,2025,2025-11-28,400000,Materialaufwand,1786.13,S,V10032,Rechnung V10032 11/2025,SCHMIDT_A,BAUER_C
5100002515,1000,2025,2025-06-03,440000,IT-Dienstleistungen,600.63,S,V10018,Rechnung V10018 06/2025,BECKER_M,BAUER_C
5100002516,1000,2025,2025-10-02,410000,Bürobedarf,192.78,S,V10021,Rechnung V10021 10/2025,FISCHER_L,BAUER_C
5100002517,1000,2025,2025-07-16,440000,IT-Dienstleistungen,501.48,S,V10028,Rechnung V10028 07/2025,HOFFMANN_S,BAUER_C
5100002518,1000,2025,2025-08-29,470000,Instandhaltung,4902.94,S,V10014,Rechnung V10014 08/2025,SCHMIDT_A,BAUER_C
5100002519,1000,2025,2025-08-19,450000,Mietaufwand,1197.97,S,V10028,Rechnung V10028 08/2025,FISCHER_L,BAUER_C
5100002520,1000,2025,2025-08-27,440000,IT-Dienstleistungen,31.87,S,V10030,Rechnung V10030 08/2025,SCHMIDT_A,BAUER_C
5100002521,1000,2025,2025-10-13,400000,Materialaufwand,349.19,S,V10010,Rechnung V10010 10/2025,SCHMIDT_A,MEYER_R
5100002522,1000,2025,2025-11-26,430000,Beratungskosten,8532.78,S,V10028,Rechnung V10028 11/2025,FISCHER_L,BAUER_C
5100002523,1000,2025,2025-04-16,470000,Instandhaltung,350.0,S,V10007,Rechnung V10007 04/2025,HOFFMANN_S,MEYER_R
5100002524,1000,2025,2025-12-04,430000,Beratungskosten,27.64,S,V10013,Rechnung V10013 12/2025,SCHMIDT_A,WAGNER_P
5100002525,1000,2025,2025-08-19,460000,Werbekosten,10187.11,S,V10032,Rechnung V10032 08/2025,KOCH_J,WAGNER_P
5100002526,1000,2025,2025-08-07,450000,Mietaufwand,1468.25,S,V10040,Rechnung V10040 08/2025,BECKER_M,MEYER_R
5100002527,1000,2025,2025-04-30,420000,Reisekosten,440.53,S,V10003,Rechnung V10003 04/2025,FISCHER_L,MEYER_R
5100002528,1000,2025,2025-06-04,410000,Bürobedarf,271.98,S,V10026,Rechnung V10026 06/2025,KOCH_J,MEYER_R
5100002529,1000,2025,2025-08-27,400000,Materialaufwand,2784.33,S,V10023,Rechnung V10023 08/2025,WEBER_K,WAGNER_P
5100002530,1000,2025,2025-05-14,420000,Reisekosten,207.02,S,V10025,Rechnung V10025 05/2025,WEBER_K,WAGNER_P
5100002531,1000,2025,2025-04-14,420000,Reisekosten,3093.97,S,V10032,Rechnung V10032 04/2025,HOFFMANN_S,WAGNER_P
5100002532,1000,2025,2025-10-27,450000,Mietaufwand,1173.23,S,V10003,Rechnung V10003 10/2025,SCHMIDT_A,MEYER_R
5100002533,1000,2025,2025-06-03,440000,IT-Dienstleistungen,728.87,S,V10030,Rechnung V10030 06/2025,KOCH_J,WAGNER_P
5100002534,1000,2025,2025-08-26,430000,Beratungskosten,621.93,S,V10012,Rechnung V10012 08/2025,HOFFMANN_S,MEYER_R
5100002535,1000,2025,2025-01-14,450000,Mietaufwand,372.43,S,V10007,Rechnung V10007 01/2025,KOCH_J,BAUER_C
5100002536,1000,2025,2025-01-30,460000,Werbekosten,2625.49,S,V10018,Rechnung V10018 01/2025,FISCHER_L,MEYER_R
5100002537,1000,2025,2025-11-06,450000,Mietaufwand,123.4,S,V10002,Rechnung V10002 11/2025,BECKER_M,MEYER_R
5100002538,1000,2025,2025-02-21,470000,Instandhaltung,36.78,S,V10026,Rechnung V10026 02/2025,KOCH_J,MEYER_R
5100002539,1000,2025,2025-10-17,420000,Reisekosten,1316.99,S,V10023,Rechnung V10023 10/2025,SCHMIDT_A,WAGNER_P
5100002540,1000,2025,2025-11-25,460000,Werbekosten,1352.87,S,V10021,Rechnung V10021 11/2025,WEBER_K,BAUER_C
5100002541,1000,2025,2025-06-30,430000,Beratungskosten,1062.51,S,V10002,Rechnung V10002 06/2025,FISCHER_L,WAGNER_P
5100002542,1000,2025,2025-11-19,410000,Bürobedarf,946.12,S,V10031,Rechnung V10031 11/2025,BECKER_M,WAGNER_P
5100002543,1000,2025,2025-06-06,410000,Bürobedarf,295.05,S,V10002,Rechnung V10002 06/2025,HOFFMANN_S,BAUER_C
5100002544,1000,2025,2025-12-11,400000,Materialaufwand,1737.1,S,V10011,Rechnung V10011 12/2025,KOCH_J,MEYER_R
5100002545,1000,2025,2025-03-27,470000,Instandhaltung,458.11,S,V10016,Rechnung V10016 03/2025,FISCHER_L,BAUER_C
5100002546,1000,2025,2025-06-06,410000,Bürobedarf,226.02,S,V10029,Rechnung V10029 06/2025,WEBER_K,WAGNER_P
5100002547,1000,2025,2025-05-23,460000,Werbekosten,299.16,S,V10017,Rechnung V10017 05/2025,WEBER_K,MEYER_R
5100002548,1000,2025,2025-10-15,460000,Werbekosten,12494.25,S,V10033,Rechnung V10033 10/2025,HOFFMANN_S,MEYER_R
5100002549,1000,2025,2025-01-17,430000,Beratungskosten,30.69,S,V10038,Rechnung V10038 01/2025,FISCHER_L,MEYER_R
5100002550,1000,2025,2025-10-30,470000,Instandhaltung,1096.26,S,V10031,Rechnung V10031 10/2025,BECKER_M,BAUER_C
5100002551,1000,2025,2025-01-10,470000,Instandhaltung,33.56,S,V10002,Rechnung V10002 01/2025,BECKER_M,WAGNER_P
5100002552,1000,2025,2025-04-25,470000,Instandhaltung,414.4,S,V10031,Rechnung V10031 04/2025,HOFFMANN_S,WAGNER_P
5100002553,1000,2025,2025-08-08,430000,Beratungskosten,246.21,S,V10009,Rechnung V10009 08/2025,WEBER_K,WAGNER_P
5100002554,1000,2025,2025-02-24,420000,Reisekosten,17.53,S,V10036,Rechnung V10036 02/2025,WEBER_K,MEYER_R
5100002555,1000,2025,2025-07-02,400000,Materialaufwand,918.24,S,V10040,Rechnung V10040 07/2025,HOFFMANN_S,BAUER_C
5100002556,1000,2025,2025-12-31,460000,Werbekosten,268.26,S,V10004,Rechnung V10004 12/2025,FISCHER_L,WAGNER_P
5100002557,1000,2025,2025-10-28,460000,Werbekosten,17.14,S,V10004,Rechnung V10004 10/2025,HOFFMANN_S,BAUER_C
5100002558,1000,2025,2025-01-14,440000,IT-Dienstleistungen,1888.07,S,V10028,Rechnung V10028 01/2025,SCHMIDT_A,MEYER_R
5100002559,1000,2025,2025-08-06,400000,Materialaufwand,4895.2,S,V10006,Rechnung V10006 08/2025,WEBER_K,BAUER_C
5100002560,1000,2025,2025-08-08,460000,Werbekosten,5346.51,S,V10039,Rechnung V10039 08/2025,KOCH_J,BAUER_C
5100002561,1000,2025,2025-01-28,420000,Reisekosten,875.09,S,V10022,Rechnung V10022 01/2025,KOCH_J,WAGNER_P
5100002562,1000,2025,2025-08-27,440000,IT-Dienstleistungen,530.43,S,V10023,Rechnung V10023 08/2025,SCHMIDT_A,BAUER_C
5100002563,1000,2025,2025-07-14,450000,Mietaufwand,4125.95,S,V10035,Rechnung V10035 07/2025,HOFFMANN_S,WAGNER_P
5100002564,1000,2025,2025-09-08,410000,Bürobedarf,7272.2,S,V10009,Rechnung V10009 09/2025,SCHMIDT_A,BAUER_C
5100002565,1000,2025,2025-04-17,400000,Materialaufwand,3022.11,S,V10023,Rechnung V10023 04/2025,SCHMIDT_A,BAUER_C
5100002566,1000,2025,2025-04-02,400000,Materialaufwand,109.24,S,V10040,Rechnung V10040 04/2025,KOCH_J,MEYER_R
5100002567,1000,2025,2025-09-25,470000,Instandhaltung,680.04,S,V10001,Rechnung V10001 09/2025,SCHMIDT_A,BAUER_C
5100002568,1000,2025,2025-09-22,470000,Instandhaltung,995.48,S,V10007,Rechnung V10007 09/2025,WEBER_K,BAUER_C
5100002569,1000,2025,2025-02-28,430000,Beratungskosten,27.24,S,V10006,Rechnung V10006 02/2025,SCHMIDT_A,MEYER_R
5100002570,1000,2025,2025-03-20,430000,Beratungskosten,1044.17,S,V10014,Rechnung V10014 03/2025,BECKER_M,BAUER_C
5100002571,1000,2025,2025-08-05,430000,Beratungskosten,18709.5,S,V10006,Rechnung V10006 08/2025,SCHMIDT_A,WAGNER_P
5100002572,1000,2025,2025-10-30,420000,Reisekosten,1371.83,S,V10007,Rechnung V10007 10/2025,WEBER_K,BAUER_C
5100002573,1000,2025,2025-03-14,440000,IT-Dienstleistungen,5205.45,S,V10035,Rechnung V10035 03/2025,WEBER_K,MEYER_R
5100002574,1000,2025,2025-03-20,420000,Reisekosten,660.28,S,V10019,Rechnung V10019 03/2025,BECKER_M,MEYER_R
5100002575,1000,2025,2025-10-22,440000,IT-Dienstleistungen,438.28,S,V10015,Rechnung V10015 10/2025,FISCHER_L,WAGNER_P
5100002576,1000,2025,2025-09-12,430000,Beratungskosten,906.9,S,V10017,Rechnung V10017 09/2025,WEBER_K,WAGNER_P
5100002577,1000,2025,2025-11-25,450000,Mietaufwand,133.58,S,V10039,Rechnung V10039 11/2025,FISCHER_L,WAGNER_P
5100002578,1000,2025,2025-10-14,470000,Instandhaltung,105.42,S,V10020,Rechnung V10020 10/2025,FISCHER_L,MEYER_R
5100002579,1000,2025,2025-12-12,410000,Bürobedarf,3737.18,S,V10019,Rechnung V10019 12/2025,FISCHER_L,BAUER_C
5100002580,1000,2025,2025-03-11,400000,Materialaufwand,4428.2,S,V10038,Rechnung V10038 03/2025,BECKER_M,MEYER_R
5100002581,1000,2025,2025-04-08,440000,IT-Dienstleistungen,100.91,S,V10002,Rechnung V10002 04/2025,WEBER_K,MEYER_R
5100002582,1000,2025,2025-03-27,400000,Materialaufwand,2318.78,S,V10020,Rechnung V10020 03/2025,FISCHER_L,WAGNER_P
5100002583,1000,2025,2025-01-22,410000,Bürobedarf,428.75,S,V10030,Rechnung V10030 01/2025,HOFFMANN_S,MEYER_R
5100002584,1000,2025,2025-10-13,460000,Werbekosten,848.69,S,V10021,Rechnung V10021 10/2025,WEBER_K,WAGNER_P
5100002585,1000,2025,2025-09-01,430000,Beratungskosten,1029.01,S,V10035,Rechnung V10035 09/2025,WEBER_K,WAGNER_P
5100002586,1000,2025,2025-02-03,440000,IT-Dienstleistungen,2418.64,S,V10036,Rechnung V10036 02/2025,SCHMIDT_A,MEYER_R
5100002587,1000,2025,2025-03-13,460000,Werbekosten,562.48,S,V10014,Rechnung V10014 03/2025,HOFFMANN_S,BAUER_C
5100002588,1000,2025,2025-03-11,410000,Bürobedarf,4704.43,S,V10033,Rechnung V10033 03/2025,HOFFMANN_S,BAUER_C
5100002589,1000,2025,2025-05-28,430000,Beratungskosten,808.4,S,V10010,Rechnung V10010 05/2025,HOFFMANN_S,BAUER_C
5100002590,1000,2025,2025-06-18,400000,Materialaufwand,1337.68,S,V10010,Rechnung V10010 06/2025,WEBER_K,WAGNER_P
5100002591,1000,2025,2025-04-15,430000,Beratungskosten,129.9,S,V10040,Rechnung V10040 04/2025,FISCHER_L,WAGNER_P
5100002592,1000,2025,2025-12-04,410000,Bürobedarf,15581.73,S,V10001,Rechnung V10001 12/2025,WEBER_K,BAUER_C
5100002593,1000,2025,2025-03-19,470000,Instandhaltung,1044.95,S,V10015,Rechnung V10015 03/2025,HOFFMANN_S,BAUER_C
5100002594,1000,2025,2025-07-28,420000,Reisekosten,1541.94,S,V10026,Rechnung V10026 07/2025,FISCHER_L,BAUER_C
5100002595,1000,2025,2025-06-12,410000,Bürobedarf,37.6,S,V10017,Rechnung V10017 06/2025,FISCHER_L,MEYER_R
5100002596,1000,2025,2025-05-22,400000,Materialaufwand,132.12,S,V10034,Rechnung V10034 05/2025,FISCHER_L,BAUER_C
5100002597,1000,2025,2025-10-29,410000,Bürobedarf,3571.05,S,V10011,Rechnung V10011 10/2025,HOFFMANN_S,WAGNER_P
5100002598,1000,2025,2025-12-22,410000,Bürobedarf,779.79,S,V10023,Rechnung V10023 12/2025,HOFFMANN_S,BAUER_C
5100002599,1000,2025,2025-01-03,410000,Bürobedarf,23.06,S,V10006,Rechnung V10006 01/2025,HOFFMANN_S,BAUER_C
5100002600,1000,2025,2025-06-23,450000,Mietaufwand,2594.8,S,V10009,Rechnung V10009 06/2025,FISCHER_L,MEYER_R
5100002601,1000,2025,2025-02-13,470000,Instandhaltung,206.43,S,V10007,Rechnung V10007 02/2025,HOFFMANN_S,MEYER_R
5100002602,1000,2025,2025-06-11,460000,Werbekosten,4713.13,S,V10030,Rechnung V10030 06/2025,KOCH_J,MEYER_R
5100002603,1000,2025,2025-08-15,470000,Instandhaltung,428.15,S,V10009,Rechnung V10009 08/2025,BECKER_M,WAGNER_P
5100002604,1000,2025,2025-06-02,470000,Instandhaltung,683.71,S,V10027,Rechnung V10027 06/2025,HOFFMANN_S,BAUER_C
5100002605,1000,2025,2025-04-24,430000,Beratungskosten,3249.73,S,V10014,Rechnung V10014 04/2025,KOCH_J,MEYER_R
5100002606,1000,2025,2025-04-25,430000,Beratungskosten,117.22,S,V10023,Rechnung V10023 04/2025,KOCH_J,MEYER_R
5100002607,1000,2025,2025-04-17,450000,Mietaufwand,50000.0,S,V10035,Rechnung V10035 04/2025,WEBER_K,WAGNER_P
5100002608,1000,2025,2025-04-30,420000,Reisekosten,359.82,S,V10035,Rechnung V10035 04/2025,HOFFMANN_S,WAGNER_P
5100002609,1000,2025,2025-05-19,440000,IT-Dienstleistungen,1850.99,S,V10001,Rechnung V10001 05/2025,FISCHER_L,MEYER_R
5100002610,1000,2025,2025-09-09,470000,Instandhaltung,58.59,S,V10032,Rechnung V10032 09/2025,SCHMIDT_A,WAGNER_P
5100002611,1000,2025,2025-02-06,410000,Bürobedarf,50000.0,S,V10039,Rechnung V10039 02/2025,FISCHER_L,BAUER_C
5100002612,1000,2025,2025-01-17,460000,Werbekosten,1840.8,S,V10027,Rechnung V10027 01/2025,KOCH_J,MEYER_R
5100002613,1000,2025,2025-07-11,470000,Instandhaltung,187.77,S,V10008,Rechnung V10008 07/2025,KOCH_J,MEYER_R
5100002614,1000,2025,2025-09-08,440000,IT-Dienstleistungen,263.07,S,V10027,Rechnung V10027 09/2025,HOFFMANN_S,MEYER_R
5100002615,1000,2025,2025-04-03,420000,Reisekosten,25.26,S,V10026,Rechnung V10026 04/2025,KOCH_J,MEYER_R
5100002616,1000,2025,2025-03-14,420000,Reisekosten,166.27,S,V10027,Rechnung V10027 03/2025,BECKER_M,WAGNER_P
5100002617,1000,2025,2025-08-19,410000,Bürobedarf,486.82,S,V10018,Rechnung V10018 08/2025,HOFFMANN_S,MEYER_R
5100002618,1000,2025,2025-05-22,420000,Reisekosten,2183.33,S,V10022,Rechnung V10022 05/2025,SCHMIDT_A,WAGNER_P
5100002619,1000,2025,2025-09-26,450000,Mietaufwand,143.46,S,V10027,Rechnung V10027 09/2025,WEBER_K,MEYER_R
5100002620,1000,2025,2025-02-24,440000,IT-Dienstleistungen,6986.97,S,V10019,Rechnung V10019 02/2025,WEBER_K,BAUER_C
5100002621,1000,2025,2025-02-14,410000,Bürobedarf,164.8,S,V10031,Rechnung V10031 02/2025,KOCH_J,WAGNER_P
5100002622,1000,2025,2025-07-24,440000,IT-Dienstleistungen,165.18,S,V10029,Rechnung V10029 07/2025,BECKER_M,MEYER_R
5100002623,1000,2025,2025-05-26,460000,Werbekosten,5766.22,S,V10013,Rechnung V10013 05/2025,KOCH_J,MEYER_R
5100002624,1000,2025,2025-09-24,400000,Materialaufwand,691.14,S,V10025,Rechnung V10025 09/2025,FISCHER_L,WAGNER_P
5100002625,1000,2025,2025-07-08,400000,Materialaufwand,203.72,S,V10031,Rechnung V10031 07/2025,FISCHER_L,WAGNER_P
5100002626,1000,2025,2025-05-12,470000,Instandhaltung,384.44,S,V10020,Rechnung V10020 05/2025,HOFFMANN_S,MEYER_R
5100002627,1000,2025,2025-02-27,450000,Mietaufwand,4293.76,S,V10029,Rechnung V10029 02/2025,BECKER_M,MEYER_R
5100002628,1000,2025,2025-02-28,440000,IT-Dienstleistungen,5145.74,S,V10006,Rechnung V10006 02/2025,FISCHER_L,WAGNER_P
5100002629,1000,2025,2025-10-02,470000,Instandhaltung,133.37,S,V10016,Rechnung V10016 10/2025,WEBER_K,WAGNER_P
5100002630,1000,2025,2025-03-24,440000,IT-Dienstleistungen,460.4,S,V10029,Rechnung V10029 03/2025,BECKER_M,MEYER_R
5100002631,1000,2025,2025-07-07,440000,IT-Dienstleistungen,569.21,S,V10036,Rechnung V10036 07/2025,SCHMIDT_A,WAGNER_P
5100002632,1000,2025,2025-10-27,410000,Bürobedarf,101.7,S,V10026,Rechnung V10026 10/2025,WEBER_K,MEYER_R
5100002633,1000,2025,2025-11-24,460000,Werbekosten,450.75,S,V10027,Rechnung V10027 11/2025,SCHMIDT_A,BAUER_C
5100002634,1000,2025,2025-04-07,460000,Werbekosten,496.96,S,V10014,Rechnung V10014 04/2025,SCHMIDT_A,BAUER_C
5100002635,1000,2025,2025-02-11,420000,Reisekosten,3054.39,S,V10029,Rechnung V10029 02/2025,WEBER_K,MEYER_R
5100002636,1000,2025,2025-10-10,450000,Mietaufwand,3401.19,S,V10015,Rechnung V10015 10/2025,SCHMIDT_A,MEYER_R
5100002637,1000,2025,2025-09-09,450000,Mietaufwand,290.98,S,V10003,Rechnung V10003 09/2025,SCHMIDT_A,MEYER_R
5100002638,1000,2025,2025-05-02,400000,Materialaufwand,349.91,S,V10010,Rechnung V10010 05/2025,HOFFMANN_S,BAUER_C
5100002639,1000,2025,2025-08-07,410000,Bürobedarf,1426.34,S,V10025,Rechnung V10025 08/2025,WEBER_K,BAUER_C
5100002640,1000,2025,2025-03-11,440000,IT-Dienstleistungen,193.19,S,V10039,Rechnung V10039 03/2025,BECKER_M,MEYER_R
5100002641,1000,2025,2025-09-15,440000,IT-Dienstleistungen,1263.73,S,V10020,Rechnung V10020 09/2025,SCHMIDT_A,WAGNER_P
5100002642,1000,2025,2025-09-23,450000,Mietaufwand,428.1,S,V10035,Rechnung V10035 09/2025,KOCH_J,MEYER_R
5100002643,1000,2025,2025-04-17,420000,Reisekosten,104.48,S,V10032,Rechnung V10032 04/2025,WEBER_K,BAUER_C
5100002644,1000,2025,2025-06-25,460000,Werbekosten,106.6,S,V10023,Rechnung V10023 06/2025,HOFFMANN_S,MEYER_R
5100002645,1000,2025,2025-05-05,430000,Beratungskosten,4990.51,S,V10033,Rechnung V10033 05/2025,BECKER_M,MEYER_R
5100002646,1000,2025,2025-01-14,410000,Bürobedarf,383.65,S,V10017,Rechnung V10017 01/2025,HOFFMANN_S,BAUER_C
5100002647,1000,2025,2025-02-17,400000,Materialaufwand,6799.24,S,V10018,Rechnung V10018 02/2025,BECKER_M,BAUER_C
5100002648,1000,2025,2025-12-15,470000,Instandhaltung,216.63,S,V10030,Rechnung V10030 12/2025,BECKER_M,WAGNER_P
5100002649,1000,2025,2025-06-20,450000,Mietaufwand,785.19,S,V10026,Rechnung V10026 06/2025,HOFFMANN_S,BAUER_C
5100002650,1000,2025,2025-02-24,430000,Beratungskosten,22658.33,S,V10022,Rechnung V10022 02/2025,HOFFMANN_S,MEYER_R
5100002651,1000,2025,2025-01-20,410000,Bürobedarf,90.76,S,V10018,Rechnung V10018 01/2025,FISCHER_L,MEYER_R
5100002652,1000,2025,2025-05-12,400000,Materialaufwand,23.65,S,V10040,Rechnung V10040 05/2025,KOCH_J,WAGNER_P
5100002653,1000,2025,2025-12-23,410000,Bürobedarf,3860.47,S,V10003,Rechnung V10003 12/2025,KOCH_J,WAGNER_P
5100002654,1000,2025,2025-05-22,400000,Materialaufwand,131.25,S,V10003,Rechnung V10003 05/2025,HOFFMANN_S,WAGNER_P
5100002655,1000,2025,2025-12-31,440000,IT-Dienstleistungen,476.69,S,V10020,Rechnung V10020 12/2025,KOCH_J,BAUER_C
5100002656,1000,2025,2025-07-02,410000,Bürobedarf,192.97,S,V10002,Rechnung V10002 07/2025,SCHMIDT_A,BAUER_C
5100002657,1000,2025,2025-10-07,410000,Bürobedarf,756.77,S,V10014,Rechnung V10014 10/2025,BECKER_M,MEYER_R
5100002658,1000,2025,2025-10-15,420000,Reisekosten,107.68,S,V10023,Rechnung V10023 10/2025,BECKER_M,BAUER_C
5100002659,1000,2025,2025-01-14,450000,Mietaufwand,369.48,S,V10017,Rechnung V10017 01/2025,KOCH_J,MEYER_R
5100002660,1000,2025,2025-01-03,430000,Beratungskosten,1012.02,S,V10009,Rechnung V10009 01/2025,SCHMIDT_A,WAGNER_P
5100002661,1000,2025,2025-12-02,410000,Bürobedarf,98.17,S,V10012,Rechnung V10012 12/2025,HOFFMANN_S,WAGNER_P
5100002662,1000,2025,2025-12-05,450000,Mietaufwand,160.75,S,V10025,Rechnung V10025 12/2025,SCHMIDT_A,WAGNER_P
5100002663,1000,2025,2025-02-19,430000,Beratungskosten,282.64,S,V10039,Rechnung V10039 02/2025,FISCHER_L,MEYER_R
5100002664,1000,2025,2025-08-26,410000,Bürobedarf,50.09,S,V10032,Rechnung V10032 08/2025,HOFFMANN_S,WAGNER_P
5100002665,1000,2025,2025-12-02,450000,Mietaufwand,250.61,S,V10022,Rechnung V10022 12/2025,WEBER_K,MEYER_R
5100002666,1000,2025,2025-12-11,470000,Instandhaltung,595.9,S,V10006,Rechnung V10006 12/2025,KOCH_J,BAUER_C
5100002667,1000,2025,2025-04-17,440000,IT-Dienstleistungen,260.01,S,V10010,Rechnung V10010 04/2025,KOCH_J,MEYER_R
5100002668,1000,2025,2025-10-27,410000,Bürobedarf,319.19,S,V10018,Rechnung V10018 10/2025,SCHMIDT_A,WAGNER_P
5100002669,1000,2025,2025-08-26,420000,Reisekosten,477.31,S,V10010,Rechnung V10010 08/2025,WEBER_K,MEYER_R
5100002670,1000,2025,2025-12-03,440000,IT-Dienstleistungen,172.57,S,V10028,Rechnung V10028 12/2025,SCHMIDT_A,MEYER_R
5100002671,1000,2025,2025-02-24,470000,Instandhaltung,1488.76,S,V10015,Rechnung V10015 02/2025,HOFFMANN_S,WAGNER_P
5100002672,1000,2025,2025-08-11,470000,Instandhaltung,4902.82,S,V10034,Rechnung V10034 08/2025,KOCH_J,BAUER_C
5100002673,1000,2025,2025-01-13,470000,Instandhaltung,234.39,S,V10011,Rechnung V10011 01/2025,BECKER_M,WAGNER_P
5100002674,1000,2025,2025-05-13,460000,Werbekosten,1070.97,S,V10020,Rechnung V10020 05/2025,SCHMIDT_A,BAUER_C
5100002675,1000,2025,2025-01-07,440000,IT-Dienstleistungen,335.83,S,V10029,Rechnung V10029 01/2025,WEBER_K,BAUER_C
5100002676,1000,2025,2025-06-13,450000,Mietaufwand,884.29,S,V10009,Rechnung V10009 06/2025,SCHMIDT_A,WAGNER_P
5100002677,1000,2025,2025-10-23,450000,Mietaufwand,6034.49,S,V10031,Rechnung V10031 10/2025,FISCHER_L,BAUER_C
5100002678,1000,2025,2025-08-29,450000,Mietaufwand,1111.93,S,V10024,Rechnung V10024 08/2025,HOFFMANN_S,WAGNER_P
5100002679,1000,2025,2025-04-28,450000,Mietaufwand,28.86,S,V10026,Rechnung V10026 04/2025,SCHMIDT_A,WAGNER_P
5100002680,1000,2025,2025-06-06,410000,Bürobedarf,5000.0,S,V10019,Rechnung V10019 06/2025,KOCH_J,BAUER_C
5100002681,1000,2025,2025-05-15,470000,Instandhaltung,3542.48,S,V10038,Rechnung V10038 05/2025,WEBER_K,WAGNER_P
5100002682,1000,2025,2025-09-24,400000,Materialaufwand,345.66,S,V10031,Rechnung V10031 09/2025,BECKER_M,BAUER_C
5100002683,1000,2025,2025-04-07,430000,Beratungskosten,2423.62,S,V10008,Rechnung V10008 04/2025,HOFFMANN_S,MEYER_R
5100002684,1000,2025,2025-02-04,430000,Beratungskosten,163.34,S,V10023,Rechnung V10023 02/2025,BECKER_M,WAGNER_P
5100002685,1000,2025,2025-07-08,430000,Beratungskosten,4969.86,S,V10037,Rechnung V10037 07/2025,KOCH_J,WAGNER_P
5100002686,1000,2025,2025-10-30,400000,Materialaufwand,617.62,S,V10012,Rechnung V10012 10/2025,FISCHER_L,MEYER_R
5100002687,1000,2025,2025-06-27,430000,Beratungskosten,29.66,S,V10022,Rechnung V10022 06/2025,FISCHER_L,BAUER_C
5100002688,1000,2025,2025-03-17,420000,Reisekosten,335.75,S,V10031,Rechnung V10031 03/2025,WEBER_K,MEYER_R
5100002689,1000,2025,2025-01-20,400000,Materialaufwand,3862.03,S,V10011,Rechnung V10011 01/2025,WEBER_K,MEYER_R
5100002690,1000,2025,2025-12-09,410000,Bürobedarf,23.21,S,V10021,Rechnung V10021 12/2025,HOFFMANN_S,MEYER_R
5100002691,1000,2025,2025-10-07,430000,Beratungskosten,63.61,S,V10023,Rechnung V10023 10/2025,KOCH_J,BAUER_C
5100002692,1000,2025,2025-02-26,470000,Instandhaltung,94.51,S,V10008,Rechnung V10008 02/2025,KOCH_J,MEYER_R
5100002693,1000,2025,2025-01-29,430000,Beratungskosten,445.27,S,V10008,Rechnung V10008 01/2025,WEBER_K,MEYER_R
5100002694,1000,2025,2025-02-18,470000,Instandhaltung,274.47,S,V10023,Rechnung V10023 02/2025,WEBER_K,BAUER_C
5100002695,1000,2025,2025-05-20,450000,Mietaufwand,4622.16,S,V10008,Rechnung V10008 05/2025,SCHMIDT_A,MEYER_R
5100002696,1000,2025,2025-10-23,460000,Werbekosten,2268.69,S,V10038,Rechnung V10038 10/2025,WEBER_K,MEYER_R
5100002697,1000,2025,2025-02-27,460000,Werbekosten,1088.37,S,V10021,Rechnung V10021 02/2025,BECKER_M,MEYER_R
5100002698,1000,2025,2025-10-27,450000,Mietaufwand,622.04,S,V10029,Rechnung V10029 10/2025,WEBER_K,WAGNER_P
5100002699,1000,2025,2025-01-02,450000,Mietaufwand,924.42,S,V10016,Rechnung V10016 01/2025,HOFFMANN_S,MEYER_R
5100002700,1000,2025,2025-09-26,410000,Bürobedarf,124.07,S,V10012,Rechnung V10012 09/2025,SCHMIDT_A,BAUER_C
5100002701,1000,2025,2025-04-11,450000,Mietaufwand,1942.12,S,V10020,Rechnung V10020 04/2025,FISCHER_L,MEYER_R
5100002702,1000,2025,2025-12-16,400000,Materialaufwand,83.16,S,V10029,Rechnung V10029 12/2025,WEBER_K,WAGNER_P
5100002703,1000,2025,2025-06-26,450000,Mietaufwand,1875.45,S,V10016,Rechnung V10016 06/2025,FISCHER_L,MEYER_R
5100002704,1000,2025,2025-04-08,450000,Mietaufwand,3287.32,S,V10012,Rechnung V10012 04/2025,SCHMIDT_A,MEYER_R
5100002705,1000,2025,2025-03-28,460000,Werbekosten,690.48,S,V10006,Rechnung V10006 03/2025,FISCHER_L,MEYER_R
5100002706,1000,2025,2025-10-29,430000,Beratungskosten,4922.85,S,V10022,Rechnung V10022 10/2025,KOCH_J,BAUER_C
5100002707,1000,2025,2025-05-28,420000,Reisekosten,934.95,S,V10028,Rechnung V10028 05/2025,KOCH_J,BAUER_C
5100002708,1000,2025,2025-05-12,420000,Reisekosten,5.06,S,V10022,Rechnung V10022 05/2025,WEBER_K,MEYER_R
5100002709,1000,2025,2025-09-25,440000,IT-Dienstleistungen,799.2,S,V10011,Rechnung V10011 09/2025,FISCHER_L,MEYER_R
5100002710,1000,2025,2025-07-18,430000,Beratungskosten,411.02,S,V10010,Rechnung V10010 07/2025,HOFFMANN_S,BAUER_C
5100002711,1000,2025,2025-09-01,420000,Reisekosten,454.41,S,V10016,Rechnung V10016 09/2025,FISCHER_L,WAGNER_P
5100002712,1000,2025,2025-06-16,430000,Beratungskosten,1526.07,S,V10014,Rechnung V10014 06/2025,BECKER_M,MEYER_R
5100002713,1000,2025,2025-01-27,440000,IT-Dienstleistungen,437.19,S,V10009,Rechnung V10009 01/2025,FISCHER_L,MEYER_R
5100002714,1000,2025,2025-01-03,410000,Bürobedarf,79.49,S,V10038,Rechnung V10038 01/2025,KOCH_J,WAGNER_P
5100002715,1000,2025,2025-01-16,450000,Mietaufwand,392.98,S,V10014,Rechnung V10014 01/2025,BECKER_M,WAGNER_P
5100002716,1000,2025,2025-07-31,420000,Reisekosten,548.99,S,V10011,Rechnung V10011 07/2025,KOCH_J,WAGNER_P
5100002717,1000,2025,2025-07-10,420000,Reisekosten,592.23,S,V10025,Rechnung V10025 07/2025,HOFFMANN_S,MEYER_R
5100002718,1000,2025,2025-09-30,430000,Beratungskosten,638.47,S,V10033,Rechnung V10033 09/2025,FISCHER_L,WAGNER_P
5100002719,1000,2025,2025-11-21,400000,Materialaufwand,2599.28,S,V10019,Rechnung V10019 11/2025,WEBER_K,MEYER_R
5100002720,1000,2025,2025-03-05,440000,IT-Dienstleistungen,86.69,S,V10027,Rechnung V10027 03/2025,SCHMIDT_A,WAGNER_P
5100002721,1000,2025,2025-12-15,450000,Mietaufwand,652.7,S,V10004,Rechnung V10004 12/2025,BECKER_M,MEYER_R
5100002722,1000,2025,2025-12-04,470000,Instandhaltung,3881.15,S,V10022,Rechnung V10022 12/2025,HOFFMANN_S,MEYER_R
5100002723,1000,2025,2025-08-14,420000,Reisekosten,30.71,S,V10003,Rechnung V10003 08/2025,FISCHER_L,BAUER_C
5100002724,1000,2025,2025-07-16,440000,IT-Dienstleistungen,656.84,S,V10006,Rechnung V10006 07/2025,SCHMIDT_A,WAGNER_P
5100002725,1000,2025,2025-03-06,440000,IT-Dienstleistungen,193.14,S,V10024,Rechnung V10024 03/2025,HOFFMANN_S,WAGNER_P
5100002726,1000,2025,2025-03-06,450000,Mietaufwand,272.29,S,V10009,Rechnung V10009 03/2025,WEBER_K,MEYER_R
5100002727,1000,2025,2025-01-09,440000,IT-Dienstleistungen,115.85,S,V10002,Rechnung V10002 01/2025,BECKER_M,MEYER_R
5100002728,1000,2025,2025-08-26,460000,Werbekosten,375.67,S,V10008,Rechnung V10008 08/2025,SCHMIDT_A,BAUER_C
5100002729,1000,2025,2025-06-11,460000,Werbekosten,9376.94,S,V10031,Rechnung V10031 06/2025,SCHMIDT_A,BAUER_C
5100002730,1000,2025,2025-03-11,400000,Materialaufwand,65.16,S,V10024,Rechnung V10024 03/2025,KOCH_J,WAGNER_P
5100002731,1000,2025,2025-02-19,420000,Reisekosten,75.84,S,V10016,Rechnung V10016 02/2025,HOFFMANN_S,MEYER_R
5100002732,1000,2025,2025-01-24,450000,Mietaufwand,61.37,S,V10039,Rechnung V10039 01/2025,SCHMIDT_A,WAGNER_P
5100002733,1000,2025,2025-08-25,440000,IT-Dienstleistungen,7815.54,S,V10016,Rechnung V10016 08/2025,SCHMIDT_A,MEYER_R
5100002734,1000,2025,2025-09-09,430000,Beratungskosten,235.16,S,V10036,Rechnung V10036 09/2025,FISCHER_L,MEYER_R
5100002735,1000,2025,2025-08-20,410000,Bürobedarf,472.94,S,V10014,Rechnung V10014 08/2025,HOFFMANN_S,MEYER_R
5100002736,1000,2025,2025-02-11,440000,IT-Dienstleistungen,258.67,S,V10002,Rechnung V10002 02/2025,FISCHER_L,WAGNER_P
5100002737,1000,2025,2025-01-17,450000,Mietaufwand,108.74,S,V10005,Rechnung V10005 01/2025,KOCH_J,WAGNER_P
5100002738,1000,2025,2025-02-10,400000,Materialaufwand,338.24,S,V10011,Rechnung V10011 02/2025,BECKER_M,WAGNER_P
5100002739,1000,2025,2025-10-01,440000,IT-Dienstleistungen,25164.51,S,V10008,Rechnung V10008 10/2025,BECKER_M,BAUER_C
5100002740,1000,2025,2025-09-26,470000,Instandhaltung,4570.21,S,V10007,Rechnung V10007 09/2025,WEBER_K,MEYER_R
5100002741,1000,2025,2025-04-16,440000,IT-Dienstleistungen,125.88,S,V10016,Rechnung V10016 04/2025,HOFFMANN_S,MEYER_R
5100002742,1000,2025,2025-01-22,470000,Instandhaltung,1388.69,S,V10040,Rechnung V10040 01/2025,KOCH_J,BAUER_C
5100002743,1000,2025,2025-04-28,420000,Reisekosten,130.26,S,V10009,Rechnung V10009 04/2025,SCHMIDT_A,MEYER_R
5100002744,1000,2025,2025-10-23,400000,Materialaufwand,28.73,S,V10010,Rechnung V10010 10/2025,HOFFMANN_S,MEYER_R
5100002745,1000,2025,2025-02-21,450000,Mietaufwand,2517.99,S,V10040,Rechnung V10040 02/2025,KOCH_J,BAUER_C
5100002746,1000,2025,2025-10-20,410000,Bürobedarf,3153.12,S,V10009,Rechnung V10009 10/2025,FISCHER_L,MEYER_R
5100002747,1000,2025,2025-06-23,400000,Materialaufwand,2627.23,S,V10034,Rechnung V10034 06/2025,HOFFMANN_S,MEYER_R
5100002748,1000,2025,2025-02-21,410000,Bürobedarf,232.34,S,V10025,Rechnung V10025 02/2025,FISCHER_L,BAUER_C
5100002749,1000,2025,2025-12-05,470000,Instandhaltung,377.34,S,V10038,Rechnung V10038 12/2025,WEBER_K,WAGNER_P
5100002750,1000,2025,2025-07-11,460000,Werbekosten,1635.37,S,V10023,Rechnung V10023 07/2025,HOFFMANN_S,MEYER_R
5100002751,1000,2025,2025-09-03,420000,Reisekosten,921.86,S,V10024,Rechnung V10024 09/2025,WEBER_K,BAUER_C
5100002752,1000,2025,2025-02-06,440000,IT-Dienstleistungen,262.48,S,V10010,Rechnung V10010 02/2025,HOFFMANN_S,MEYER_R
5100002753,1000,2025,2025-05-16,420000,Reisekosten,36.95,S,V10023,Rechnung V10023 05/2025,WEBER_K,BAUER_C
5100002754,1000,2025,2025-08-21,410000,Bürobedarf,591.23,S,V10027,Rechnung V10027 08/2025,FISCHER_L,WAGNER_P
5100002755,1000,2025,2025-08-26,470000,Instandhaltung,2769.48,S,V10040,Rechnung V10040 08/2025,HOFFMANN_S,BAUER_C
5100002756,1000,2025,2025-01-24,460000,Werbekosten,72.52,S,V10004,Rechnung V10004 01/2025,FISCHER_L,BAUER_C
5100002757,1000,2025,2025-08-12,420000,Reisekosten,1369.25,S,V10007,Rechnung V10007 08/2025,HOFFMANN_S,BAUER_C
5100002758,1000,2025,2025-12-10,420000,Reisekosten,837.54,S,V10001,Rechnung V10001 12/2025,SCHMIDT_A,MEYER_R
5100002759,1000,2025,2025-10-15,460000,Werbekosten,1636.37,S,V10032,Rechnung V10032 10/2025,SCHMIDT_A,BAUER_C
5100002760,1000,2025,2025-03-17,430000,Beratungskosten,1988.55,S,V10004,Rechnung V10004 03/2025,SCHMIDT_A,MEYER_R
5100002761,1000,2025,2025-11-28,430000,Beratungskosten,162.2,S,V10037,Rechnung V10037 11/2025,WEBER_K,MEYER_R
5100002762,1000,2025,2025-09-08,430000,Beratungskosten,37.07,S,V10015,Rechnung V10015 09/2025,SCHMIDT_A,WAGNER_P
5100002763,1000,2025,2025-01-23,430000,Beratungskosten,209.84,S,V10012,Rechnung V10012 01/2025,FISCHER_L,MEYER_R
5100002764,1000,2025,2025-02-18,440000,IT-Dienstleistungen,2043.88,S,V10040,Rechnung V10040 02/2025,SCHMIDT_A,WAGNER_P
5100002765,1000,2025,2025-12-02,400000,Materialaufwand,207.02,S,V10029,Rechnung V10029 12/2025,HOFFMANN_S,MEYER_R
5100002766,1000,2025,2025-03-18,430000,Beratungskosten,162.31,S,V10022,Rechnung V10022 03/2025,SCHMIDT_A,WAGNER_P
5100002767,1000,2025,2025-02-06,430000,Beratungskosten,26.73,S,V10036,Rechnung V10036 02/2025,KOCH_J,WAGNER_P
5100002768,1000,2025,2025-06-17,420000,Reisekosten,8137.48,S,V10031,Rechnung V10031 06/2025,KOCH_J,WAGNER_P
5100002769,1000,2025,2025-07-15,420000,Reisekosten,1846.67,S,V10026,Rechnung V10026 07/2025,HOFFMANN_S,WAGNER_P
5100002770,1000,2025,2025-07-31,430000,Beratungskosten,1688.9,S,V10013,Rechnung V10013 07/2025,HOFFMANN_S,BAUER_C
5100002771,1000,2025,2025-08-29,420000,Reisekosten,2317.77,S,V10040,Rechnung V10040 08/2025,HOFFMANN_S,MEYER_R
5100002772,1000,2025,2025-12-31,470000,Instandhaltung,1239.83,S,V10029,Rechnung V10029 12/2025,KOCH_J,BAUER_C
5100002773,1000,2025,2025-10-06,440000,IT-Dienstleistungen,5000.0,S,V10038,Rechnung V10038 10/2025,BECKER_M,WAGNER_P
5100002774,1000,2025,2025-01-13,440000,IT-Dienstleistungen,379.17,S,V10039,Rechnung V10039 01/2025,BECKER_M,WAGNER_P
5100002775,1000,2025,2025-02-04,430000,Beratungskosten,4955.79,S,V10022,Rechnung V10022 02/2025,KOCH_J,WAGNER_P
5100002776,1000,2025,2025-01-02,470000,Instandhaltung,33375.76,S,V10015,Rechnung V10015 01/2025,BECKER_M,MEYER_R
5100002777,1000,2025,2025-05-26,400000,Materialaufwand,1199.26,S,V10038,Rechnung V10038 05/2025,FISCHER_L,BAUER_C
5100002778,1000,2025,2025-05-09,440000,IT-Dienstleistungen,234.61,S,V10040,Rechnung V10040 05/2025,SCHMIDT_A,MEYER_R
5100002779,1000,2025,2025-12-05,410000,Bürobedarf,1037.73,S,V10005,Rechnung V10005 12/2025,KOCH_J,BAUER_C
5100002780,1000,2025,2025-05-15,460000,Werbekosten,97.77,S,V10026,Rechnung V10026 05/2025,HOFFMANN_S,MEYER_R
5100002781,1000,2025,2025-01-14,430000,Beratungskosten,5470.97,S,V10025,Rechnung V10025 01/2025,HOFFMANN_S,BAUER_C
5100002782,1000,2025,2025-11-18,430000,Beratungskosten,4691.07,S,V10030,Rechnung V10030 11/2025,KOCH_J,WAGNER_P
5100002783,1000,2025,2025-04-04,400000,Materialaufwand,1098.54,S,V10040,Rechnung V10040 04/2025,HOFFMANN_S,WAGNER_P
5100002784,1000,2025,2025-11-28,460000,Werbekosten,2712.33,S,V10011,Rechnung V10011 11/2025,BECKER_M,BAUER_C
5100002785,1000,2025,2025-10-10,430000,Beratungskosten,911.99,S,V10040,Rechnung V10040 10/2025,SCHMIDT_A,MEYER_R
5100002786,1000,2025,2025-11-18,420000,Reisekosten,573.15,S,V10026,Rechnung V10026 11/2025,KOCH_J,WAGNER_P
5100002787,1000,2025,2025-10-27,460000,Werbekosten,501.34,S,V10004,Rechnung V10004 10/2025,KOCH_J,BAUER_C
5100002788,1000,2025,2025-05-18,400000,Materialaufwand,450.2,S,V10021,Rechnung V10021 02/2025,KOCH_J,MEYER_R
5100002789,1000,2025,2025-08-19,430000,Beratungskosten,195.84,S,V10006,Rechnung V10006 08/2025,FISCHER_L,MEYER_R
5100002790,1000,2025,2025-06-03,410000,Bürobedarf,240.05,S,V10039,Rechnung V10039 06/2025,WEBER_K,WAGNER_P
5100002791,1000,2025,2025-08-20,410000,Bürobedarf,5257.15,S,V10031,Rechnung V10031 08/2025,SCHMIDT_A,MEYER_R
5100002792,1000,2025,2025-09-30,400000,Materialaufwand,414.2,S,V10037,Rechnung V10037 09/2025,HOFFMANN_S,BAUER_C
5100002793,1000,2025,2025-07-07,410000,Bürobedarf,140.15,S,V10025,Rechnung V10025 07/2025,KOCH_J,BAUER_C
5100002794,1000,2025,2025-04-25,470000,Instandhaltung,215.71,S,V10016,Rechnung V10016 04/2025,SCHMIDT_A,MEYER_R
5100002795,1000,2025,2025-12-01,430000,Beratungskosten,2865.77,S,V10018,Rechnung V10018 12/2025,HOFFMANN_S,MEYER_R
5100002796,1000,2025,2025-09-01,470000,Instandhaltung,1452.4,S,V10038,Rechnung V10038 09/2025,SCHMIDT_A,BAUER_C
5100002797,1000,2025,2025-11-19,420000,Reisekosten,1207.76,S,V10007,Rechnung V10007 11/2025,HOFFMANN_S,WAGNER_P
5100002798,1000,2025,2025-03-27,460000,Werbekosten,326.35,S,V10036,Rechnung V10036 03/2025,SCHMIDT_A,BAUER_C
5100002799,1000,2025,2025-11-03,400000,Materialaufwand,1233.22,S,V10017,Rechnung V10017 11/2025,KOCH_J,BAUER_C
5100002800,1000,2025,2025-04-29,400000,Materialaufwand,175.97,S,V10024,Rechnung V10024 04/2025,WEBER_K,WAGNER_P
5100002801,1000,2025,2025-06-23,400000,Materialaufwand,325.26,S,V10027,Rechnung V10027 06/2025,FISCHER_L,MEYER_R
5100002802,1000,2025,2025-11-11,470000,Instandhaltung,2325.49,S,V10004,Rechnung V10004 11/2025,HOFFMANN_S,WAGNER_P
5100002803,1000,2025,2025-05-12,450000,Mietaufwand,1995.89,S,V10006,Rechnung V10006 05/2025,KOCH_J,WAGNER_P
5100002804,1000,2025,2025-04-01,450000,Mietaufwand,102.41,S,V10007,Rechnung V10007 04/2025,FISCHER_L,WAGNER_P
5100002805,1000,2025,2025-11-28,470000,Instandhaltung,125.36,S,V10032,Rechnung V10032 11/2025,KOCH_J,MEYER_R
5100002806,1000,2025,2025-12-17,420000,Reisekosten,586.35,S,V10004,Rechnung V10004 12/2025,SCHMIDT_A,MEYER_R
5100002807,1000,2025,2025-04-24,450000,Mietaufwand,7799.48,S,V10025,Rechnung V10025 04/2025,FISCHER_L,WAGNER_P
5100002808,1000,2025,2025-04-23,440000,IT-Dienstleistungen,22.99,S,V10005,Rechnung V10005 04/2025,KOCH_J,WAGNER_P
5100002809,1000,2025,2025-03-24,440000,IT-Dienstleistungen,769.19,S,V10031,Rechnung V10031 03/2025,WEBER_K,WAGNER_P
5100002810,1000,2025,2025-01-10,450000,Mietaufwand,54.51,S,V10040,Rechnung V10040 01/2025,BECKER_M,MEYER_R
5100002811,1000,2025,2025-07-24,430000,Beratungskosten,178.59,S,V10017,Rechnung V10017 07/2025,FISCHER_L,BAUER_C
5100002812,1000,2025,2025-04-02,400000,Materialaufwand,275.04,S,V10009,Rechnung V10009 04/2025,FISCHER_L,BAUER_C
5100002813,1000,2025,2025-11-06,400000,Materialaufwand,251.44,S,V10018,Rechnung V10018 11/2025,HOFFMANN_S,BAUER_C
5100002814,1000,2025,2025-03-04,440000,IT-Dienstleistungen,209.75,S,V10028,Rechnung V10028 03/2025,BECKER_M,BAUER_C
5100002815,1000,2025,2025-08-21,440000,IT-Dienstleistungen,498.46,S,V10030,Rechnung V10030 08/2025,HOFFMANN_S,WAGNER_P
5100002816,1000,2025,2025-07-08,450000,Mietaufwand,209.26,S,V10026,Rechnung V10026 07/2025,BECKER_M,MEYER_R
5100002817,1000,2025,2025-08-13,440000,IT-Dienstleistungen,47.47,S,V10024,Rechnung V10024 08/2025,KOCH_J,WAGNER_P
5100002818,1000,2025,2025-02-12,410000,Bürobedarf,1716.07,S,V10026,Rechnung V10026 02/2025,FISCHER_L,WAGNER_P
5100002819,1000,2025,2025-06-24,420000,Reisekosten,1643.52,S,V10009,Rechnung V10009 06/2025,HOFFMANN_S,BAUER_C
5100002820,1000,2025,2025-08-19,430000,Beratungskosten,1898.99,S,V10009,Rechnung V10009 08/2025,BECKER_M,MEYER_R
5100002821,1000,2025,2025-05-07,470000,Instandhaltung,41.88,S,V10038,Rechnung V10038 05/2025,HOFFMANN_S,MEYER_R
5100002822,1000,2025,2025-11-14,440000,IT-Dienstleistungen,794.94,S,V10024,Rechnung V10024 11/2025,KOCH_J,MEYER_R
5100002823,1000,2025,2025-07-16,450000,Mietaufwand,1453.26,S,V10035,Rechnung V10035 07/2025,WEBER_K,MEYER_R
5100002824,1000,2025,2025-05-14,450000,Mietaufwand,94.64,S,V10026,Rechnung V10026 05/2025,WEBER_K,WAGNER_P
5100002825,1000,2025,2025-01-14,420000,Reisekosten,500.03,S,V10019,Rechnung V10019 01/2025,WEBER_K,MEYER_R
5100002826,1000,2025,2025-03-04,470000,Instandhaltung,409.11,S,V10023,Rechnung V10023 03/2025,FISCHER_L,MEYER_R
5100002827,1000,2025,2025-06-27,450000,Mietaufwand,9390.38,S,V10028,Rechnung V10028 06/2025,FISCHER_L,WAGNER_P
5100002828,1000,2025,2025-05-28,460000,Werbekosten,10712.79,S,V10008,Rechnung V10008 05/2025,SCHMIDT_A,BAUER_C
5100002829,1000,2025,2025-11-13,450000,Mietaufwand,34.36,S,V10019,Rechnung V10019 11/2025,KOCH_J,WAGNER_P
5100002830,1000,2025,2025-10-15,440000,IT-Dienstleistungen,26643.04,S,V10029,Rechnung V10029 10/2025,KOCH_J,MEYER_R
5100002831,1000,2025,2025-02-27,400000,Materialaufwand,113.94,S,V10004,Rechnung V10004 02/2025,BECKER_M,MEYER_R
5100002832,1000,2025,2025-08-06,440000,IT-Dienstleistungen,2366.29,S,V10003,Rechnung V10003 08/2025,WEBER_K,BAUER_C
5100002833,1000,2025,2025-06-18,410000,Bürobedarf,2328.07,S,V10007,Rechnung V10007 06/2025,HOFFMANN_S,WAGNER_P
5100002834,1000,2025,2025-02-07,440000,IT-Dienstleistungen,100.17,S,V10024,Rechnung V10024 02/2025,WEBER_K,WAGNER_P
5100002835,1000,2025,2025-09-02,450000,Mietaufwand,1084.88,S,V10010,Rechnung V10010 09/2025,WEBER_K,BAUER_C
5100002836,1000,2025,2025-07-18,440000,IT-Dienstleistungen,414.86,S,V10018,Rechnung V10018 07/2025,KOCH_J,WAGNER_P
5100002837,1000,2025,2025-02-03,420000,Reisekosten,1196.23,S,V10006,Rechnung V10006 02/2025,KOCH_J,WAGNER_P
5100002838,1000,2025,2025-06-25,400000,Materialaufwand,712.71,S,V10011,Rechnung V10011 06/2025,BECKER_M,BAUER_C
5100002839,1000,2025,2025-09-24,450000,Mietaufwand,3341.39,S,V10001,Rechnung V10001 09/2025,WEBER_K,MEYER_R
5100002840,1000,2025,2025-04-30,450000,Mietaufwand,555.93,S,V10033,Rechnung V10033 04/2025,SCHMIDT_A,WAGNER_P
5100002841,1000,2025,2025-05-13,430000,Beratungskosten,376.68,S,V10019,Rechnung V10019 05/2025,KOCH_J,WAGNER_P
5100002842,1000,2025,2025-02-11,450000,Mietaufwand,2846.09,S,V10008,Rechnung V10008 02/2025,WEBER_K,MEYER_R
5100002843,1000,2025,2025-03-17,460000,Werbekosten,1247.17,S,V10022,Rechnung V10022 03/2025,HOFFMANN_S,MEYER_R
5100002844,1000,2025,2025-12-23,440000,IT-Dienstleistungen,1589.07,S,V10038,Rechnung V10038 12/2025,FISCHER_L,BAUER_C
5100002845,1000,2025,2025-08-18,400000,Materialaufwand,170.15,S,V10033,Rechnung V10033 08/2025,FISCHER_L,MEYER_R
5100002846,1000,2025,2025-03-06,460000,Werbekosten,92.53,S,V10036,Rechnung V10036 03/2025,KOCH_J,WAGNER_P
5100002847,1000,2025,2025-06-30,430000,Beratungskosten,198.67,S,V10017,Rechnung V10017 06/2025,BECKER_M,WAGNER_P
5100002848,1000,2025,2025-03-12,450000,Mietaufwand,182.49,S,V10015,Rechnung V10015 03/2025,FISCHER_L,MEYER_R
5100002849,1000,2025,2025-06-13,470000,Instandhaltung,1733.54,S,V10013,Rechnung V10013 06/2025,FISCHER_L,MEYER_R
5100002850,1000,2025,2025-05-25,420000,Reisekosten,2348.6,S,V10013,Rechnung V10013 02/2025,WEBER_K,WAGNER_P
5100002851,1000,2025,2025-06-01,440000,IT-Dienstleistungen,384.44,S,V10037,Rechnung V10037 08/2025,BECKER_M,BAUER_C
5100002852,1000,2025,2025-07-30,400000,Materialaufwand,4863.29,S,V10006,Rechnung V10006 07/2025,BECKER_M,WAGNER_P
5100002853,1000,2025,2025-08-21,470000,Instandhaltung,4400.84,S,V10035,Rechnung V10035 08/2025,SCHMIDT_A,WAGNER_P
5100002854,1000,2025,2025-06-13,400000,Materialaufwand,727.37,S,V10037,Rechnung V10037 06/2025,FISCHER_L,WAGNER_P
5100002855,1000,2025,2025-04-14,440000,IT-Dienstleistungen,132.29,S,V10034,Rechnung V10034 04/2025,BECKER_M,BAUER_C
5100002856,1000,2025,2025-04-01,420000,Reisekosten,6127.87,S,V10026,Rechnung V10026 04/2025,SCHMIDT_A,BAUER_C
5100002857,1000,2025,2025-03-19,400000,Materialaufwand,446.92,S,V10035,Rechnung V10035 03/2025,KOCH_J,MEYER_R
5100002858,1000,2025,2025-06-10,430000,Beratungskosten,602.97,S,V10002,Rechnung V10002 06/2025,KOCH_J,WAGNER_P
5100002859,1000,2025,2025-06-17,470000,Instandhaltung,286.18,S,V10033,Rechnung V10033 06/2025,BECKER_M,WAGNER_P
5100002860,1000,2025,2025-09-04,410000,Bürobedarf,118.67,S,V10021,Rechnung V10021 09/2025,SCHMIDT_A,MEYER_R
5100002861,1000,2025,2025-01-22,420000,Reisekosten,47.0,S,V10039,Rechnung V10039 01/2025,BECKER_M,BAUER_C
5100002862,1000,2025,2025-04-11,410000,Bürobedarf,1356.4,S,V10004,Rechnung V10004 04/2025,KOCH_J,MEYER_R
5100002863,1000,2025,2025-11-07,400000,Materialaufwand,140.69,S,V10038,Rechnung V10038 11/2025,SCHMIDT_A,BAUER_C
5100002864,1000,2025,2025-11-28,410000,Bürobedarf,65857.59,S,V10023,Rechnung V10023 11/2025,HOFFMANN_S,MEYER_R
5100002865,1000,2025,2025-12-04,440000,IT-Dienstleistungen,86.69,S,V10005,Rechnung V10005 12/2025,KOCH_J,WAGNER_P
5100002866,1000,2025,2025-04-23,460000,Werbekosten,65.9,S,V10021,Rechnung V10021 04/2025,SCHMIDT_A,BAUER_C
5100002867,1000,2025,2025-02-20,450000,Mietaufwand,1114.57,S,V10002,Rechnung V10002 02/2025,WEBER_K,WAGNER_P
5100002868,1000,2025,2025-03-13,460000,Werbekosten,5692.48,S,V10004,Rechnung V10004 03/2025,HOFFMANN_S,MEYER_R
5100002869,1000,2025,2025-02-18,450000,Mietaufwand,546.4,S,V10022,Rechnung V10022 02/2025,KOCH_J,MEYER_R
5100002870,1000,2025,2025-12-12,430000,Beratungskosten,1231.01,S,V10033,Rechnung V10033 12/2025,HOFFMANN_S,WAGNER_P
5100002871,1000,2025,2025-11-18,470000,Instandhaltung,25.8,S,V10005,Rechnung V10005 11/2025,BECKER_M,BAUER_C
5100002872,1000,2025,2025-10-23,410000,Bürobedarf,166.66,S,V10011,Rechnung V10011 10/2025,BECKER_M,WAGNER_P
5100002873,1000,2025,2025-09-24,450000,Mietaufwand,88.43,S,V10016,Rechnung V10016 09/2025,BECKER_M,MEYER_R
5100002874,1000,2025,2025-05-07,400000,Materialaufwand,23.76,S,V10022,Rechnung V10022 05/2025,BECKER_M,BAUER_C
5100002875,1000,2025,2025-06-26,460000,Werbekosten,594.17,S,V10001,Rechnung V10001 06/2025,HOFFMANN_S,WAGNER_P
5100002876,1000,2025,2025-11-04,400000,Materialaufwand,13.62,S,V10026,Rechnung V10026 11/2025,SCHMIDT_A,MEYER_R
5100002877,1000,2025,2025-10-24,430000,Beratungskosten,4613.9,S,V10020,Rechnung V10020 10/2025,KOCH_J,WAGNER_P
5100002878,1000,2025,2025-07-11,430000,Beratungskosten,208.61,S,V10039,Rechnung V10039 07/2025,SCHMIDT_A,MEYER_R
5100002879,1000,2025,2025-11-03,450000,Mietaufwand,130.31,S,V10013,Rechnung V10013 11/2025,HOFFMANN_S,BAUER_C
5100002880,1000,2025,2025-05-08,400000,Materialaufwand,929.13,S,V10020,Rechnung V10020 05/2025,HOFFMANN_S,BAUER_C
5100002881,1000,2025,2025-06-03,420000,Reisekosten,803.46,S,V10004,Rechnung V10004 06/2025,SCHMIDT_A,MEYER_R
5100002882,1000,2025,2025-11-03,420000,Reisekosten,2059.21,S,V10037,Rechnung V10037 11/2025,SCHMIDT_A,WAGNER_P
5100002883,1000,2025,2025-05-20,450000,Mietaufwand,1642.24,S,V10034,Rechnung V10034 05/2025,WEBER_K,MEYER_R
5100002884,1000,2025,2025-10-02,470000,Instandhaltung,3057.34,S,V10015,Rechnung V10015 10/2025,WEBER_K,WAGNER_P
5100002885,1000,2025,2025-06-18,440000,IT-Dienstleistungen,491.24,S,V10019,Rechnung V10019 06/2025,BECKER_M,MEYER_R
5100002886,1000,2025,2025-04-17,440000,IT-Dienstleistungen,800.75,S,V10035,Rechnung V10035 04/2025,FISCHER_L,BAUER_C
5100002887,1000,2025,2025-03-20,420000,Reisekosten,1117.02,S,V10012,Rechnung V10012 03/2025,FISCHER_L,MEYER_R
5100002888,1000,2025,2025-08-12,460000,Werbekosten,618.1,S,V10010,Rechnung V10010 08/2025,SCHMIDT_A,BAUER_C
5100002889,1000,2025,2025-06-27,400000,Materialaufwand,260.99,S,V10010,Rechnung V10010 06/2025,BECKER_M,MEYER_R
5100002890,1000,2025,2025-05-16,410000,Bürobedarf,289.48,S,V10029,Rechnung V10029 05/2025,HOFFMANN_S,MEYER_R
5100002891,1000,2025,2025-09-29,410000,Bürobedarf,133.21,S,V10009,Rechnung V10009 09/2025,BECKER_M,BAUER_C
5100002892,1000,2025,2025-01-02,420000,Reisekosten,967.38,S,V10004,Rechnung V10004 01/2025,HOFFMANN_S,BAUER_C
5100002893,1000,2025,2025-02-05,430000,Beratungskosten,423.93,S,V10007,Rechnung V10007 02/2025,KOCH_J,MEYER_R
5100002894,1000,2025,2025-12-16,470000,Instandhaltung,170.53,S,V10040,Rechnung V10040 12/2025,KOCH_J,MEYER_R
5100002895,1000,2025,2025-09-01,450000,Mietaufwand,170.79,S,V10035,Rechnung V10035 09/2025,BECKER_M,BAUER_C
5100002896,1000,2025,2025-07-23,430000,Beratungskosten,71.05,S,V10039,Rechnung V10039 07/2025,SCHMIDT_A,BAUER_C
5100002897,1000,2025,2025-01-08,430000,Beratungskosten,4591.45,S,V10012,Rechnung V10012 01/2025,KOCH_J,WAGNER_P
5100002898,1000,2025,2025-08-08,450000,Mietaufwand,558.8,S,V10018,Rechnung V10018 08/2025,FISCHER_L,MEYER_R
5100002899,1000,2025,2025-06-11,420000,Reisekosten,123.91,S,V10020,Rechnung V10020 06/2025,HOFFMANN_S,MEYER_R
5100002900,1000,2025,2025-08-08,470000,Instandhaltung,1796.65,S,V10021,Rechnung V10021 08/2025,KOCH_J,MEYER_R
5100002901,1000,2025,2025-01-17,430000,Beratungskosten,201.0,S,V10002,Rechnung V10002 01/2025,BECKER_M,BAUER_C
5100002902,1000,2025,2025-07-23,430000,Beratungskosten,4936.87,S,V10024,Rechnung V10024 07/2025,KOCH_J,MEYER_R
5100002903,1000,2025,2025-08-01,470000,Instandhaltung,2524.9,S,V10002,Rechnung V10002 08/2025,HOFFMANN_S,WAGNER_P
5100002904,1000,2025,2025-04-15,420000,Reisekosten,208.65,S,V10012,Rechnung V10012 04/2025,HOFFMANN_S,BAUER_C
5100002905,1000,2025,2025-01-22,430000,Beratungskosten,256.15,S,V10012,Rechnung V10012 01/2025,HOFFMANN_S,MEYER_R
5100002906,1000,2025,2025-12-18,440000,IT-Dienstleistungen,526.31,S,V10027,Rechnung V10027 12/2025,BECKER_M,BAUER_C
5100002907,1000,2025,2025-09-17,420000,Reisekosten,3066.04,S,V10036,Rechnung V10036 09/2025,BECKER_M,BAUER_C
5100002908,1000,2025,2025-08-18,400000,Materialaufwand,508.8,S,V10028,Rechnung V10028 08/2025,FISCHER_L,MEYER_R
5100002909,1000,2025,2025-10-08,420000,Reisekosten,72.34,S,V10018,Rechnung V10018 10/2025,FISCHER_L,MEYER_R
5100002910,1000,2025,2025-09-03,400000,Materialaufwand,1176.39,S,V10022,Rechnung V10022 09/2025,WEBER_K,MEYER_R
5100002911,1000,2025,2025-02-19,450000,Mietaufwand,226.79,S,V10021,Rechnung V10021 02/2025,WEBER_K,MEYER_R
5100002912,1000,2025,2025-06-18,400000,Materialaufwand,10103.92,S,V10006,Rechnung V10006 06/2025,BECKER_M,MEYER_R
5100002913,1000,2025,2025-11-20,420000,Reisekosten,491.87,S,V10039,Rechnung V10039 11/2025,FISCHER_L,BAUER_C
5100002914,1000,2025,2025-04-14,470000,Instandhaltung,13.79,S,V10037,Rechnung V10037 04/2025,SCHMIDT_A,MEYER_R
5100002915,1000,2025,2025-12-19,440000,IT-Dienstleistungen,872.87,S,V10010,Rechnung V10010 12/2025,SCHMIDT_A,MEYER_R
5100002916,1000,2025,2025-01-27,450000,Mietaufwand,11062.94,S,V10005,Rechnung V10005 01/2025,KOCH_J,BAUER_C
5100002917,1000,2025,2025-05-02,450000,Mietaufwand,6133.2,S,V10007,Rechnung V10007 05/2025,FISCHER_L,MEYER_R
5100002918,1000,2025,2025-05-09,420000,Reisekosten,9223.66,S,V10026,Rechnung V10026 05/2025,BECKER_M,MEYER_R
5100002919,1000,2025,2025-08-15,450000,Mietaufwand,96.39,S,V10002,Rechnung V10002 08/2025,KOCH_J,MEYER_R
5100002920,1000,2025,2025-03-06,410000,Bürobedarf,2120.58,S,V10005,Rechnung V10005 03/2025,SCHMIDT_A,BAUER_C
5100002921,1000,2025,2025-03-25,450000,Mietaufwand,155.21,S,V10026,Rechnung V10026 03/2025,KOCH_J,BAUER_C
5100002922,1000,2025,2025-09-01,450000,Mietaufwand,705.47,S,V10006,Rechnung V10006 09/2025,HOFFMANN_S,BAUER_C
5100002923,1000,2025,2025-04-14,470000,Instandhaltung,64.28,S,V10003,Rechnung V10003 04/2025,BECKER_M,BAUER_C
5100002924,1000,2025,2025-11-17,470000,Instandhaltung,175.72,S,V10001,Rechnung V10001 11/2025,FISCHER_L,MEYER_R
5100002925,1000,2025,2025-11-13,400000,Materialaufwand,167.0,S,V10029,Rechnung V10029 11/2025,HOFFMANN_S,WAGNER_P
5100002926,1000,2025,2025-04-22,420000,Reisekosten,2074.94,S,V10015,Rechnung V10015 04/2025,WEBER_K,WAGNER_P
5100002927,1000,2025,2025-07-25,440000,IT-Dienstleistungen,1774.28,S,V10012,Rechnung V10012 07/2025,WEBER_K,MEYER_R
5100002928,1000,2025,2025-05-05,420000,Reisekosten,767.33,S,V10026,Rechnung V10026 05/2025,KOCH_J,BAUER_C
5100002929,1000,2025,2025-05-08,440000,IT-Dienstleistungen,56.79,S,V10007,Rechnung V10007 05/2025,WEBER_K,WAGNER_P
5100002930,1000,2025,2025-09-03,460000,Werbekosten,299.28,S,V10021,Rechnung V10021 09/2025,HOFFMANN_S,BAUER_C
5100002931,1000,2025,2025-04-16,420000,Reisekosten,149.34,S,V10020,Rechnung V10020 04/2025,KOCH_J,MEYER_R
5100002932,1000,2025,2025-02-25,470000,Instandhaltung,1981.25,S,V10027,Rechnung V10027 02/2025,BECKER_M,BAUER_C
5100002933,1000,2025,2025-04-03,470000,Instandhaltung,3245.73,S,V10025,Rechnung V10025 04/2025,WEBER_K,MEYER_R
5100002934,1000,2025,2025-12-04,470000,Instandhaltung,2671.02,S,V10028,Rechnung V10028 12/2025,KOCH_J,MEYER_R
5100002935,1000,2025,2025-04-03,400000,Materialaufwand,147.18,S,V10009,Rechnung V10009 04/2025,HOFFMANN_S,WAGNER_P
5100002936,1000,2025,2025-05-14,420000,Reisekosten,6.15,S,V10006,Rechnung V10006 05/2025,BECKER_M,MEYER_R
5100002937,1000,2025,2025-08-20,400000,Materialaufwand,29.16,S,V10022,Rechnung V10022 08/2025,SCHMIDT_A,MEYER_R
5100002938,1000,2025,2025-02-07,400000,Materialaufwand,4791.52,S,V10003,Rechnung V10003 02/2025,FISCHER_L,BAUER_C
5100002939,1000,2025,2025-04-08,400000,Materialaufwand,259.3,S,V10019,Rechnung V10019 04/2025,FISCHER_L,WAGNER_P
5100002940,1000,2025,2025-03-05,430000,Beratungskosten,148.24,S,V10026,Rechnung V10026 03/2025,WEBER_K,WAGNER_P
5100002941,1000,2025,2025-12-03,400000,Materialaufwand,6824.38,S,V10033,Rechnung V10033 12/2025,FISCHER_L,MEYER_R
5100002942,1000,2025,2025-12-05,420000,Reisekosten,3730.34,S,V10027,Rechnung V10027 12/2025,SCHMIDT_A,BAUER_C
5100002943,1000,2025,2025-10-02,470000,Instandhaltung,512.41,S,V10040,Rechnung V10040 10/2025,HOFFMANN_S,BAUER_C
5100002944,1000,2025,2025-03-31,470000,Instandhaltung,308.14,S,V10023,Rechnung V10023 03/2025,FISCHER_L,BAUER_C
5100002945,1000,2025,2025-08-15,470000,Instandhaltung,398.87,S,V10018,Rechnung V10018 08/2025,HOFFMANN_S,WAGNER_P
5100002946,1000,2025,2025-09-01,400000,Materialaufwand,708.72,S,V10010,Rechnung V10010 09/2025,FISCHER_L,WAGNER_P
5100002947,1000,2025,2025-11-13,450000,Mietaufwand,6374.59,S,V10027,Rechnung V10027 11/2025,HOFFMANN_S,MEYER_R
5100002948,1000,2025,2025-02-27,450000,Mietaufwand,968.69,S,V10033,Rechnung V10033 02/2025,HOFFMANN_S,MEYER_R
5100002949,1000,2025,2025-09-26,410000,Bürobedarf,1574.43,S,V10013,Rechnung V10013 09/2025,SCHMIDT_A,MEYER_R
5100002950,1000,2025,2025-03-12,470000,Instandhaltung,3199.76,S,V10004,Rechnung V10004 03/2025,FISCHER_L,WAGNER_P
5100002951,1000,2025,2025-07-30,430000,Beratungskosten,75.83,S,V10001,Rechnung V10001 07/2025,HOFFMANN_S,BAUER_C
5100002952,1000,2025,2025-11-17,470000,Instandhaltung,1648.76,S,V10026,Rechnung V10026 11/2025,BECKER_M,BAUER_C
5100002953,1000,2025,2025-01-24,400000,Materialaufwand,307.57,S,V10027,Rechnung V10027 01/2025,WEBER_K,MEYER_R
5100002954,1000,2025,2025-02-25,450000,Mietaufwand,8.8,S,V10005,Rechnung V10005 02/2025,HOFFMANN_S,MEYER_R
5100002955,1000,2025,2025-10-24,410000,Bürobedarf,16.36,S,V10001,Rechnung V10001 10/2025,WEBER_K,MEYER_R
5100002956,1000,2025,2025-01-09,470000,Instandhaltung,96.64,S,V10027,Rechnung V10027 01/2025,KOCH_J,MEYER_R
5100002957,1000,2025,2025-09-09,440000,IT-Dienstleistungen,1152.81,S,V10016,Rechnung V10016 09/2025,HOFFMANN_S,WAGNER_P
5100002958,1000,2025,2025-07-07,400000,Materialaufwand,591.16,S,V10017,Rechnung V10017 07/2025,WEBER_K,BAUER_C
5100002959,1000,2025,2025-05-08,410000,Bürobedarf,661.82,S,V10011,Rechnung V10011 05/2025,WEBER_K,MEYER_R
5100002960,1000,2025,2025-11-11,420000,Reisekosten,11175.84,S,V10029,Rechnung V10029 11/2025,KOCH_J,BAUER_C
5100002961,1000,2025,2025-11-06,400000,Materialaufwand,64.68,S,V10030,Rechnung V10030 11/2025,BECKER_M,WAGNER_P
5100002962,1000,2025,2025-04-30,400000,Materialaufwand,471.59,S,V10003,Rechnung V10003 04/2025,HOFFMANN_S,WAGNER_P
5100002963,1000,2025,2025-01-03,470000,Instandhaltung,801.99,S,V10004,Rechnung V10004 01/2025,HOFFMANN_S,BAUER_C
5100002964,1000,2025,2025-02-18,470000,Instandhaltung,151.71,S,V10023,Rechnung V10023 02/2025,SCHMIDT_A,BAUER_C
5100002965,1000,2025,2025-02-10,440000,IT-Dienstleistungen,515.6,S,V10025,Rechnung V10025 02/2025,HOFFMANN_S,BAUER_C
5100002966,1000,2025,2025-06-08,470000,Instandhaltung,38.09,S,V10006,Rechnung V10006 12/2025,FISCHER_L,WAGNER_P
5100002967,1000,2025,2025-08-08,450000,Mietaufwand,4702.5,S,V10007,Rechnung V10007 08/2025,KOCH_J,MEYER_R
5100002968,1000,2025,2025-09-05,400000,Materialaufwand,165.57,S,V10028,Rechnung V10028 09/2025,WEBER_K,BAUER_C
5100002969,1000,2025,2025-03-25,450000,Mietaufwand,12711.22,S,V10019,Rechnung V10019 03/2025,SCHMIDT_A,BAUER_C
5100002970,1000,2025,2025-11-06,400000,Materialaufwand,467.8,S,V10005,Rechnung V10005 11/2025,BECKER_M,BAUER_C
5100002971,1000,2025,2025-09-22,460000,Werbekosten,2552.65,S,V10025,Rechnung V10025 09/2025,BECKER_M,WAGNER_P
5100002972,1000,2025,2025-10-02,420000,Reisekosten,452.47,S,V10003,Rechnung V10003 10/2025,BECKER_M,MEYER_R
5100002973,1000,2025,2025-06-25,410000,Bürobedarf,469.1,S,V10010,Rechnung V10010 06/2025,WEBER_K,MEYER_R
5100002974,1000,2025,2025-09-12,420000,Reisekosten,193.55,S,V10029,Rechnung V10029 09/2025,FISCHER_L,WAGNER_P
5100002975,1000,2025,2025-07-22,450000,Mietaufwand,596.21,S,V10009,Rechnung V10009 07/2025,KOCH_J,WAGNER_P
5100002976,1000,2025,2025-05-22,460000,Werbekosten,819.58,S,V10003,Rechnung V10003 05/2025,HOFFMANN_S,MEYER_R
5100002977,1000,2025,2025-08-07,440000,IT-Dienstleistungen,140.5,S,V10039,Rechnung V10039 08/2025,KOCH_J,BAUER_C
5100002978,1000,2025,2025-04-30,410000,Bürobedarf,403.4,S,V10009,Rechnung V10009 04/2025,WEBER_K,WAGNER_P
5100002979,1000,2025,2025-12-12,470000,Instandhaltung,185.65,S,V10021,Rechnung V10021 12/2025,KOCH_J,MEYER_R
5100002980,1000,2025,2025-09-19,460000,Werbekosten,19525.23,S,V10033,Rechnung V10033 09/2025,FISCHER_L,WAGNER_P
5100002981,1000,2025,2025-09-26,430000,Beratungskosten,426.85,S,V10040,Rechnung V10040 09/2025,KOCH_J,BAUER_C
5100002982,1000,2025,2025-09-19,440000,IT-Dienstleistungen,5839.33,S,V10033,Rechnung V10033 09/2025,KOCH_J,WAGNER_P
5100002983,1000,2025,2025-06-17,470000,Instandhaltung,360.32,S,V10014,Rechnung V10014 06/2025,SCHMIDT_A,BAUER_C
5100002984,1000,2025,2025-12-11,430000,Beratungskosten,746.1,S,V10035,Rechnung V10035 12/2025,KOCH_J,BAUER_C
5100002985,1000,2025,2025-03-17,400000,Materialaufwand,59.49,S,V10001,Rechnung V10001 03/2025,BECKER_M,WAGNER_P
5100002986,1000,2025,2025-07-30,410000,Bürobedarf,240.97,S,V10014,Rechnung V10014 07/2025,HOFFMANN_S,WAGNER_P
5100002987,1000,2025,2025-01-28,440000,IT-Dienstleistungen,690.11,S,V10008,Rechnung V10008 01/2025,BECKER_M,MEYER_R
5100002988,1000,2025,2025-04-16,470000,Instandhaltung,6232.96,S,V10022,Rechnung V10022 04/2025,WEBER_K,BAUER_C
5100002989,1000,2025,2025-07-31,450000,Mietaufwand,702.87,S,V10036,Rechnung V10036 07/2025,KOCH_J,BAUER_C
5100002990,1000,2025,2025-07-02,440000,IT-Dienstleistungen,4509.55,S,V10031,Rechnung V10031 07/2025,SCHMIDT_A,WAGNER_P
5100002991,1000,2025,2025-12-09,420000,Reisekosten,1373.57,S,V10040,Rechnung V10040 12/2025,HOFFMANN_S,MEYER_R
5100002992,1000,2025,2025-08-14,430000,Beratungskosten,6659.78,S,V10006,Rechnung V10006 08/2025,WEBER_K,WAGNER_P
5100002993,1000,2025,2025-06-02,400000,Materialaufwand,448.33,S,V10031,Rechnung V10031 06/2025,HOFFMANN_S,BAUER_C
5100002994,1000,2025,2025-06-06,420000,Reisekosten,22569.54,S,V10029,Rechnung V10029 06/2025,FISCHER_L,MEYER_R
5100002995,1000,2025,2025-08-13,440000,IT-Dienstleistungen,226.64,S,V10019,Rechnung V10019 08/2025,WEBER_K,WAGNER_P
5100002996,1000,2025,2025-10-16,470000,Instandhaltung,144.56,S,V10004,Rechnung V10004 10/2025,WEBER_K,WAGNER_P
5100002997,1000,2025,2025-04-10,470000,Instandhaltung,71.09,S,V10005,Rechnung V10005 04/2025,WEBER_K,WAGNER_P
5100002998,1000,2025,2025-08-05,460000,Werbekosten,20529.94,S,V10037,Rechnung V10037 08/2025,KOCH_J,WAGNER_P
5100002999,1000,2025,2025-07-31,400000,Materialaufwand,1828.25,S,V10012,Rechnung V10012 07/2025,HOFFMANN_S,BAUER_C
5100003000,1000,2025,2025-01-07,460000,Werbekosten,288.71,S,V10026,Rechnung V10026 01/2025,HOFFMANN_S,MEYER_R
5100003001,1000,2025,2025-11-28,410000,Bürobedarf,3635.26,S,V10038,Rechnung V10038 11/2025,BECKER_M,WAGNER_P
5100003002,1000,2025,2025-07-30,440000,IT-Dienstleistungen,1480.76,S,V10020,Rechnung V10020 07/2025,FISCHER_L,BAUER_C
5100003003,1000,2025,2025-03-28,470000,Instandhaltung,11450.67,S,V10009,Rechnung V10009 03/2025,KOCH_J,BAUER_C
5100003004,1000,2025,2025-08-21,470000,Instandhaltung,41.41,S,V10020,Rechnung V10020 08/2025,WEBER_K,WAGNER_P
5100003005,1000,2025,2025-09-05,450000,Mietaufwand,322.28,S,V10010,Rechnung V10010 09/2025,KOCH_J,BAUER_C
5100003006,1000,2025,2025-11-28,420000,Reisekosten,235.09,S,V10008,Rechnung V10008 11/2025,FISCHER_L,MEYER_R
5100003007,1000,2025,2025-01-15,440000,IT-Dienstleistungen,20.95,S,V10033,Rechnung V10033 01/2025,FISCHER_L,WAGNER_P
5100003008,1000,2025,2025-06-03,450000,Mietaufwand,2687.92,S,V10014,Rechnung V10014 06/2025,FISCHER_L,BAUER_C
5100003009,1000,2025,2025-03-07,440000,IT-Dienstleistungen,319.69,S,V10028,Rechnung V10028 03/2025,HOFFMANN_S,WAGNER_P
5100003010,1000,2025,2025-07-31,430000,Beratungskosten,1609.07,S,V10030,Rechnung V10030 07/2025,HOFFMANN_S,WAGNER_P
5100003011,1000,2025,2025-07-07,430000,Beratungskosten,21496.28,S,V10022,Rechnung V10022 07/2025,HOFFMANN_S,WAGNER_P
5100003012,1000,2025,2025-06-26,440000,IT-Dienstleistungen,280.01,S,V10022,Rechnung V10022 06/2025,SCHMIDT_A,WAGNER_P
5100003013,1000,2025,2025-12-23,400000,Materialaufwand,251.18,S,V10008,Rechnung V10008 12/2025,SCHMIDT_A,BAUER_C
5100003014,1000,2025,2025-07-16,470000,Instandhaltung,595.77,S,V10022,Rechnung V10022 07/2025,KOCH_J,WAGNER_P
5100003015,1000,2025,2025-06-02,400000,Materialaufwand,2391.31,S,V10031,Rechnung V10031 06/2025,KOCH_J,MEYER_R
5100003016,1000,2025,2025-01-27,470000,Instandhaltung,198.99,S,V10008,Rechnung V10008 01/2025,SCHMIDT_A,MEYER_R
5100003017,1000,2025,2025-04-15,400000,Materialaufwand,179.55,S,V10010,Rechnung V10010 04/2025,KOCH_J,BAUER_C
5100003018,1000,2025,2025-11-24,440000,IT-Dienstleistungen,2674.46,S,V10028,Rechnung V10028 11/2025,WEBER_K,WAGNER_P
5100003019,1000,2025,2025-06-17,430000,Beratungskosten,903.09,S,V10040,Rechnung V10040 06/2025,KOCH_J,MEYER_R
5100003020,1000,2025,2025-11-27,440000,IT-Dienstleistungen,18.7,S,V10016,Rechnung V10016 11/2025,KOCH_J,MEYER_R
5100003021,1000,2025,2025-07-17,430000,Beratungskosten,69.36,S,V10034,Rechnung V10034 07/2025,BECKER_M,MEYER_R
5100003022,1000,2025,2025-07-23,470000,Instandhaltung,5442.41,S,V10008,Rechnung V10008 07/2025,WEBER_K,MEYER_R
5100003023,1000,2025,2025-06-10,400000,Materialaufwand,937.38,S,V10023,Rechnung V10023 06/2025,HOFFMANN_S,BAUER_C
5100003024,1000,2025,2025-07-25,470000,Instandhaltung,145.55,S,V10038,Rechnung V10038 07/2025,SCHMIDT_A,WAGNER_P
5100003025,1000,2025,2025-01-27,450000,Mietaufwand,375.16,S,V10018,Rechnung V10018 01/2025,FISCHER_L,WAGNER_P
5100003026,1000,2025,2025-01-23,460000,Werbekosten,503.3,S,V10021,Rechnung V10021 01/2025,BECKER_M,MEYER_R
5100003027,1000,2025,2025-06-26,410000,Bürobedarf,1599.06,S,V10007,Rechnung V10007 06/2025,SCHMIDT_A,BAUER_C
5100003028,1000,2025,2025-08-08,400000,Materialaufwand,5000.0,S,V10022,Rechnung V10022 08/2025,FISCHER_L,BAUER_C
5100003029,1000,2025,2025-07-23,430000,Beratungskosten,128.31,S,V10024,Rechnung V10024 07/2025,HOFFMANN_S,BAUER_C
5100003031,1000,2025,2025-04-16,460000,Werbekosten,420.0,S,V10009,Rechnung V10009 04/2025,FISCHER_L,WAGNER_P
5100003032,1000,2025,2025-09-17,470000,Instandhaltung,1230.25,S,V10015,Rechnung V10015 09/2025,SCHMIDT_A,MEYER_R
5100003033,1000,2025,2025-08-12,430000,Beratungskosten,68.91,S,V10026,Rechnung V10026 08/2025,BECKER_M,BAUER_C
5100003034,1000,2025,2025-01-20,460000,Werbekosten,872.54,S,V10038,Rechnung V10038 01/2025,SCHMIDT_A,BAUER_C
5100003035,1000,2025,2025-06-18,400000,Materialaufwand,2825.76,S,V10010,Rechnung V10010 06/2025,WEBER_K,MEYER_R
5100003036,1000,2025,2025-09-17,450000,Mietaufwand,1073.75,S,V10028,Rechnung V10028 09/2025,BECKER_M,WAGNER_P
5100003037,1000,2025,2025-10-15,400000,Materialaufwand,615.59,S,V10036,Rechnung V10036 10/2025,WEBER_K,MEYER_R
5100003038,1000,2025,2025-04-14,450000,Mietaufwand,422.67,S,V10026,Rechnung V10026 04/2025,WEBER_K,WAGNER_P
5100003039,1000,2025,2025-12-03,430000,Beratungskosten,129.57,S,V10018,Rechnung V10018 12/2025,KOCH_J,MEYER_R
5100003040,1000,2025,2025-08-27,430000,Beratungskosten,439.13,S,V10010,Rechnung V10010 08/2025,HOFFMANN_S,BAUER_C
5100003041,1000,2025,2025-06-12,420000,Reisekosten,3697.93,S,V10012,Rechnung V10012 06/2025,SCHMIDT_A,BAUER_C
5100003042,1000,2025,2025-08-19,430000,Beratungskosten,407.3,S,V10003,Rechnung V10003 08/2025,KOCH_J,BAUER_C
5100003043,1000,2025,2025-11-13,460000,Werbekosten,118.67,S,V10007,Rechnung V10007 11/2025,FISCHER_L,MEYER_R
5100003044,1000,2025,2025-03-24,460000,Werbekosten,224.17,S,V10018,Rechnung V10018 03/2025,SCHMIDT_A,MEYER_R
5100003045,1000,2025,2025-02-25,420000,Reisekosten,679.5,S,V10006,Rechnung V10006 02/2025,KOCH_J,BAUER_C
5100003046,1000,2025,2025-06-13,420000,Reisekosten,271.07,S,V10001,Rechnung V10001 06/2025,FISCHER_L,MEYER_R
5100003047,1000,2025,2025-01-31,440000,IT-Dienstleistungen,1071.15,S,V10028,Rechnung V10028 01/2025,WEBER_K,WAGNER_P
5100003048,1000,2025,2025-10-31,450000,Mietaufwand,1137.46,S,V10003,Rechnung V10003 10/2025,SCHMIDT_A,BAUER_C
5100003049,1000,2025,2025-12-18,410000,Bürobedarf,2043.41,S,V10006,Rechnung V10006 12/2025,KOCH_J,WAGNER_P
5100003050,1000,2025,2025-08-12,450000,Mietaufwand,4806.36,S,V10024,Rechnung V10024 08/2025,WEBER_K,MEYER_R
5100003051,1000,2025,2025-12-22,470000,Instandhaltung,2424.48,S,V10037,Rechnung V10037 12/2025,BECKER_M,BAUER_C
5100003052,1000,2025,2025-01-28,460000,Werbekosten,110.52,S,V10029,Rechnung V10029 01/2025,WEBER_K,BAUER_C
5100003053,1000,2025,2025-08-21,440000,IT-Dienstleistungen,116.09,S,V10002,Rechnung V10002 08/2025,KOCH_J,MEYER_R
5100003054,1000,2025,2025-06-13,420000,Reisekosten,436.49,S,V10007,Rechnung V10007 06/2025,HOFFMANN_S,WAGNER_P
5100003055,1000,2025,2025-04-10,420000,Reisekosten,5000.0,S,V10030,Rechnung V10030 04/2025,BECKER_M,WAGNER_P
5100003056,1000,2025,2025-04-24,450000,Mietaufwand,79.73,S,V10030,Rechnung V10030 04/2025,FISCHER_L,WAGNER_P
5100003057,1000,2025,2025-07-22,430000,Beratungskosten,243.06,S,V10016,Rechnung V10016 07/2025,BECKER_M,BAUER_C
5100003058,1000,2025,2025-08-25,400000,Materialaufwand,230.62,S,V10038,Rechnung V10038 08/2025,FISCHER_L,BAUER_C
5100003059,1000,2025,2025-03-03,450000,Mietaufwand,168.18,S,V10036,Rechnung V10036 03/2025,KOCH_J,MEYER_R
5100003060,1000,2025,2025-08-14,410000,Bürobedarf,297.3,S,V10030,Rechnung V10030 08/2025,HOFFMANN_S,BAUER_C
5100003061,1000,2025,2025-12-03,470000,Instandhaltung,3247.11,S,V10030,Rechnung V10030 12/2025,SCHMIDT_A,BAUER_C
5100003062,1000,2025,2025-01-07,430000,Beratungskosten,677.75,S,V10032,Rechnung V10032 01/2025,HOFFMANN_S,MEYER_R
5100003063,1000,2025,2025-11-17,420000,Reisekosten,25716.67,S,V10006,Rechnung V10006 11/2025,WEBER_K,MEYER_R
5100003064,1000,2025,2025-08-12,400000,Materialaufwand,647.3,S,V10029,Rechnung V10029 08/2025,WEBER_K,WAGNER_P
5100003065,1000,2025,2025-05-07,410000,Bürobedarf,309.79,S,V10038,Rechnung V10038 05/2025,FISCHER_L,BAUER_C
5100003066,1000,2025,2025-09-25,470000,Instandhaltung,496.02,S,V10009,Rechnung V10009 09/2025,WEBER_K,BAUER_C
5100003067,1000,2025,2025-08-15,440000,IT-Dienstleistungen,742.77,S,V10001,Rechnung V10001 08/2025,KOCH_J,WAGNER_P
5100003068,1000,2025,2025-10-09,470000,Instandhaltung,988.72,S,V10015,Rechnung V10015 10/2025,KOCH_J,MEYER_R
5100003069,1000,2025,2025-01-31,470000,Instandhaltung,13666.98,S,V10011,Rechnung V10011 01/2025,SCHMIDT_A,MEYER_R
5100003070,1000,2025,2025-01-23,400000,Materialaufwand,127.42,S,V10038,Rechnung V10038 01/2025,WEBER_K,BAUER_C
5100003071,1000,2025,2025-08-25,430000,Beratungskosten,1947.83,S,V10018,Rechnung V10018 08/2025,FISCHER_L,WAGNER_P
5100003072,1000,2025,2025-04-22,460000,Werbekosten,687.05,S,V10027,Rechnung V10027 04/2025,HOFFMANN_S,WAGNER_P
5100003073,1000,2025,2025-03-27,430000,Beratungskosten,39.89,S,V10040,Rechnung V10040 03/2025,BECKER_M,BAUER_C
5100003074,1000,2025,2025-06-05,440000,IT-Dienstleistungen,1691.07,S,V10032,Rechnung V10032 06/2025,HOFFMANN_S,MEYER_R
5100003075,1000,2025,2025-09-23,440000,IT-Dienstleistungen,3745.08,S,V10030,Rechnung V10030 09/2025,SCHMIDT_A,MEYER_R
5100003076,1000,2025,2025-03-06,450000,Mietaufwand,125.03,S,V10039,Rechnung V10039 03/2025,BECKER_M,BAUER_C
5100003077,1000,2025,2025-12-19,470000,Instandhaltung,485.76,S,V10028,Rechnung V10028 12/2025,WEBER_K,MEYER_R
5100003078,1000,2025,2025-06-05,470000,Instandhaltung,31.17,S,V10010,Rechnung V10010 06/2025,WEBER_K,BAUER_C
5100003079,1000,2025,2025-02-25,450000,Mietaufwand,65.75,S,V10030,Rechnung V10030 02/2025,HOFFMANN_S,BAUER_C
5100003080,1000,2025,2025-01-28,440000,IT-Dienstleistungen,2635.55,S,V10013,Rechnung V10013 01/2025,SCHMIDT_A,MEYER_R
5100003081,1000,2025,2025-11-10,420000,Reisekosten,233.63,S,V10014,Rechnung V10014 11/2025,SCHMIDT_A,WAGNER_P
5100003082,1000,2025,2025-02-12,400000,Materialaufwand,83.59,S,V10026,Rechnung V10026 02/2025,FISCHER_L,BAUER_C
5100003083,1000,2025,2025-06-04,450000,Mietaufwand,711.33,S,V10013,Rechnung V10013 06/2025,HOFFMANN_S,WAGNER_P
5100003084,1000,2025,2025-09-03,400000,Materialaufwand,213.61,S,V10001,Rechnung V10001 09/2025,BECKER_M,MEYER_R
5100003085,1000,2025,2025-07-10,450000,Mietaufwand,231.99,S,V10040,Rechnung V10040 07/2025,SCHMIDT_A,MEYER_R
5100003086,1000,2025,2025-04-04,430000,Beratungskosten,1608.28,S,V10023,Rechnung V10023 04/2025,HOFFMANN_S,MEYER_R
5100003087,1000,2025,2025-02-10,460000,Werbekosten,76.8,S,V10027,Rechnung V10027 02/2025,FISCHER_L,MEYER_R
5100003088,1000,2025,2025-09-17,470000,Instandhaltung,115.75,S,V10033,Rechnung V10033 09/2025,HOFFMANN_S,MEYER_R
5100003089,1000,2025,2025-07-02,440000,IT-Dienstleistungen,630.51,S,V10026,Rechnung V10026 07/2025,WEBER_K,MEYER_R
5100003090,1000,2025,2025-01-21,440000,IT-Dienstleistungen,2324.02,S,V10025,Rechnung V10025 01/2025,KOCH_J,BAUER_C
5100003091,1000,2025,2025-03-07,430000,Beratungskosten,3572.63,S,V10032,Rechnung V10032 03/2025,WEBER_K,WAGNER_P
5100003092,1000,2025,2025-07-28,420000,Reisekosten,170.02,S,V10012,Rechnung V10012 07/2025,KOCH_J,MEYER_R
5100003093,1000,2025,2025-03-04,400000,Materialaufwand,2207.91,S,V10034,Rechnung V10034 03/2025,FISCHER_L,MEYER_R
5100003094,1000,2025,2025-05-23,400000,Materialaufwand,140.52,S,V10029,Rechnung V10029 05/2025,HOFFMANN_S,MEYER_R
5100003095,1000,2025,2025-02-17,450000,Mietaufwand,9153.9,S,V10008,Rechnung V10008 02/2025,BECKER_M,MEYER_R
5100003096,1000,2025,2025-10-20,470000,Instandhaltung,80.32,S,V10006,Rechnung V10006 10/2025,SCHMIDT_A,BAUER_C
5100003097,1000,2025,2025-08-20,400000,Materialaufwand,4128.07,S,V10036,Rechnung V10036 08/2025,SCHMIDT_A,MEYER_R
5100003098,1000,2025,2025-10-14,420000,Reisekosten,172.37,S,V10036,Rechnung V10036 10/2025,FISCHER_L,WAGNER_P
5100003099,1000,2025,2025-01-22,440000,IT-Dienstleistungen,12347.32,S,V10040,Rechnung V10040 01/2025,WEBER_K,WAGNER_P
5100003100,1000,2025,2025-05-19,450000,Mietaufwand,1269.16,S,V10005,Rechnung V10005 05/2025,BECKER_M,MEYER_R
5100003101,1000,2025,2025-04-07,450000,Mietaufwand,96.97,S,V10036,Rechnung V10036 04/2025,SCHMIDT_A,MEYER_R
5100003102,1000,2025,2025-08-18,450000,Mietaufwand,213.67,S,V10035,Rechnung V10035 08/2025,BECKER_M,MEYER_R
5100003103,1000,2025,2025-10-28,400000,Materialaufwand,1719.67,S,V10031,Rechnung V10031 10/2025,WEBER_K,MEYER_R
5100003104,1000,2025,2025-03-24,420000,Reisekosten,2655.08,S,V10020,Rechnung V10020 03/2025,WEBER_K,BAUER_C
5100003105,1000,2025,2025-10-09,430000,Beratungskosten,440.04,S,V10021,Rechnung V10021 10/2025,FISCHER_L,BAUER_C
5100003106,1000,2025,2025-08-04,400000,Materialaufwand,529.25,S,V10018,Rechnung V10018 08/2025,BECKER_M,WAGNER_P
5100003107,1000,2025,2025-10-29,420000,Reisekosten,1658.0,S,V10002,Rechnung V10002 10/2025,FISCHER_L,BAUER_C
5100003108,1000,2025,2025-01-31,430000,Beratungskosten,608.43,S,V10021,Rechnung V10021 01/2025,FISCHER_L,BAUER_C
5100003109,1000,2025,2025-12-29,470000,Instandhaltung,62.2,S,V10010,Rechnung V10010 12/2025,FISCHER_L,BAUER_C
5100003110,1000,2025,2025-06-11,420000,Reisekosten,134.19,S,V10009,Rechnung V10009 06/2025,FISCHER_L,MEYER_R
5100003111,1000,2025,2025-04-11,470000,Instandhaltung,717.8,S,V10003,Rechnung V10003 04/2025,FISCHER_L,BAUER_C
5100003112,1000,2025,2025-03-07,450000,Mietaufwand,3445.32,S,V10019,Rechnung V10019 03/2025,KOCH_J,WAGNER_P
5100003113,1000,2025,2025-12-24,450000,Mietaufwand,6539.21,S,V10002,Rechnung V10002 12/2025,BECKER_M,WAGNER_P
5100003114,1000,2025,2025-11-18,460000,Werbekosten,1715.13,S,V10034,Rechnung V10034 11/2025,FISCHER_L,BAUER_C
5100003115,1000,2025,2025-02-18,460000,Werbekosten,780.29,S,V10036,Rechnung V10036 02/2025,HOFFMANN_S,WAGNER_P
5100003116,1000,2025,2025-06-16,410000,Bürobedarf,1632.88,S,V10033,Rechnung V10033 06/2025,BECKER_M,MEYER_R
5100003117,1000,2025,2025-09-25,430000,Beratungskosten,169.56,S,V10013,Rechnung V10013 09/2025,KOCH_J,MEYER_R
5100003118,1000,2025,2025-08-06,440000,IT-Dienstleistungen,385.61,S,V10007,Rechnung V10007 08/2025,BECKER_M,MEYER_R
5100003119,1000,2025,2025-03-11,430000,Beratungskosten,4913.31,S,V10021,Rechnung V10021 03/2025,KOCH_J,MEYER_R
5100003120,1000,2025,2025-05-14,400000,Materialaufwand,66.82,S,V10027,Rechnung V10027 05/2025,BECKER_M,WAGNER_P
5100003121,1000,2025,2025-05-16,430000,Beratungskosten,840.23,S,V10001,Rechnung V10001 05/2025,HOFFMANN_S,BAUER_C
5100003122,1000,2025,2025-04-15,410000,Bürobedarf,663.03,S,V10035,Rechnung V10035 04/2025,WEBER_K,WAGNER_P
5100003123,1000,2025,2025-12-16,410000,Bürobedarf,1480.66,S,V10018,Rechnung V10018 12/2025,WEBER_K,WAGNER_P
5100003124,1000,2025,2025-03-14,460000,Werbekosten,1180.6,S,V10033,Rechnung V10033 03/2025,BECKER_M,MEYER_R
5100003125,1000,2025,2025-09-16,410000,Bürobedarf,726.49,S,V10004,Rechnung V10004 09/2025,KOCH_J,WAGNER_P
5100003126,1000,2025,2025-11-27,460000,Werbekosten,1200.61,S,V10018,Rechnung V10018 11/2025,FISCHER_L,BAUER_C
5100003127,1000,2025,2025-10-17,470000,Instandhaltung,460.22,S,V10019,Rechnung V10019 10/2025,BECKER_M,MEYER_R
5100003128,1000,2025,2025-10-20,460000,Werbekosten,953.96,S,V10002,Rechnung V10002 10/2025,BECKER_M,WAGNER_P
5100003129,1000,2025,2025-02-27,410000,Bürobedarf,154.19,S,V10029,Rechnung V10029 02/2025,BECKER_M,BAUER_C
5100003130,1000,2025,2025-02-19,430000,Beratungskosten,4990.46,S,V10038,Rechnung V10038 02/2025,KOCH_J,WAGNER_P
5100003131,1000,2025,2025-10-14,430000,Beratungskosten,1435.79,S,V10022,Rechnung V10022 10/2025,FISCHER_L,WAGNER_P
5100003132,1000,2025,2025-09-30,440000,IT-Dienstleistungen,168.77,S,V10016,Rechnung V10016 09/2025,KOCH_J,MEYER_R
5100003133,1000,2025,2025-09-29,460000,Werbekosten,535.36,S,V10026,Rechnung V10026 09/2025,KOCH_J,BAUER_C
5100003134,1000,2025,2025-06-04,430000,Beratungskosten,181.68,S,V10015,Rechnung V10015 06/2025,HOFFMANN_S,WAGNER_P
5100003135,1000,2025,2025-07-14,410000,Bürobedarf,212.21,S,V10015,Rechnung V10015 07/2025,SCHMIDT_A,MEYER_R
5100003136,1000,2025,2025-01-08,470000,Instandhaltung,81.46,S,V10031,Rechnung V10031 01/2025,FISCHER_L,WAGNER_P
5100003137,1000,2025,2025-04-15,470000,Instandhaltung,3734.02,S,V10024,Rechnung V10024 04/2025,SCHMIDT_A,BAUER_C
5100003138,1000,2025,2025-07-16,450000,Mietaufwand,2711.06,S,V10011,Rechnung V10011 07/2025,WEBER_K,BAUER_C
5100003139,1000,2025,2025-02-17,450000,Mietaufwand,1164.32,S,V10017,Rechnung V10017 02/2025,KOCH_J,MEYER_R
5100003140,1000,2025,2025-02-18,470000,Instandhaltung,11562.4,S,V10034,Rechnung V10034 02/2025,FISCHER_L,WAGNER_P
5100003141,1000,2025,2025-01-20,430000,Beratungskosten,364.02,S,V10022,Rechnung V10022 01/2025,WEBER_K,BAUER_C
5100003142,1000,2025,2025-03-18,410000,Bürobedarf,62995.58,S,V10004,Rechnung V10004 03/2025,HOFFMANN_S,BAUER_C
5100003143,1000,2025,2025-12-30,440000,IT-Dienstleistungen,342.39,S,V10035,Rechnung V10035 12/2025,HOFFMANN_S,WAGNER_P
5100003144,1000,2025,2025-09-12,430000,Beratungskosten,741.23,S,V10030,Rechnung V10030 09/2025,BECKER_M,MEYER_R
5100003145,1000,2025,2025-12-11,460000,Werbekosten,260.75,S,V10011,Rechnung V10011 12/2025,HOFFMANN_S,BAUER_C
5100003146,1000,2025,2025-04-03,460000,Werbekosten,894.01,S,V10039,Rechnung V10039 04/2025,HOFFMANN_S,WAGNER_P
5100003147,1000,2025,2025-08-08,430000,Beratungskosten,1876.16,S,V10039,Rechnung V10039 08/2025,BECKER_M,WAGNER_P
5100003148,1000,2025,2025-11-20,420000,Reisekosten,410.65,S,V10040,Rechnung V10040 11/2025,KOCH_J,BAUER_C
5100003149,1000,2025,2025-05-12,430000,Beratungskosten,8457.02,S,V10016,Rechnung V10016 05/2025,WEBER_K,WAGNER_P
5100003150,1000,2025,2025-08-29,450000,Mietaufwand,722.44,S,V10037,Rechnung V10037 08/2025,FISCHER_L,WAGNER_P
5100003151,1000,2025,2025-09-11,450000,Mietaufwand,759.59,S,V10033,Rechnung V10033 09/2025,BECKER_M,MEYER_R
5100003152,1000,2025,2025-10-31,440000,IT-Dienstleistungen,115.08,S,V10035,Rechnung V10035 10/2025,HOFFMANN_S,BAUER_C
5100003153,1000,2025,2025-12-18,440000,IT-Dienstleistungen,962.56,S,V10022,Rechnung V10022 12/2025,FISCHER_L,WAGNER_P
5100003154,1000,2025,2025-08-14,470000,Instandhaltung,397.64,S,V10012,Rechnung V10012 08/2025,FISCHER_L,BAUER_C
5100003155,1000,2025,2025-08-04,430000,Beratungskosten,4924.12,S,V10010,Rechnung V10010 08/2025,KOCH_J,MEYER_R
5100003156,1000,2025,2025-11-13,410000,Bürobedarf,142.26,S,V10039,Rechnung V10039 11/2025,BECKER_M,BAUER_C
5100003157,1000,2025,2025-09-09,460000,Werbekosten,35412.54,S,V10021,Rechnung V10021 09/2025,SCHMIDT_A,WAGNER_P
5100003158,1000,2025,2025-05-14,470000,Instandhaltung,323.25,S,V10038,Rechnung V10038 05/2025,FISCHER_L,MEYER_R
5100003159,1000,2025,2025-08-20,440000,IT-Dienstleistungen,47.89,S,V10023,Rechnung V10023 08/2025,FISCHER_L,MEYER_R
5100003160,1000,2025,2025-07-23,430000,Beratungskosten,161.23,S,V10022,Rechnung V10022 07/2025,HOFFMANN_S,MEYER_R
5100003161,1000,2025,2025-03-25,420000,Reisekosten,453.73,S,V10003,Rechnung V10003 03/2025,FISCHER_L,MEYER_R
5100003162,1000,2025,2025-07-10,430000,Beratungskosten,1181.65,S,V10017,Rechnung V10017 07/2025,SCHMIDT_A,WAGNER_P
5100003163,1000,2025,2025-08-18,400000,Materialaufwand,1197.12,S,V10023,Rechnung V10023 08/2025,BECKER_M,BAUER_C
5100003164,1000,2025,2025-11-25,440000,IT-Dienstleistungen,1454.74,S,V10005,Rechnung V10005 11/2025,WEBER_K,BAUER_C
5100003165,1000,2025,2025-08-04,420000,Reisekosten,175.6,S,V10007,Rechnung V10007 08/2025,FISCHER_L,BAUER_C
5100003166,1000,2025,2025-03-03,420000,Reisekosten,849.55,S,V10024,Rechnung V10024 03/2025,WEBER_K,WAGNER_P
5100003167,1000,2025,2025-12-24,440000,IT-Dienstleistungen,121.3,S,V10010,Rechnung V10010 12/2025,SCHMIDT_A,WAGNER_P
5100003168,1000,2025,2025-08-01,470000,Instandhaltung,182.83,S,V10029,Rechnung V10029 08/2025,KOCH_J,MEYER_R
5100003169,1000,2025,2025-04-14,410000,Bürobedarf,113.48,S,V10019,Rechnung V10019 04/2025,WEBER_K,MEYER_R
5100003170,1000,2025,2025-10-02,470000,Instandhaltung,73.6,S,V10017,Rechnung V10017 10/2025,BECKER_M,WAGNER_P
5100003171,1000,2025,2025-05-22,440000,IT-Dienstleistungen,2704.67,S,V10005,Rechnung V10005 05/2025,HOFFMANN_S,BAUER_C
5100003172,1000,2025,2025-05-16,470000,Instandhaltung,1482.94,S,V10017,Rechnung V10017 05/2025,FISCHER_L,MEYER_R
5100003173,1000,2025,2025-11-03,430000,Beratungskosten,2351.16,S,V10022,Rechnung V10022 11/2025,KOCH_J,MEYER_R
5100003174,1000,2025,2025-11-12,470000,Instandhaltung,524.74,S,V10023,Rechnung V10023 11/2025,FISCHER_L,MEYER_R
5100003175,1000,2025,2025-07-14,450000,Mietaufwand,1707.68,S,V10011,Rechnung V10011 07/2025,KOCH_J,MEYER_R
5100003176,1000,2025,2025-05-19,450000,Mietaufwand,29.43,S,V10002,Rechnung V10002 05/2025,FISCHER_L,MEYER_R
5100003177,1000,2025,2025-11-11,440000,IT-Dienstleistungen,1960.47,S,V10038,Rechnung V10038 11/2025,SCHMIDT_A,MEYER_R
5100003178,1000,2025,2025-03-05,430000,Beratungskosten,654.19,S,V10039,Rechnung V10039 03/2025,KOCH_J,MEYER_R
5100003179,1000,2025,2025-09-30,440000,IT-Dienstleistungen,1343.96,S,V10037,Rechnung V10037 09/2025,KOCH_J,WAGNER_P
5100003180,1000,2025,2025-08-05,460000,Werbekosten,905.09,S,V10012,Rechnung V10012 08/2025,KOCH_J,BAUER_C
5100003181,1000,2025,2025-11-07,460000,Werbekosten,101.57,S,V10025,Rechnung V10025 11/2025,SCHMIDT_A,MEYER_R
5100003182,1000,2025,2025-06-05,400000,Materialaufwand,44.84,S,V10006,Rechnung V10006 06/2025,KOCH_J,MEYER_R
5100003183,1000,2025,2025-10-31,450000,Mietaufwand,157.7,S,V10037,Rechnung V10037 10/2025,FISCHER_L,BAUER_C
5100003184,1000,2025,2025-01-08,460000,Werbekosten,1216.66,S,V10001,Rechnung V10001 01/2025,KOCH_J,MEYER_R
5100003185,1000,2025,2025-10-06,450000,Mietaufwand,1486.45,S,V10019,Rechnung V10019 10/2025,KOCH_J,BAUER_C
5100003186,1000,2025,2025-01-28,430000,Beratungskosten,55.22,S,V10035,Rechnung V10035 01/2025,WEBER_K,WAGNER_P
5100003187,1000,2025,2025-08-25,420000,Reisekosten,102.54,S,V10030,Rechnung V10030 08/2025,FISCHER_L,BAUER_C
5100003188,1000,2025,2025-03-12,450000,Mietaufwand,154.91,S,V10035,Rechnung V10035 03/2025,WEBER_K,MEYER_R
5100003189,1000,2025,2025-12-16,450000,Mietaufwand,278.19,S,V10020,Rechnung V10020 12/2025,WEBER_K,MEYER_R
5100003190,1000,2025,2025-06-15,420000,Reisekosten,55.74,S,V10004,Rechnung V10004 10/2025,BECKER_M,WAGNER_P
5100003191,1000,2025,2025-02-10,430000,Beratungskosten,50.64,S,V10001,Rechnung V10001 02/2025,FISCHER_L,MEYER_R
5100003192,1000,2025,2025-11-21,420000,Reisekosten,132.3,S,V10007,Rechnung V10007 11/2025,BECKER_M,MEYER_R
5100003193,1000,2025,2025-04-01,400000,Materialaufwand,565.67,S,V10003,Rechnung V10003 04/2025,HOFFMANN_S,BAUER_C
5100003194,1000,2025,2025-07-22,400000,Materialaufwand,74.52,S,V10018,Rechnung V10018 07/2025,WEBER_K,MEYER_R
5100003195,1000,2025,2025-02-03,400000,Materialaufwand,409.41,S,V10003,Rechnung V10003 02/2025,SCHMIDT_A,WAGNER_P
5100003196,1000,2025,2025-02-10,430000,Beratungskosten,2680.3,S,V10008,Rechnung V10008 02/2025,HOFFMANN_S,BAUER_C
5100003197,1000,2025,2025-03-28,440000,IT-Dienstleistungen,61.38,S,V10017,Rechnung V10017 03/2025,WEBER_K,MEYER_R
5100003198,1000,2025,2025-07-17,430000,Beratungskosten,354.14,S,V10030,Rechnung V10030 07/2025,WEBER_K,MEYER_R
5100003199,1000,2025,2025-07-21,470000,Instandhaltung,2539.22,S,V10027,Rechnung V10027 07/2025,BECKER_M,WAGNER_P
5100003200,1000,2025,2025-06-22,410000,Bürobedarf,252.34,S,V10003,Rechnung V10003 11/2025,WEBER_K,MEYER_R
5100003201,1000,2025,2025-03-03,430000,Beratungskosten,196.79,S,V10037,Rechnung V10037 03/2025,WEBER_K,BAUER_C
5100003202,1000,2025,2025-10-01,410000,Bürobedarf,3170.34,S,V10022,Rechnung V10022 10/2025,WEBER_K,MEYER_R
5100003203,1000,2025,2025-01-03,420000,Reisekosten,301.89,S,V10014,Rechnung V10014 01/2025,BECKER_M,MEYER_R
5100003204,1000,2025,2025-04-15,440000,IT-Dienstleistungen,2884.75,S,V10016,Rechnung V10016 04/2025,KOCH_J,MEYER_R
5100003205,1000,2025,2025-03-05,420000,Reisekosten,978.82,S,V10034,Rechnung V10034 03/2025,KOCH_J,MEYER_R
5100003206,1000,2025,2025-02-14,420000,Reisekosten,284.7,S,V10019,Rechnung V10019 02/2025,HOFFMANN_S,MEYER_R
5100003207,1000,2025,2025-08-05,450000,Mietaufwand,1061.57,S,V10010,Rechnung V10010 08/2025,KOCH_J,WAGNER_P
5100003208,1000,2025,2025-11-25,460000,Werbekosten,822.8,S,V10017,Rechnung V10017 11/2025,BECKER_M,WAGNER_P
5100003209,1000,2025,2025-09-02,410000,Bürobedarf,2523.53,S,V10003,Rechnung V10003 09/2025,FISCHER_L,WAGNER_P
5100003210,1000,2025,2025-11-07,400000,Materialaufwand,204.93,S,V10007,Rechnung V10007 11/2025,HOFFMANN_S,MEYER_R
5100003211,1000,2025,2025-08-06,410000,Bürobedarf,526.33,S,V10013,Rechnung V10013 08/2025,WEBER_K,MEYER_R
5100003212,1000,2025,2025-01-22,440000,IT-Dienstleistungen,446.56,S,V10009,Rechnung V10009 01/2025,HOFFMANN_S,MEYER_R
5100003213,1000,2025,2025-05-08,470000,Instandhaltung,1520.26,S,V10014,Rechnung V10014 05/2025,KOCH_J,MEYER_R
5100003214,1000,2025,2025-10-28,410000,Bürobedarf,95.56,S,V10003,Rechnung V10003 10/2025,FISCHER_L,BAUER_C
5100003215,1000,2025,2025-01-20,400000,Materialaufwand,2507.81,S,V10025,Rechnung V10025 01/2025,BECKER_M,MEYER_R
5100003216,1000,2025,2025-02-06,440000,IT-Dienstleistungen,1039.12,S,V10005,Rechnung V10005 02/2025,HOFFMANN_S,MEYER_R
5100003217,1000,2025,2025-10-31,470000,Instandhaltung,59.91,S,V10009,Rechnung V10009 10/2025,HOFFMANN_S,WAGNER_P
5100003218,1000,2025,2025-01-24,440000,IT-Dienstleistungen,3405.75,S,V10040,Rechnung V10040 01/2025,WEBER_K,MEYER_R
5100003219,1000,2025,2025-12-15,470000,Instandhaltung,17580.56,S,V10001,Rechnung V10001 12/2025,KOCH_J,WAGNER_P
5100003220,1000,2025,2025-10-06,450000,Mietaufwand,2447.77,S,V10012,Rechnung V10012 10/2025,BECKER_M,WAGNER_P
5100003221,1000,2025,2025-09-02,400000,Materialaufwand,4832.77,S,V10021,Rechnung V10021 09/2025,SCHMIDT_A,BAUER_C
5100003222,1000,2025,2025-07-18,430000,Beratungskosten,564.87,S,V10013,Rechnung V10013 07/2025,SCHMIDT_A,MEYER_R
5100003223,1000,2025,2025-02-04,460000,Werbekosten,34.52,S,V10013,Rechnung V10013 02/2025,HOFFMANN_S,MEYER_R
5100003224,1000,2025,2025-06-03,440000,IT-Dienstleistungen,25.78,S,V10006,Rechnung V10006 06/2025,FISCHER_L,BAUER_C
5100003225,1000,2025,2025-10-22,410000,Bürobedarf,741.1,S,V10017,Rechnung V10017 10/2025,SCHMIDT_A,WAGNER_P
5100003226,1000,2025,2025-11-25,410000,Bürobedarf,191.11,S,V10031,Rechnung V10031 11/2025,BECKER_M,MEYER_R
5100003227,1000,2025,2025-06-16,450000,Mietaufwand,114.05,S,V10024,Rechnung V10024 06/2025,BECKER_M,WAGNER_P
5100003228,1000,2025,2025-11-03,430000,Beratungskosten,445.68,S,V10037,Rechnung V10037 11/2025,SCHMIDT_A,WAGNER_P
5100003229,1000,2025,2025-10-13,440000,IT-Dienstleistungen,1319.41,S,V10028,Rechnung V10028 10/2025,FISCHER_L,BAUER_C
5100003230,1000,2025,2025-01-23,420000,Reisekosten,48.21,S,V10032,Rechnung V10032 01/2025,FISCHER_L,BAUER_C
5100003231,1000,2025,2025-08-18,420000,Reisekosten,240.28,S,V10018,Rechnung V10018 08/2025,HOFFMANN_S,WAGNER_P
5100003232,1000,2025,2025-08-15,450000,Mietaufwand,5518.12,S,V10025,Rechnung V10025 08/2025,BECKER_M,MEYER_R
5100003233,1000,2025,2025-07-21,400000,Materialaufwand,88.19,S,V10024,Rechnung V10024 07/2025,SCHMIDT_A,BAUER_C
5100003234,1000,2025,2025-10-10,430000,Beratungskosten,1981.52,S,V10033,Rechnung V10033 10/2025,BECKER_M,MEYER_R
5100003235,1000,2025,2025-11-20,420000,Reisekosten,226.88,S,V10021,Rechnung V10021 11/2025,KOCH_J,BAUER_C
5100003236,1000,2025,2025-07-23,460000,Werbekosten,1180.0,S,V10017,Rechnung V10017 07/2025,SCHMIDT_A,WAGNER_P
5100003237,1000,2025,2025-04-29,450000,Mietaufwand,2851.85,S,V10003,Rechnung V10003 04/2025,KOCH_J,WAGNER_P
5100003238,1000,2025,2025-12-23,430000,Beratungskosten,1613.32,S,V10035,Rechnung V10035 12/2025,SCHMIDT_A,BAUER_C
5100003239,1000,2025,2025-12-16,420000,Reisekosten,2110.45,S,V10018,Rechnung V10018 12/2025,BECKER_M,WAGNER_P
5100003240,1000,2025,2025-09-09,410000,Bürobedarf,78.06,S,V10032,Rechnung V10032 09/2025,FISCHER_L,WAGNER_P
5100003241,1000,2025,2025-08-25,410000,Bürobedarf,2927.36,S,V10028,Rechnung V10028 08/2025,HOFFMANN_S,MEYER_R
5100003242,1000,2025,2025-02-10,420000,Reisekosten,125.93,S,V10001,Rechnung V10001 02/2025,KOCH_J,WAGNER_P
5100003243,1000,2025,2025-05-28,460000,Werbekosten,746.4,S,V10027,Rechnung V10027 05/2025,KOCH_J,MEYER_R
5100003244,1000,2025,2025-03-13,400000,Materialaufwand,744.86,S,V10020,Rechnung V10020 03/2025,KOCH_J,MEYER_R
5100003245,1000,2025,2025-07-10,400000,Materialaufwand,1070.84,S,V10010,Rechnung V10010 07/2025,HOFFMANN_S,MEYER_R
5100003246,1000,2025,2025-10-29,440000,IT-Dienstleistungen,844.83,S,V10011,Rechnung V10011 10/2025,WEBER_K,WAGNER_P
5100003247,1000,2025,2025-03-24,410000,Bürobedarf,127.73,S,V10026,Rechnung V10026 03/2025,FISCHER_L,BAUER_C
5100003248,1000,2025,2025-12-31,460000,Werbekosten,56.84,S,V10004,Rechnung V10004 12/2025,HOFFMANN_S,MEYER_R
5100003249,1000,2025,2025-02-18,460000,Werbekosten,1989.74,S,V10025,Rechnung V10025 02/2025,WEBER_K,MEYER_R
5100003250,1000,2025,2025-02-06,460000,Werbekosten,663.37,S,V10034,Rechnung V10034 02/2025,BECKER_M,WAGNER_P
5100003251,1000,2025,2025-12-19,430000,Beratungskosten,3099.52,S,V10004,Rechnung V10004 12/2025,BECKER_M,MEYER_R
5100003252,1000,2025,2025-02-07,430000,Beratungskosten,458.71,S,V10001,Rechnung V10001 02/2025,KOCH_J,MEYER_R
5100003253,1000,2025,2025-09-25,430000,Beratungskosten,52.03,S,V10003,Rechnung V10003 09/2025,SCHMIDT_A,WAGNER_P
5100003254,1000,2025,2025-10-07,410000,Bürobedarf,2311.86,S,V10030,Rechnung V10030 10/2025,SCHMIDT_A,WAGNER_P
5100003255,1000,2025,2025-05-02,440000,IT-Dienstleistungen,272.44,S,V10034,Rechnung V10034 05/2025,SCHMIDT_A,MEYER_R
5100003256,1000,2025,2025-01-27,460000,Werbekosten,851.68,S,V10040,Rechnung V10040 01/2025,BECKER_M,MEYER_R
5100003257,1000,2025,2025-04-24,420000,Reisekosten,174.87,S,V10002,Rechnung V10002 04/2025,BECKER_M,MEYER_R
5100003258,1000,2025,2025-01-28,430000,Beratungskosten,4816.18,S,V10020,Rechnung V10020 01/2025,KOCH_J,BAUER_C
5100003259,1000,2025,2025-09-04,440000,IT-Dienstleistungen,121.21,S,V10002,Rechnung V10002 09/2025,WEBER_K,WAGNER_P
5100003260,1000,2025,2025-11-20,430000,Beratungskosten,287.18,S,V10015,Rechnung V10015 11/2025,WEBER_K,BAUER_C
5100003261,1000,2025,2025-12-31,460000,Werbekosten,585.18,S,V10013,Rechnung V10013 12/2025,FISCHER_L,MEYER_R
5100003262,1000,2025,2025-10-21,460000,Werbekosten,85.84,S,V10025,Rechnung V10025 10/2025,SCHMIDT_A,BAUER_C
5100003263,1000,2025,2025-10-10,470000,Instandhaltung,836.17,S,V10037,Rechnung V10037 10/2025,HOFFMANN_S,MEYER_R
5100003264,1000,2025,2025-11-18,430000,Beratungskosten,6496.75,S,V10033,Rechnung V10033 11/2025,SCHMIDT_A,BAUER_C
5100003265,1000,2025,2025-10-09,470000,Instandhaltung,224.81,S,V10003,Rechnung V10003 10/2025,HOFFMANN_S,BAUER_C
5100003266,1000,2025,2025-08-27,400000,Materialaufwand,927.25,S,V10010,Rechnung V10010 08/2025,FISCHER_L,WAGNER_P
5100003267,1000,2025,2025-12-31,420000,Reisekosten,6.06,S,V10011,Rechnung V10011 12/2025,KOCH_J,BAUER_C
5100003268,1000,2025,2025-04-29,420000,Reisekosten,462.99,S,V10011,Rechnung V10011 04/2025,HOFFMANN_S,BAUER_C
5100003269,1000,2025,2025-06-03,470000,Instandhaltung,298.61,S,V10015,Rechnung V10015 06/2025,FISCHER_L,BAUER_C
5100003270,1000,2025,2025-11-26,440000,IT-Dienstleistungen,133.01,S,V10025,Rechnung V10025 11/2025,HOFFMANN_S,MEYER_R
5100003271,1000,2025,2025-04-24,420000,Reisekosten,2780.32,S,V10030,Rechnung V10030 04/2025,SCHMIDT_A,MEYER_R
5100003272,1000,2025,2025-04-17,410000,Bürobedarf,292.37,S,V10038,Rechnung V10038 04/2025,WEBER_K,BAUER_C
5100003273,1000,2025,2025-02-26,460000,Werbekosten,370.94,S,V10029,Rechnung V10029 02/2025,FISCHER_L,BAUER_C
5100003274,1000,2025,2025-04-09,450000,Mietaufwand,269.48,S,V10012,Rechnung V10012 04/2025,KOCH_J,WAGNER_P
5100003275,1000,2025,2025-08-07,460000,Werbekosten,22.94,S,V10008,Rechnung V10008 08/2025,HOFFMANN_S,MEYER_R
5100003276,1000,2025,2025-11-19,430000,Beratungskosten,80.55,S,V10016,Rechnung V10016 11/2025,FISCHER_L,WAGNER_P
5100003277,1000,2025,2025-02-20,410000,Bürobedarf,2293.31,S,V10032,Rechnung V10032 02/2025,WEBER_K,WAGNER_P
5100003278,1000,2025,2025-09-08,420000,Reisekosten,16.85,S,V10040,Rechnung V10040 09/2025,KOCH_J,WAGNER_P
5100003279,1000,2025,2025-10-08,440000,IT-Dienstleistungen,144.59,S,V10016,Rechnung V10016 10/2025,BECKER_M,WAGNER_P
5100003280,1000,2025,2025-11-21,410000,Bürobedarf,259.94,S,V10008,Rechnung V10008 11/2025,SCHMIDT_A,BAUER_C
5100003281,1000,2025,2025-10-01,400000,Materialaufwand,8020.81,S,V10001,Rechnung V10001 10/2025,WEBER_K,WAGNER_P
5100003282,1000,2025,2025-02-26,460000,Werbekosten,1685.41,S,V10004,Rechnung V10004 02/2025,KOCH_J,BAUER_C
5100003283,1000,2025,2025-07-02,440000,IT-Dienstleistungen,202.05,S,V10026,Rechnung V10026 07/2025,KOCH_J,MEYER_R
5100003284,1000,2025,2025-12-12,430000,Beratungskosten,3972.78,S,V10024,Rechnung V10024 12/2025,KOCH_J,BAUER_C
5100003285,1000,2025,2025-11-27,440000,IT-Dienstleistungen,150.68,S,V10026,Rechnung V10026 11/2025,SCHMIDT_A,BAUER_C
5100003286,1000,2025,2025-08-14,450000,Mietaufwand,2476.4,S,V10001,Rechnung V10001 08/2025,HOFFMANN_S,WAGNER_P
5100003287,1000,2025,2025-12-16,400000,Materialaufwand,56.02,S,V10018,Rechnung V10018 12/2025,SCHMIDT_A,WAGNER_P
5100003288,1000,2025,2025-09-03,430000,Beratungskosten,2744.11,S,V10008,Rechnung V10008 09/2025,HOFFMANN_S,WAGNER_P
5100003289,1000,2025,2025-01-27,420000,Reisekosten,257.29,S,V10014,Rechnung V10014 01/2025,KOCH_J,WAGNER_P
5100003290,1000,2025,2025-11-28,400000,Materialaufwand,95.05,S,V10025,Rechnung V10025 11/2025,FISCHER_L,BAUER_C
5100003291,1000,2025,2025-03-04,400000,Materialaufwand,348.13,S,V10012,Rechnung V10012 03/2025,WEBER_K,MEYER_R
5100003292,1000,2025,2025-05-21,430000,Beratungskosten,767.97,S,V10027,Rechnung V10027 05/2025,HOFFMANN_S,WAGNER_P
5100003293,1000,2025,2025-03-27,440000,IT-Dienstleistungen,223.27,S,V10012,Rechnung V10012 03/2025,SCHMIDT_A,BAUER_C
5100003294,1000,2025,2025-09-19,440000,IT-Dienstleistungen,1195.51,S,V10021,Rechnung V10021 09/2025,BECKER_M,WAGNER_P
5100003295,1000,2025,2025-01-14,460000,Werbekosten,193.87,S,V10019,Rechnung V10019 01/2025,WEBER_K,WAGNER_P
5100003296,1000,2025,2025-08-25,430000,Beratungskosten,1329.55,S,V10016,Rechnung V10016 08/2025,FISCHER_L,WAGNER_P
5100003297,1000,2025,2025-11-12,440000,IT-Dienstleistungen,999.8,S,V10006,Rechnung V10006 11/2025,HOFFMANN_S,WAGNER_P
5100003298,1000,2025,2025-10-15,460000,Werbekosten,446.98,S,V10024,Rechnung V10024 10/2025,KOCH_J,WAGNER_P
5100003299,1000,2025,2025-04-23,450000,Mietaufwand,243.18,S,V10040,Rechnung V10040 04/2025,FISCHER_L,BAUER_C
5100003300,1000,2025,2025-11-24,470000,Instandhaltung,627.95,S,V10026,Rechnung V10026 11/2025,WEBER_K,BAUER_C
5100003301,1000,2025,2025-05-14,410000,Bürobedarf,1188.45,S,V10030,Rechnung V10030 05/2025,KOCH_J,BAUER_C
5100003302,1000,2025,2025-06-29,460000,Werbekosten,13344.75,S,V10033,Rechnung V10033 09/2025,FISCHER_L,WAGNER_P
5100003303,1000,2025,2025-07-08,450000,Mietaufwand,2215.14,S,V10002,Rechnung V10002 07/2025,WEBER_K,BAUER_C
5100003304,1000,2025,2025-01-27,440000,IT-Dienstleistungen,2348.62,S,V10032,Rechnung V10032 01/2025,KOCH_J,BAUER_C
5100003305,1000,2025,2025-01-02,400000,Materialaufwand,68983.29,S,V10010,Rechnung V10010 01/2025,KOCH_J,MEYER_R
5100003306,1000,2025,2025-03-07,440000,IT-Dienstleistungen,1124.99,S,V10027,Rechnung V10027 03/2025,WEBER_K,BAUER_C
5100003307,1000,2025,2025-12-05,460000,Werbekosten,1070.02,S,V10040,Rechnung V10040 12/2025,SCHMIDT_A,BAUER_C
5100003308,1000,2025,2025-12-12,450000,Mietaufwand,1519.94,S,V10036,Rechnung V10036 12/2025,SCHMIDT_A,WAGNER_P
5100003309,1000,2025,2025-06-02,400000,Materialaufwand,98.07,S,V10017,Rechnung V10017 06/2025,BECKER_M,BAUER_C
5100003310,1000,2025,2025-12-18,420000,Reisekosten,242.2,S,V10034,Rechnung V10034 12/2025,WEBER_K,MEYER_R
5100003311,1000,2025,2025-01-21,440000,IT-Dienstleistungen,219.23,S,V10025,Rechnung V10025 01/2025,BECKER_M,BAUER_C
5100003312,1000,2025,2025-12-17,460000,Werbekosten,1388.78,S,V10006,Rechnung V10006 12/2025,HOFFMANN_S,WAGNER_P
5100003313,1000,2025,2025-03-25,430000,Beratungskosten,372.9,S,V10010,Rechnung V10010 03/2025,SCHMIDT_A,BAUER_C
5100003314,1000,2025,2025-01-16,430000,Beratungskosten,4571.14,S,V10039,Rechnung V10039 01/2025,KOCH_J,WAGNER_P
5100003315,1000,2025,2025-10-06,460000,Werbekosten,2807.16,S,V10037,Rechnung V10037 10/2025,SCHMIDT_A,WAGNER_P
5100003316,1000,2025,2025-05-21,420000,Reisekosten,1960.67,S,V10036,Rechnung V10036 05/2025,SCHMIDT_A,WAGNER_P
5100003317,1000,2025,2025-04-16,410000,Bürobedarf,380.41,S,V10016,Rechnung V10016 04/2025,HOFFMANN_S,WAGNER_P
5100003318,1000,2025,2025-10-06,470000,Instandhaltung,168.68,S,V10013,Rechnung V10013 10/2025,BECKER_M,BAUER_C
5100003319,1000,2025,2025-05-05,440000,IT-Dienstleistungen,3030.37,S,V10033,Rechnung V10033 05/2025,KOCH_J,BAUER_C
5100003320,1000,2025,2025-10-02,460000,Werbekosten,1699.73,S,V10001,Rechnung V10001 10/2025,BECKER_M,MEYER_R
5100003321,1000,2025,2025-03-12,470000,Instandhaltung,37.71,S,V10036,Rechnung V10036 03/2025,FISCHER_L,WAGNER_P
5100003322,1000,2025,2025-02-03,430000,Beratungskosten,298.55,S,V10025,Rechnung V10025 02/2025,HOFFMANN_S,MEYER_R
5100003323,1000,2025,2025-04-30,400000,Materialaufwand,642.15,S,V10026,Rechnung V10026 04/2025,HOFFMANN_S,MEYER_R
5100003324,1000,2025,2025-08-13,470000,Instandhaltung,1713.22,S,V10018,Rechnung V10018 08/2025,HOFFMANN_S,BAUER_C
5100003325,1000,2025,2025-03-24,440000,IT-Dienstleistungen,2113.63,S,V10040,Rechnung V10040 03/2025,FISCHER_L,BAUER_C
5100003326,1000,2025,2025-02-21,400000,Materialaufwand,776.08,S,V10030,Rechnung V10030 02/2025,KOCH_J,BAUER_C
5100003327,1000,2025,2025-10-01,440000,IT-Dienstleistungen,1256.89,S,V10003,Rechnung V10003 10/2025,WEBER_K,WAGNER_P
5100003328,1000,2025,2025-07-03,400000,Materialaufwand,546.0,S,V10021,Rechnung V10021 07/2025,FISCHER_L,WAGNER_P
5100003329,1000,2025,2025-06-10,420000,Reisekosten,167.64,S,V10035,Rechnung V10035 06/2025,WEBER_K,BAUER_C
5100003330,1000,2025,2025-03-27,420000,Reisekosten,324.4,S,V10004,Rechnung V10004 03/2025,WEBER_K,MEYER_R
5100003331,1000,2025,2025-01-09,430000,Beratungskosten,507.95,S,V10030,Rechnung V10030 01/2025,WEBER_K,MEYER_R
5100003332,1000,2025,2025-01-22,440000,IT-Dienstleistungen,466.15,S,V10010,Rechnung V10010 01/2025,BECKER_M,WAGNER_P
5100003333,1000,2025,2025-09-08,460000,Werbekosten,24.12,S,V10021,Rechnung V10021 09/2025,HOFFMANN_S,WAGNER_P
5100003334,1000,2025,2025-01-31,420000,Reisekosten,260.87,S,V10036,Rechnung V10036 01/2025,FISCHER_L,WAGNER_P
5100003335,1000,2025,2025-03-31,450000,Mietaufwand,539.12,S,V10020,Rechnung V10020 03/2025,KOCH_J,MEYER_R
5100003336,1000,2025,2025-11-27,470000,Instandhaltung,314.13,S,V10002,Rechnung V10002 11/2025,FISCHER_L,WAGNER_P
5100003337,1000,2025,2025-05-07,450000,Mietaufwand,331.98,S,V10001,Rechnung V10001 05/2025,FISCHER_L,BAUER_C
5100003338,1000,2025,2025-09-30,420000,Reisekosten,1075.76,S,V10030,Rechnung V10030 09/2025,SCHMIDT_A,MEYER_R
5100003339,1000,2025,2025-05-07,450000,Mietaufwand,87.68,S,V10038,Rechnung V10038 05/2025,KOCH_J,WAGNER_P
5100003340,1000,2025,2025-12-04,420000,Reisekosten,36.42,S,V10012,Rechnung V10012 12/2025,SCHMIDT_A,MEYER_R
5100003341,1000,2025,2025-10-28,430000,Beratungskosten,282.29,S,V10038,Rechnung V10038 10/2025,SCHMIDT_A,MEYER_R
5100003342,1000,2025,2025-06-25,450000,Mietaufwand,1673.35,S,V10019,Rechnung V10019 06/2025,KOCH_J,WAGNER_P
5100003343,1000,2025,2025-09-09,420000,Reisekosten,7332.6,S,V10003,Rechnung V10003 09/2025,BECKER_M,WAGNER_P
5100003344,1000,2025,2025-06-03,400000,Materialaufwand,1722.28,S,V10022,Rechnung V10022 06/2025,SCHMIDT_A,WAGNER_P
5100003345,1000,2025,2025-12-10,460000,Werbekosten,47.03,S,V10039,Rechnung V10039 12/2025,FISCHER_L,MEYER_R
5100003346,1000,2025,2025-05-13,450000,Mietaufwand,339.75,S,V10011,Rechnung V10011 05/2025,BECKER_M,WAGNER_P
5100003347,1000,2025,2025-11-03,400000,Materialaufwand,742.94,S,V10039,Rechnung V10039 11/2025,SCHMIDT_A,MEYER_R
5100003348,1000,2025,2025-08-15,430000,Beratungskosten,654.68,S,V10027,Rechnung V10027 08/2025,HOFFMANN_S,WAGNER_P
5100003349,1000,2025,2025-08-25,420000,Reisekosten,1167.81,S,V10016,Rechnung V10016 08/2025,HOFFMANN_S,BAUER_C
5100003350,1000,2025,2025-05-09,470000,Instandhaltung,113.6,S,V10028,Rechnung V10028 05/2025,SCHMIDT_A,WAGNER_P
5100003351,1000,2025,2025-10-31,470000,Instandhaltung,546.7,S,V10017,Rechnung V10017 10/2025,BECKER_M,BAUER_C
5100003352,1000,2025,2025-09-30,450000,Mietaufwand,965.37,S,V10004,Rechnung V10004 09/2025,WEBER_K,WAGNER_P
5100003353,1000,2025,2025-10-24,430000,Beratungskosten,1846.55,S,V10035,Rechnung V10035 10/2025,HOFFMANN_S,BAUER_C
5100003354,1000,2025,2025-10-21,400000,Materialaufwand,10000.0,S,V10015,Rechnung V10015 10/2025,FISCHER_L,BAUER_C
5100003355,1000,2025,2025-02-27,410000,Bürobedarf,283.65,S,V10023,Rechnung V10023 02/2025,WEBER_K,BAUER_C
5100003356,1000,2025,2025-11-14,400000,Materialaufwand,6.51,S,V10030,Rechnung V10030 11/2025,BECKER_M,WAGNER_P
5100003357,1000,2025,2025-11-04,460000,Werbekosten,182.3,S,V10004,Rechnung V10004 11/2025,FISCHER_L,MEYER_R
5100003358,1000,2025,2025-03-28,400000,Materialaufwand,212.92,S,V10029,Rechnung V10029 03/2025,FISCHER_L,WAGNER_P
5100003359,1000,2025,2025-12-23,450000,Mietaufwand,96.42,S,V10015,Rechnung V10015 12/2025,KOCH_J,BAUER_C
5100003360,1000,2025,2025-07-15,470000,Instandhaltung,642.25,S,V10022,Rechnung V10022 07/2025,BECKER_M,WAGNER_P
5100003361,1000,2025,2025-04-29,420000,Reisekosten,450.56,S,V10019,Rechnung V10019 04/2025,FISCHER_L,BAUER_C
5100003362,1000,2025,2025-03-21,450000,Mietaufwand,13.27,S,V10032,Rechnung V10032 03/2025,WEBER_K,BAUER_C
5100003363,1000,2025,2025-05-15,470000,Instandhaltung,695.63,S,V10008,Rechnung V10008 05/2025,BECKER_M,BAUER_C
5100003364,1000,2025,2025-01-16,430000,Beratungskosten,111.57,S,V10005,Rechnung V10005 01/2025,SCHMIDT_A,WAGNER_P
5100003365,1000,2025,2025-09-10,430000,Beratungskosten,1071.81,S,V10017,Rechnung V10017 09/2025,KOCH_J,MEYER_R
5100003366,1000,2025,2025-09-16,410000,Bürobedarf,63.37,S,V10005,Rechnung V10005 09/2025,SCHMIDT_A,WAGNER_P
5100003367,1000,2025,2025-09-02,430000,Beratungskosten,516.98,S,V10010,Rechnung V10010 09/2025,HOFFMANN_S,WAGNER_P
5100003368,1000,2025,2025-07-23,460000,Werbekosten,313.23,S,V10027,Rechnung V10027 07/2025,FISCHER_L,BAUER_C
5100003369,1000,2025,2025-05-14,450000,Mietaufwand,800.28,S,V10033,Rechnung V10033 05/2025,HOFFMANN_S,MEYER_R
5100003370,1000,2025,2025-09-22,410000,Bürobedarf,601.55,S,V10028,Rechnung V10028 09/2025,FISCHER_L,MEYER_R
5100003371,1000,2025,2025-11-13,440000,IT-Dienstleistungen,327.58,S,V10013,Rechnung V10013 11/2025,SCHMIDT_A,MEYER_R
5100003372,1000,2025,2025-02-03,450000,Mietaufwand,42.18,S,V10033,Rechnung V10033 02/2025,KOCH_J,WAGNER_P
5100003373,1000,2025,2025-05-21,400000,Materialaufwand,46.36,S,V10017,Rechnung V10017 05/2025,HOFFMANN_S,MEYER_R
5100003374,1000,2025,2025-12-30,460000,Werbekosten,193.6,S,V10008,Rechnung V10008 12/2025,SCHMIDT_A,WAGNER_P
5100003375,1000,2025,2025-11-11,410000,Bürobedarf,486.26,S,V10031,Rechnung V10031 11/2025,SCHMIDT_A,MEYER_R
5100003376,1000,2025,2025-12-30,420000,Reisekosten,186.2,S,V10021,Rechnung V10021 12/2025,BECKER_M,BAUER_C
5100003377,1000,2025,2025-03-07,430000,Beratungskosten,1339.89,S,V10015,Rechnung V10015 03/2025,KOCH_J,WAGNER_P
5100003378,1000,2025,2025-06-24,440000,IT-Dienstleistungen,315.21,S,V10027,Rechnung V10027 06/2025,BECKER_M,BAUER_C
5100003379,1000,2025,2025-02-18,470000,Instandhaltung,105.21,S,V10029,Rechnung V10029 02/2025,SCHMIDT_A,WAGNER_P
5100003380,1000,2025,2025-11-12,410000,Bürobedarf,315.78,S,V10009,Rechnung V10009 11/2025,HOFFMANN_S,MEYER_R
5100003381,1000,2025,2025-07-11,420000,Reisekosten,707.24,S,V10005,Rechnung V10005 07/2025,FISCHER_L,MEYER_R
5100003382,1000,2025,2025-03-28,430000,Beratungskosten,828.66,S,V10021,Rechnung V10021 03/2025,BECKER_M,BAUER_C
5100003383,1000,2025,2025-02-04,460000,Werbekosten,9950.78,S,V10003,Rechnung V10003 02/2025,FISCHER_L,WAGNER_P
5100003384,1000,2025,2025-09-26,470000,Instandhaltung,168.97,S,V10026,Rechnung V10026 09/2025,SCHMIDT_A,BAUER_C
5100003385,1000,2025,2025-10-23,430000,Beratungskosten,438.09,S,V10018,Rechnung V10018 10/2025,SCHMIDT_A,BAUER_C
5100003386,1000,2025,2025-11-17,450000,Mietaufwand,974.38,S,V10009,Rechnung V10009 11/2025,BECKER_M,WAGNER_P
5100003387,1000,2025,2025-12-18,470000,Instandhaltung,474.62,S,V10024,Rechnung V10024 12/2025,BECKER_M,WAGNER_P
5100003388,1000,2025,2025-10-24,460000,Werbekosten,221.19,S,V10016,Rechnung V10016 10/2025,WEBER_K,MEYER_R
5100003389,1000,2025,2025-10-15,430000,Beratungskosten,4582.42,S,V10016,Rechnung V10016 10/2025,KOCH_J,MEYER_R
5100003390,1000,2025,2025-10-23,440000,IT-Dienstleistungen,217.6,S,V10009,Rechnung V10009 10/2025,HOFFMANN_S,MEYER_R
5100003391,1000,2025,2025-12-31,470000,Instandhaltung,88.42,S,V10028,Rechnung V10028 12/2025,SCHMIDT_A,MEYER_R
5100003392,1000,2025,2025-06-23,410000,Bürobedarf,31.11,S,V10037,Rechnung V10037 06/2025,WEBER_K,WAGNER_P
5100003393,1000,2025,2025-10-06,420000,Reisekosten,137.95,S,V10025,Rechnung V10025 10/2025,FISCHER_L,BAUER_C
5100003394,1000,2025,2025-10-27,450000,Mietaufwand,92.26,S,V10010,Rechnung V10010 10/2025,HOFFMANN_S,WAGNER_P
5100003395,1000,2025,2025-02-13,400000,Materialaufwand,1253.96,S,V10034,Rechnung V10034 02/2025,KOCH_J,WAGNER_P
5100003396,1000,2025,2025-09-10,440000,IT-Dienstleistungen,1289.16,S,V10005,Rechnung V10005 09/2025,BECKER_M,BAUER_C
5100003397,1000,2025,2025-05-06,460000,Werbekosten,116.02,S,V10012,Rechnung V10012 05/2025,KOCH_J,BAUER_C
5100003398,1000,2025,2025-02-19,410000,Bürobedarf,324.94,S,V10002,Rechnung V10002 02/2025,BECKER_M,MEYER_R
5100003399,1000,2025,2025-03-04,460000,Werbekosten,25.2,S,V10034,Rechnung V10034 03/2025,KOCH_J,MEYER_R
5100003400,1000,2025,2025-02-12,430000,Beratungskosten,223.42,S,V10002,Rechnung V10002 02/2025,WEBER_K,WAGNER_P
5100003401,1000,2025,2025-11-24,460000,Werbekosten,932.97,S,V10022,Rechnung V10022 11/2025,SCHMIDT_A,MEYER_R
5100003402,1000,2025,2025-10-09,450000,Mietaufwand,1844.38,S,V10008,Rechnung V10008 10/2025,HOFFMANN_S,MEYER_R
5100003403,1000,2025,2025-02-07,410000,Bürobedarf,157.45,S,V10009,Rechnung V10009 02/2025,KOCH_J,WAGNER_P
5100003404,1000,2025,2025-08-19,450000,Mietaufwand,2651.73,S,V10025,Rechnung V10025 08/2025,HOFFMANN_S,WAGNER_P
5100003405,1000,2025,2025-09-01,400000,Materialaufwand,43.59,S,V10033,Rechnung V10033 09/2025,FISCHER_L,MEYER_R
5100003406,1000,2025,2025-07-11,410000,Bürobedarf,66.94,S,V10001,Rechnung V10001 07/2025,FISCHER_L,MEYER_R
5100003407,1000,2025,2025-08-12,470000,Instandhaltung,1533.73,S,V10007,Rechnung V10007 08/2025,SCHMIDT_A,BAUER_C
5100003408,1000,2025,2025-11-26,470000,Instandhaltung,7142.33,S,V10012,Rechnung V10012 11/2025,FISCHER_L,WAGNER_P
5100003409,1000,2025,2025-07-11,400000,Materialaufwand,1085.17,S,V10038,Rechnung V10038 07/2025,HOFFMANN_S,WAGNER_P
5100003410,1000,2025,2025-08-29,430000,Beratungskosten,461.95,S,V10003,Rechnung V10003 08/2025,SCHMIDT_A,MEYER_R
5100003411,1000,2025,2025-07-30,400000,Materialaufwand,14.7,S,V10008,Rechnung V10008 07/2025,FISCHER_L,MEYER_R
5100003412,1000,2025,2025-05-27,420000,Reisekosten,19.38,S,V10017,Rechnung V10017 05/2025,WEBER_K,WAGNER_P
5100003413,1000,2025,2025-11-20,470000,Instandhaltung,606.11,S,V10014,Rechnung V10014 11/2025,FISCHER_L,MEYER_R
5100003414,1000,2025,2025-06-03,410000,Bürobedarf,277.86,S,V10002,Rechnung V10002 06/2025,HOFFMANN_S,MEYER_R
5100003415,1000,2025,2025-10-20,450000,Mietaufwand,83.99,S,V10022,Rechnung V10022 10/2025,KOCH_J,BAUER_C
5100003416,1000,2025,2025-08-12,460000,Werbekosten,547.22,S,V10025,Rechnung V10025 08/2025,FISCHER_L,BAUER_C
5100003417,1000,2025,2025-09-09,470000,Instandhaltung,592.42,S,V10008,Rechnung V10008 09/2025,HOFFMANN_S,WAGNER_P
5100003418,1000,2025,2025-10-07,420000,Reisekosten,2232.92,S,V10028,Rechnung V10028 10/2025,HOFFMANN_S,MEYER_R
5100003419,1000,2025,2025-09-25,450000,Mietaufwand,613.12,S,V10003,Rechnung V10003 09/2025,KOCH_J,MEYER_R
5100003420,1000,2025,2025-07-29,430000,Beratungskosten,3517.24,S,V10030,Rechnung V10030 07/2025,HOFFMANN_S,WAGNER_P
5100003421,1000,2025,2025-08-14,400000,Materialaufwand,499.09,S,V10011,Rechnung V10011 08/2025,BECKER_M,BAUER_C
5100003422,1000,2025,2025-07-09,410000,Bürobedarf,409.72,S,V10009,Rechnung V10009 07/2025,HOFFMANN_S,WAGNER_P
5100003423,1000,2025,2025-05-06,450000,Mietaufwand,2705.11,S,V10008,Rechnung V10008 05/2025,WEBER_K,WAGNER_P
5100003424,1000,2025,2025-09-23,450000,Mietaufwand,102.98,S,V10035,Rechnung V10035 09/2025,HOFFMANN_S,MEYER_R
5100003425,1000,2025,2025-11-17,440000,IT-Dienstleistungen,44494.28,S,V10021,Rechnung V10021 11/2025,HOFFMANN_S,MEYER_R
5100003426,1000,2025,2025-09-16,460000,Werbekosten,898.22,S,V10028,Rechnung V10028 09/2025,BECKER_M,MEYER_R
5100003427,1000,2025,2025-10-10,450000,Mietaufwand,906.26,S,V10009,Rechnung V10009 10/2025,SCHMIDT_A,WAGNER_P
5100003428,1000,2025,2025-10-30,420000,Reisekosten,1141.56,S,V10003,Rechnung V10003 10/2025,BECKER_M,MEYER_R
5100003429,1000,2025,2025-05-15,420000,Reisekosten,9931.02,S,V10002,Rechnung V10002 05/2025,HOFFMANN_S,MEYER_R
5100003430,1000,2025,2025-01-24,470000,Instandhaltung,1751.12,S,V10018,Rechnung V10018 01/2025,WEBER_K,WAGNER_P
5100003431,1000,2025,2025-05-06,470000,Instandhaltung,37.78,S,V10014,Rechnung V10014 05/2025,HOFFMANN_S,WAGNER_P
5100003432,1000,2025,2025-10-02,400000,Materialaufwand,4654.33,S,V10031,Rechnung V10031 10/2025,KOCH_J,BAUER_C
5100003433,1000,2025,2025-10-24,460000,Werbekosten,285.59,S,V10032,Rechnung V10032 10/2025,BECKER_M,WAGNER_P
5100003434,1000,2025,2025-07-10,410000,Bürobedarf,584.9,S,V10013,Rechnung V10013 07/2025,KOCH_J,MEYER_R
5100003435,1000,2025,2025-10-13,460000,Werbekosten,63.64,S,V10018,Rechnung V10018 10/2025,KOCH_J,BAUER_C
5100003436,1000,2025,2025-01-29,440000,IT-Dienstleistungen,1143.58,S,V10016,Rechnung V10016 01/2025,FISCHER_L,BAUER_C
5100003437,1000,2025,2025-08-26,450000,Mietaufwand,173.78,S,V10028,Rechnung V10028 08/2025,KOCH_J,BAUER_C
5100003438,1000,2025,2025-09-05,450000,Mietaufwand,578.4,S,V10026,Rechnung V10026 09/2025,KOCH_J,BAUER_C
5100003439,1000,2025,2025-07-08,440000,IT-Dienstleistungen,312.76,S,V10027,Rechnung V10027 07/2025,SCHMIDT_A,WAGNER_P
5100003440,1000,2025,2025-09-19,420000,Reisekosten,10721.65,S,V10003,Rechnung V10003 09/2025,KOCH_J,BAUER_C
5100003441,1000,2025,2025-07-02,460000,Werbekosten,11750.09,S,V10014,Rechnung V10014 07/2025,SCHMIDT_A,BAUER_C
5100003442,1000,2025,2025-07-14,440000,IT-Dienstleistungen,530.82,S,V10039,Rechnung V10039 07/2025,FISCHER_L,WAGNER_P
5100003443,1000,2025,2025-08-11,440000,IT-Dienstleistungen,545.86,S,V10014,Rechnung V10014 08/2025,KOCH_J,BAUER_C
5100003444,1000,2025,2025-10-17,420000,Reisekosten,271.1,S,V10007,Rechnung V10007 10/2025,HOFFMANN_S,BAUER_C
5100003445,1000,2025,2025-04-01,400000,Materialaufwand,2891.73,S,V10008,Rechnung V10008 04/2025,WEBER_K,BAUER_C
5100003446,1000,2025,2025-04-22,440000,IT-Dienstleistungen,291.12,S,V10002,Rechnung V10002 04/2025,BECKER_M,WAGNER_P
5100003447,1000,2025,2025-06-04,420000,Reisekosten,251.1,S,V10032,Rechnung V10032 06/2025,WEBER_K,WAGNER_P
5100003448,1000,2025,2025-03-14,450000,Mietaufwand,2358.42,S,V10001,Rechnung V10001 03/2025,WEBER_K,BAUER_C
5100003449,1000,2025,2025-05-05,420000,Reisekosten,208.25,S,V10024,Rechnung V10024 05/2025,KOCH_J,BAUER_C
5100003450,1000,2025,2025-05-09,470000,Instandhaltung,463.86,S,V10016,Rechnung V10016 05/2025,SCHMIDT_A,MEYER_R
5100003451,1000,2025,2025-04-25,430000,Beratungskosten,4736.85,S,V10004,Rechnung V10004 04/2025,KOCH_J,MEYER_R
5100003452,1000,2025,2025-06-02,430000,Beratungskosten,1520.36,S,V10036,Rechnung V10036 06/2025,FISCHER_L,BAUER_C
5100003453,1000,2025,2025-07-08,450000,Mietaufwand,10997.1,S,V10030,Rechnung V10030 07/2025,SCHMIDT_A,MEYER_R
5100003454,1000,2025,2025-09-11,450000,Mietaufwand,1562.37,S,V10033,Rechnung V10033 09/2025,HOFFMANN_S,BAUER_C
5100003455,1000,2025,2025-04-22,440000,IT-Dienstleistungen,5109.61,S,V10038,Rechnung V10038 04/2025,SCHMIDT_A,MEYER_R
5100003456,1000,2025,2025-11-05,440000,IT-Dienstleistungen,127.26,S,V10037,Rechnung V10037 11/2025,WEBER_K,BAUER_C
5100003457,1000,2025,2025-06-27,470000,Instandhaltung,719.19,S,V10029,Rechnung V10029 06/2025,WEBER_K,BAUER_C
5100003458,1000,2025,2025-09-22,420000,Reisekosten,108.96,S,V10022,Rechnung V10022 09/2025,HOFFMANN_S,MEYER_R
5100003459,1000,2025,2025-02-12,430000,Beratungskosten,342.26,S,V10028,Rechnung V10028 02/2025,FISCHER_L,MEYER_R
5100003460,1000,2025,2025-03-05,420000,Reisekosten,1695.17,S,V10018,Rechnung V10018 03/2025,BECKER_M,BAUER_C
5100003461,1000,2025,2025-06-18,440000,IT-Dienstleistungen,579.93,S,V10008,Rechnung V10008 06/2025,SCHMIDT_A,MEYER_R
5100003462,1000,2025,2025-05-15,470000,Instandhaltung,51.41,S,V10016,Rechnung V10016 05/2025,HOFFMANN_S,MEYER_R
5100003463,1000,2025,2025-07-04,440000,IT-Dienstleistungen,60.1,S,V10019,Rechnung V10019 07/2025,HOFFMANN_S,BAUER_C
5100003464,1000,2025,2025-02-27,410000,Bürobedarf,54.06,S,V10002,Rechnung V10002 02/2025,WEBER_K,BAUER_C
5100003465,1000,2025,2025-06-26,470000,Instandhaltung,1081.74,S,V10034,Rechnung V10034 06/2025,KOCH_J,MEYER_R
5100003466,1000,2025,2025-09-09,460000,Werbekosten,13389.57,S,V10037,Rechnung V10037 09/2025,FISCHER_L,WAGNER_P
5100003467,1000,2025,2025-09-24,430000,Beratungskosten,4358.72,S,V10017,Rechnung V10017 09/2025,HOFFMANN_S,WAGNER_P
5100003468,1000,2025,2025-04-01,410000,Bürobedarf,23.72,S,V10020,Rechnung V10020 04/2025,WEBER_K,WAGNER_P
5100003469,1000,2025,2025-05-08,430000,Beratungskosten,4787.3,S,V10034,Rechnung V10034 05/2025,KOCH_J,WAGNER_P
5100003470,1000,2025,2025-07-15,460000,Werbekosten,2204.47,S,V10019,Rechnung V10019 07/2025,WEBER_K,WAGNER_P
5100003471,1000,2025,2025-07-11,440000,IT-Dienstleistungen,41.58,S,V10028,Rechnung V10028 07/2025,BECKER_M,MEYER_R
5100003472,1000,2025,2025-10-16,410000,Bürobedarf,303.35,S,V10021,Rechnung V10021 10/2025,SCHMIDT_A,MEYER_R
5100003473,1000,2025,2025-05-23,410000,Bürobedarf,2843.63,S,V10011,Rechnung V10011 05/2025,SCHMIDT_A,BAUER_C
5100003474,1000,2025,2025-09-03,470000,Instandhaltung,1188.79,S,V10032,Rechnung V10032 09/2025,SCHMIDT_A,MEYER_R
5100003475,1000,2025,2025-11-18,430000,Beratungskosten,60.67,S,V10008,Rechnung V10008 11/2025,KOCH_J,BAUER_C
5100003476,1000,2025,2025-04-17,450000,Mietaufwand,1309.22,S,V10009,Rechnung V10009 04/2025,WEBER_K,MEYER_R
5100003477,1000,2025,2025-10-28,420000,Reisekosten,16.12,S,V10028,Rechnung V10028 10/2025,KOCH_J,BAUER_C
5100003478,1000,2025,2025-05-05,400000,Materialaufwand,344.98,S,V10029,Rechnung V10029 05/2025,BECKER_M,WAGNER_P
5100003479,1000,2025,2025-05-05,430000,Beratungskosten,3043.4,S,V10039,Rechnung V10039 05/2025,SCHMIDT_A,BAUER_C
5100003480,1000,2025,2025-08-28,450000,Mietaufwand,507.47,S,V10029,Rechnung V10029 08/2025,FISCHER_L,BAUER_C
5100003481,1000,2025,2025-08-18,420000,Reisekosten,221.78,S,V10001,Rechnung V10001 08/2025,FISCHER_L,WAGNER_P
5100003482,1000,2025,2025-07-23,440000,IT-Dienstleistungen,2044.59,S,V10034,Rechnung V10034 07/2025,WEBER_K,BAUER_C
5100003483,1000,2025,2025-03-25,430000,Beratungskosten,2343.97,S,V10017,Rechnung V10017 03/2025,BECKER_M,WAGNER_P
5100003484,1000,2025,2025-02-06,420000,Reisekosten,4008.06,S,V10001,Rechnung V10001 02/2025,KOCH_J,BAUER_C
5100003485,1000,2025,2025-11-27,420000,Reisekosten,1996.09,S,V10024,Rechnung V10024 11/2025,KOCH_J,BAUER_C
5100003486,1000,2025,2025-11-14,420000,Reisekosten,2779.98,S,V10007,Rechnung V10007 11/2025,BECKER_M,BAUER_C
5100003487,1000,2025,2025-11-19,420000,Reisekosten,1591.85,S,V10017,Rechnung V10017 11/2025,KOCH_J,BAUER_C
5100003488,1000,2025,2025-07-10,450000,Mietaufwand,753.59,S,V10019,Rechnung V10019 07/2025,KOCH_J,WAGNER_P
5100003489,1000,2025,2025-11-19,420000,Reisekosten,568.62,S,V10003,Rechnung V10003 11/2025,SCHMIDT_A,MEYER_R
5100003490,1000,2025,2025-06-26,450000,Mietaufwand,337.1,S,V10035,Rechnung V10035 06/2025,BECKER_M,WAGNER_P
5100003491,1000,2025,2025-01-29,420000,Reisekosten,70.82,S,V10021,Rechnung V10021 01/2025,HOFFMANN_S,MEYER_R
5100003492,1000,2025,2025-03-13,420000,Reisekosten,106.86,S,V10039,Rechnung V10039 03/2025,SCHMIDT_A,WAGNER_P
5100003493,1000,2025,2025-04-09,470000,Instandhaltung,313.81,S,V10019,Rechnung V10019 04/2025,BECKER_M,BAUER_C
5100003494,1000,2025,2025-05-20,470000,Instandhaltung,725.11,S,V10024,Rechnung V10024 05/2025,KOCH_J,MEYER_R
5100003495,1000,2025,2025-12-08,430000,Beratungskosten,4940.89,S,V10033,Rechnung V10033 12/2025,WEBER_K,BAUER_C
5100003496,1000,2025,2025-05-05,420000,Reisekosten,460.87,S,V10009,Rechnung V10009 05/2025,KOCH_J,WAGNER_P
5100003497,1000,2025,2025-08-14,450000,Mietaufwand,2454.21,S,V10037,Rechnung V10037 08/2025,KOCH_J,MEYER_R
5100003498,1000,2025,2025-04-08,400000,Materialaufwand,2770.84,S,V10008,Rechnung V10008 04/2025,BECKER_M,BAUER_C
5100003499,1000,2025,2025-08-25,430000,Beratungskosten,340.25,S,V10040,Rechnung V10040 08/2025,BECKER_M,MEYER_R
5100003500,1000,2025,2025-07-29,440000,IT-Dienstleistungen,1276.02,S,V10026,Rechnung V10026 07/2025,BECKER_M,WAGNER_P
5100003501,1000,2025,2025-02-25,450000,Mietaufwand,333.74,S,V10021,Rechnung V10021 02/2025,FISCHER_L,WAGNER_P
5100003502,1000,2025,2025-06-23,400000,Materialaufwand,4086.39,S,V10009,Rechnung V10009 06/2025,FISCHER_L,BAUER_C
5100003503,1000,2025,2025-02-10,400000,Materialaufwand,1362.87,S,V10023,Rechnung V10023 02/2025,BECKER_M,WAGNER_P
5100003504,1000,2025,2025-11-20,420000,Reisekosten,73.35,S,V10023,Rechnung V10023 11/2025,FISCHER_L,MEYER_R
5100003505,1000,2025,2025-09-16,400000,Materialaufwand,638.06,S,V10040,Rechnung V10040 09/2025,HOFFMANN_S,WAGNER_P
5100003506,1000,2025,2025-12-09,440000,IT-Dienstleistungen,6884.17,S,V10034,Rechnung V10034 12/2025,HOFFMANN_S,BAUER_C
5100003507,1000,2025,2025-11-14,470000,Instandhaltung,368.72,S,V10020,Rechnung V10020 11/2025,FISCHER_L,BAUER_C
5100003508,1000,2025,2025-03-20,420000,Reisekosten,1008.63,S,V10016,Rechnung V10016 03/2025,BECKER_M,MEYER_R
5100003509,1000,2025,2025-09-16,430000,Beratungskosten,1180.16,S,V10016,Rechnung V10016 09/2025,WEBER_K,WAGNER_P
5100003510,1000,2025,2025-02-07,410000,Bürobedarf,93.82,S,V10016,Rechnung V10016 02/2025,WEBER_K,BAUER_C
5100003511,1000,2025,2025-12-16,400000,Materialaufwand,1115.58,S,V10001,Rechnung V10001 12/2025,FISCHER_L,MEYER_R
5100003512,1000,2025,2025-10-15,450000,Mietaufwand,52.98,S,V10002,Rechnung V10002 10/2025,SCHMIDT_A,MEYER_R
5100003513,1000,2025,2025-09-08,420000,Reisekosten,181.09,S,V10031,Rechnung V10031 09/2025,KOCH_J,BAUER_C
5100003514,1000,2025,2025-12-30,440000,IT-Dienstleistungen,2754.96,S,V10011,Rechnung V10011 12/2025,SCHMIDT_A,WAGNER_P
5100003515,1000,2025,2025-11-05,450000,Mietaufwand,872.02,S,V10017,Rechnung V10017 11/2025,WEBER_K,WAGNER_P
5100003516,1000,2025,2025-11-11,460000,Werbekosten,302.73,S,V10028,Rechnung V10028 11/2025,WEBER_K,WAGNER_P
5100003517,1000,2025,2025-02-07,410000,Bürobedarf,1006.6,S,V10025,Rechnung V10025 02/2025,WEBER_K,WAGNER_P
5100003518,1000,2025,2025-01-10,440000,IT-Dienstleistungen,447.58,S,V10015,Rechnung V10015 01/2025,FISCHER_L,MEYER_R
5100003519,1000,2025,2025-12-16,430000,Beratungskosten,4883.89,S,V10031,Rechnung V10031 12/2025,KOCH_J,BAUER_C
5100003520,1000,2025,2025-04-01,430000,Beratungskosten,1409.39,S,V10007,Rechnung V10007 04/2025,KOCH_J,WAGNER_P
5100003521,1000,2025,2025-06-06,400000,Materialaufwand,153.89,S,V10019,Rechnung V10019 06/2025,WEBER_K,WAGNER_P
5100003522,1000,2025,2025-01-17,420000,Reisekosten,525.6,S,V10005,Rechnung V10005 01/2025,WEBER_K,MEYER_R
5100003523,1000,2025,2025-08-18,460000,Werbekosten,298.98,S,V10022,Rechnung V10022 08/2025,FISCHER_L,MEYER_R
5100003524,1000,2025,2025-10-28,460000,Werbekosten,38.98,S,V10004,Rechnung V10004 10/2025,WEBER_K,WAGNER_P
5100003525,1000,2025,2025-11-04,420000,Reisekosten,112.99,S,V10038,Rechnung V10038 11/2025,HOFFMANN_S,MEYER_R
5100003526,1000,2025,2025-08-04,410000,Bürobedarf,6057.97,S,V10027,Rechnung V10027 08/2025,WEBER_K,BAUER_C
5100003527,1000,2025,2025-09-01,420000,Reisekosten,911.92,S,V10010,Rechnung V10010 09/2025,FISCHER_L,BAUER_C
5100003528,1000,2025,2025-07-10,410000,Bürobedarf,59.28,S,V10025,Rechnung V10025 07/2025,BECKER_M,MEYER_R
5100003529,1000,2025,2025-06-16,450000,Mietaufwand,41.91,S,V10014,Rechnung V10014 06/2025,FISCHER_L,MEYER_R
5100003530,1000,2025,2025-07-24,460000,Werbekosten,411.8,S,V10021,Rechnung V10021 07/2025,BECKER_M,WAGNER_P
5100003531,1000,2025,2025-12-05,400000,Materialaufwand,5990.31,S,V10007,Rechnung V10007 12/2025,HOFFMANN_S,MEYER_R
5100003532,1000,2025,2025-04-02,450000,Mietaufwand,365.47,S,V10021,Rechnung V10021 04/2025,BECKER_M,BAUER_C
5100003533,1000,2025,2025-06-25,460000,Werbekosten,3988.61,S,V10005,Rechnung V10005 06/2025,FISCHER_L,MEYER_R
5100003534,1000,2025,2025-08-11,440000,IT-Dienstleistungen,865.31,S,V10007,Rechnung V10007 08/2025,KOCH_J,WAGNER_P
5100003535,1000,2025,2025-07-30,460000,Werbekosten,1047.33,S,V10024,Rechnung V10024 07/2025,KOCH_J,MEYER_R
5100003536,1000,2025,2025-01-14,400000,Materialaufwand,58.14,S,V10021,Rechnung V10021 01/2025,KOCH_J,BAUER_C
5100003537,1000,2025,2025-04-14,450000,Mietaufwand,2208.43,S,V10012,Rechnung V10012 04/2025,SCHMIDT_A,MEYER_R
5100003538,1000,2025,2025-08-26,410000,Bürobedarf,288.33,S,V10003,Rechnung V10003 08/2025,KOCH_J,WAGNER_P
5100003539,1000,2025,2025-09-11,470000,Instandhaltung,1960.49,S,V10017,Rechnung V10017 09/2025,KOCH_J,BAUER_C
5100003540,1000,2025,2025-09-25,430000,Beratungskosten,133.93,S,V10038,Rechnung V10038 09/2025,HOFFMANN_S,WAGNER_P
5100003541,1000,2025,2025-12-29,400000,Materialaufwand,654.11,S,V10029,Rechnung V10029 12/2025,HOFFMANN_S,MEYER_R
5100003542,1000,2025,2025-09-04,450000,Mietaufwand,865.41,S,V10003,Rechnung V10003 09/2025,FISCHER_L,MEYER_R
5100003543,1000,2025,2025-08-01,450000,Mietaufwand,385.12,S,V10038,Rechnung V10038 08/2025,HOFFMANN_S,WAGNER_P
5100003544,1000,2025,2025-05-05,430000,Beratungskosten,941.31,S,V10017,Rechnung V10017 05/2025,BECKER_M,MEYER_R
5100003545,1000,2025,2025-05-16,420000,Reisekosten,321.75,S,V10024,Rechnung V10024 05/2025,HOFFMANN_S,WAGNER_P
5100003546,1000,2025,2025-10-29,400000,Materialaufwand,174.43,S,V10001,Rechnung V10001 10/2025,FISCHER_L,WAGNER_P
5100003547,1000,2025,2025-06-25,470000,Instandhaltung,6430.28,S,V10013,Rechnung V10013 06/2025,HOFFMANN_S,WAGNER_P
5100003548,1000,2025,2025-09-18,410000,Bürobedarf,2639.45,S,V10032,Rechnung V10032 09/2025,HOFFMANN_S,BAUER_C
5100003549,1000,2025,2025-02-17,460000,Werbekosten,145.86,S,V10014,Rechnung V10014 02/2025,KOCH_J,BAUER_C
5100003550,1000,2025,2025-02-18,440000,IT-Dienstleistungen,1223.55,S,V10007,Rechnung V10007 02/2025,WEBER_K,MEYER_R
5100003551,1000,2025,2025-03-19,450000,Mietaufwand,150.16,S,V10004,Rechnung V10004 03/2025,KOCH_J,BAUER_C
5100003552,1000,2025,2025-03-12,450000,Mietaufwand,74.03,S,V10037,Rechnung V10037 03/2025,WEBER_K,BAUER_C
5100003553,1000,2025,2025-08-12,460000,Werbekosten,2576.26,S,V10033,Rechnung V10033 08/2025,KOCH_J,MEYER_R
5100003554,1000,2025,2025-08-22,400000,Materialaufwand,32.25,S,V10002,Rechnung V10002 08/2025,SCHMIDT_A,WAGNER_P
5100003555,1000,2025,2025-07-25,470000,Instandhaltung,2171.06,S,V10038,Rechnung V10038 07/2025,WEBER_K,WAGNER_P
5100003556,1000,2025,2025-04-15,400000,Materialaufwand,328.86,S,V10033,Rechnung V10033 04/2025,BECKER_M,WAGNER_P
5100003557,1000,2025,2025-08-01,470000,Instandhaltung,351.26,S,V10015,Rechnung V10015 08/2025,BECKER_M,WAGNER_P
5100003558,1000,2025,2025-02-13,420000,Reisekosten,949.18,S,V10027,Rechnung V10027 02/2025,HOFFMANN_S,BAUER_C
5100003559,1000,2025,2025-06-26,460000,Werbekosten,1248.77,S,V10011,Rechnung V10011 06/2025,FISCHER_L,WAGNER_P
5100003560,1000,2025,2025-02-26,400000,Materialaufwand,131.35,S,V10010,Rechnung V10010 02/2025,SCHMIDT_A,BAUER_C
5100003561,1000,2025,2025-01-30,430000,Beratungskosten,1553.65,S,V10029,Rechnung V10029 01/2025,BECKER_M,WAGNER_P
5100003562,1000,2025,2025-03-03,440000,IT-Dienstleistungen,590.75,S,V10009,Rechnung V10009 03/2025,BECKER_M,WAGNER_P
5100003563,1000,2025,2025-02-11,470000,Instandhaltung,66.04,S,V10015,Rechnung V10015 02/2025,BECKER_M,MEYER_R
5100003564,1000,2025,2025-06-27,400000,Materialaufwand,375.48,S,V10015,Rechnung V10015 06/2025,FISCHER_L,MEYER_R
5100003565,1000,2025,2025-07-22,400000,Materialaufwand,4491.97,S,V10007,Rechnung V10007 07/2025,KOCH_J,WAGNER_P
5100003566,1000,2025,2025-08-12,450000,Mietaufwand,7205.15,S,V10034,Rechnung V10034 08/2025,HOFFMANN_S,MEYER_R
5100003567,1000,2025,2025-06-12,400000,Materialaufwand,1552.71,S,V10027,Rechnung V10027 06/2025,WEBER_K,BAUER_C
5100003568,1000,2025,2025-03-06,460000,Werbekosten,73.37,S,V10035,Rechnung V10035 03/2025,SCHMIDT_A,MEYER_R
5100003569,1000,2025,2025-01-10,400000,Materialaufwand,1080.28,S,V10021,Rechnung V10021 01/2025,WEBER_K,MEYER_R
5100003570,1000,2025,2025-09-18,470000,Instandhaltung,1922.49,S,V10008,Rechnung V10008 09/2025,SCHMIDT_A,BAUER_C
5100003571,1000,2025,2025-12-23,440000,IT-Dienstleistungen,1573.62,S,V10012,Rechnung V10012 12/2025,HOFFMANN_S,MEYER_R
5100003572,1000,2025,2025-04-11,470000,Instandhaltung,1730.09,S,V10015,Rechnung V10015 04/2025,BECKER_M,MEYER_R
5100003573,1000,2025,2025-03-17,410000,Bürobedarf,881.14,S,V10038,Rechnung V10038 03/2025,FISCHER_L,MEYER_R
5100003574,1000,2025,2025-04-24,420000,Reisekosten,438.84,S,V10010,Rechnung V10010 04/2025,BECKER_M,BAUER_C
5100003575,1000,2025,2025-03-19,430000,Beratungskosten,186.16,S,V10028,Rechnung V10028 03/2025,HOFFMANN_S,BAUER_C
5100003576,1000,2025,2025-03-21,400000,Materialaufwand,23.65,S,V10005,Rechnung V10005 03/2025,HOFFMANN_S,MEYER_R
5100003577,1000,2025,2025-07-03,400000,Materialaufwand,848.46,S,V10039,Rechnung V10039 07/2025,FISCHER_L,WAGNER_P
5100003578,1000,2025,2025-10-15,420000,Reisekosten,663.6,S,V10026,Rechnung V10026 10/2025,BECKER_M,WAGNER_P
5100003579,1000,2025,2025-09-18,450000,Mietaufwand,1202.46,S,V10018,Rechnung V10018 09/2025,BECKER_M,BAUER_C
5100003580,1000,2025,2025-12-15,450000,Mietaufwand,57.97,S,V10014,Rechnung V10014 12/2025,KOCH_J,WAGNER_P
5100003581,1000,2025,2025-05-13,400000,Materialaufwand,1383.02,S,V10015,Rechnung V10015 05/2025,HOFFMANN_S,WAGNER_P
5100003582,1000,2025,2025-07-03,400000,Materialaufwand,13190.76,S,V10010,Rechnung V10010 07/2025,WEBER_K,WAGNER_P
5100003583,1000,2025,2025-05-21,450000,Mietaufwand,558.65,S,V10024,Rechnung V10024 05/2025,KOCH_J,MEYER_R
5100003584,1000,2025,2025-01-17,420000,Reisekosten,446.45,S,V10035,Rechnung V10035 01/2025,FISCHER_L,WAGNER_P
5100003585,1000,2025,2025-05-23,460000,Werbekosten,807.87,S,V10010,Rechnung V10010 05/2025,HOFFMANN_S,WAGNER_P
5100003586,1000,2025,2025-04-04,420000,Reisekosten,12730.29,S,V10030,Rechnung V10030 04/2025,KOCH_J,BAUER_C
5100003587,1000,2025,2025-06-27,420000,Reisekosten,95.79,S,V10023,Rechnung V10023 06/2025,HOFFMANN_S,WAGNER_P
5100003588,1000,2025,2025-02-27,410000,Bürobedarf,682.07,S,V10031,Rechnung V10031 02/2025,SCHMIDT_A,BAUER_C
5100003589,1000,2025,2025-09-29,420000,Reisekosten,137.08,S,V10031,Rechnung V10031 09/2025,WEBER_K,WAGNER_P
5100003590,1000,2025,2025-11-04,450000,Mietaufwand,205.37,S,V10002,Rechnung V10002 11/2025,HOFFMANN_S,BAUER_C
5100003591,1000,2025,2025-12-16,430000,Beratungskosten,455.16,S,V10001,Rechnung V10001 12/2025,SCHMIDT_A,BAUER_C
5100003592,1000,2025,2025-02-03,450000,Mietaufwand,4254.43,S,V10037,Rechnung V10037 02/2025,SCHMIDT_A,MEYER_R
5100003593,1000,2025,2025-02-13,400000,Materialaufwand,8791.89,S,V10007,Rechnung V10007 02/2025,WEBER_K,WAGNER_P
5100003594,1000,2025,2025-12-17,440000,IT-Dienstleistungen,1009.32,S,V10023,Rechnung V10023 12/2025,FISCHER_L,BAUER_C
5100003595,1000,2025,2025-11-06,430000,Beratungskosten,269.74,S,V10031,Rechnung V10031 11/2025,SCHMIDT_A,WAGNER_P
5100003596,1000,2025,2025-08-06,470000,Instandhaltung,26592.44,S,V10021,Rechnung V10021 08/2025,SCHMIDT_A,BAUER_C
5100003597,1000,2025,2025-04-29,430000,Beratungskosten,50000.0,S,V10001,Rechnung V10001 04/2025,FISCHER_L,WAGNER_P
5100003598,1000,2025,2025-07-11,400000,Materialaufwand,197.59,S,V10001,Rechnung V10001 07/2025,BECKER_M,BAUER_C
5100003599,1000,2025,2025-07-17,450000,Mietaufwand,28.79,S,V10027,Rechnung V10027 07/2025,BECKER_M,WAGNER_P
5100003600,1000,2025,2025-11-05,410000,Bürobedarf,4599.7,S,V10036,Rechnung V10036 11/2025,HOFFMANN_S,WAGNER_P
5100003601,1000,2025,2025-07-16,470000,Instandhaltung,2319.7,S,V10014,Rechnung V10014 07/2025,KOCH_J,MEYER_R
5100003602,1000,2025,2025-01-13,430000,Beratungskosten,23587.89,S,V10022,Rechnung V10022 01/2025,SCHMIDT_A,MEYER_R
5100003603,1000,2025,2025-09-12,460000,Werbekosten,53.34,S,V10038,Rechnung V10038 09/2025,HOFFMANN_S,MEYER_R
5100003604,1000,2025,2025-10-13,450000,Mietaufwand,5080.03,S,V10034,Rechnung V10034 10/2025,SCHMIDT_A,BAUER_C
5100003605,1000,2025,2025-04-17,430000,Beratungskosten,551.27,S,V10022,Rechnung V10022 04/2025,FISCHER_L,WAGNER_P
5100003606,1000,2025,2025-02-13,440000,IT-Dienstleistungen,1789.62,S,V10027,Rechnung V10027 02/2025,FISCHER_L,WAGNER_P
5100003607,1000,2025,2025-02-21,410000,Bürobedarf,35.29,S,V10039,Rechnung V10039 02/2025,HOFFMANN_S,WAGNER_P
5100003608,1000,2025,2025-11-04,430000,Beratungskosten,4586.64,S,V10032,Rechnung V10032 11/2025,KOCH_J,WAGNER_P
5100003609,1000,2025,2025-06-16,460000,Werbekosten,1734.42,S,V10017,Rechnung V10017 06/2025,KOCH_J,BAUER_C
5100003610,1000,2025,2025-07-16,470000,Instandhaltung,463.01,S,V10028,Rechnung V10028 07/2025,FISCHER_L,WAGNER_P
5100003611,1000,2025,2025-12-16,460000,Werbekosten,1383.24,S,V10014,Rechnung V10014 12/2025,HOFFMANN_S,WAGNER_P
5100003612,1000,2025,2025-01-24,420000,Reisekosten,144.78,S,V10037,Rechnung V10037 01/2025,KOCH_J,WAGNER_P
5100003613,1000,2025,2025-03-17,420000,Reisekosten,194.98,S,V10004,Rechnung V10004 03/2025,BECKER_M,WAGNER_P
5100003614,1000,2025,2025-10-31,420000,Reisekosten,234.74,S,V10010,Rechnung V10010 10/2025,SCHMIDT_A,WAGNER_P
5100003615,1000,2025,2025-07-21,450000,Mietaufwand,25.42,S,V10014,Rechnung V10014 07/2025,HOFFMANN_S,MEYER_R
5100003616,1000,2025,2025-01-13,440000,IT-Dienstleistungen,1956.31,S,V10009,Rechnung V10009 01/2025,FISCHER_L,BAUER_C
5100003617,1000,2025,2025-09-15,460000,Werbekosten,3316.12,S,V10024,Rechnung V10024 09/2025,FISCHER_L,WAGNER_P
5100003618,1000,2025,2025-02-20,470000,Instandhaltung,160.43,S,V10029,Rechnung V10029 02/2025,FISCHER_L,WAGNER_P
5100003619,1000,2025,2025-10-14,430000,Beratungskosten,860.17,S,V10036,Rechnung V10036 10/2025,WEBER_K,WAGNER_P
5100003620,1000,2025,2025-10-20,450000,Mietaufwand,322.19,S,V10021,Rechnung V10021 10/2025,WEBER_K,WAGNER_P
5100003621,1000,2025,2025-10-29,440000,IT-Dienstleistungen,833.17,S,V10025,Rechnung V10025 10/2025,KOCH_J,BAUER_C
5100003622,1000,2025,2025-06-24,470000,Instandhaltung,180.53,S,V10024,Rechnung V10024 06/2025,WEBER_K,MEYER_R
5100003623,1000,2025,2025-04-07,420000,Reisekosten,119.88,S,V10001,Rechnung V10001 04/2025,FISCHER_L,MEYER_R
5100003624,1000,2025,2025-11-18,410000,Bürobedarf,2652.66,S,V10029,Rechnung V10029 11/2025,HOFFMANN_S,BAUER_C
5100003625,1000,2025,2025-07-25,430000,Beratungskosten,444.88,S,V10001,Rechnung V10001 07/2025,WEBER_K,BAUER_C
5100003626,1000,2025,2025-08-21,440000,IT-Dienstleistungen,12523.65,S,V10022,Rechnung V10022 08/2025,BECKER_M,WAGNER_P
5100003627,1000,2025,2025-02-20,470000,Instandhaltung,530.65,S,V10040,Rechnung V10040 02/2025,KOCH_J,WAGNER_P
5100003628,1000,2025,2025-08-18,460000,Werbekosten,111.97,S,V10032,Rechnung V10032 08/2025,HOFFMANN_S,WAGNER_P
5100003629,1000,2025,2025-08-04,400000,Materialaufwand,3509.07,S,V10021,Rechnung V10021 08/2025,SCHMIDT_A,BAUER_C
5100003630,1000,2025,2025-04-16,440000,IT-Dienstleistungen,1351.92,S,V10013,Rechnung V10013 04/2025,FISCHER_L,WAGNER_P
5100003631,1000,2025,2025-10-08,410000,Bürobedarf,1576.55,S,V10034,Rechnung V10034 10/2025,SCHMIDT_A,BAUER_C
5100003632,1000,2025,2025-02-19,420000,Reisekosten,3310.85,S,V10035,Rechnung V10035 02/2025,BECKER_M,WAGNER_P
5100003633,1000,2025,2025-09-19,470000,Instandhaltung,173.39,S,V10015,Rechnung V10015 09/2025,WEBER_K,WAGNER_P
5100003634,1000,2025,2025-12-16,470000,Instandhaltung,401.98,S,V10005,Rechnung V10005 12/2025,KOCH_J,BAUER_C
5100003635,1000,2025,2025-07-29,410000,Bürobedarf,374.53,S,V10024,Rechnung V10024 07/2025,WEBER_K,WAGNER_P
5100003636,1000,2025,2025-02-10,410000,Bürobedarf,62.48,S,V10026,Rechnung V10026 02/2025,KOCH_J,MEYER_R
5100003637,1000,2025,2025-07-24,450000,Mietaufwand,323.19,S,V10038,Rechnung V10038 07/2025,FISCHER_L,MEYER_R
5100003638,1000,2025,2025-07-16,430000,Beratungskosten,4180.59,S,V10036,Rechnung V10036 07/2025,KOCH_J,BAUER_C
5100003639,1000,2025,2025-07-24,430000,Beratungskosten,720.35,S,V10010,Rechnung V10010 07/2025,WEBER_K,WAGNER_P
5100003640,1000,2025,2025-04-09,460000,Werbekosten,57.19,S,V10011,Rechnung V10011 04/2025,WEBER_K,MEYER_R
5100003641,1000,2025,2025-08-19,470000,Instandhaltung,40.88,S,V10040,Rechnung V10040 08/2025,FISCHER_L,BAUER_C
5100003642,1000,2025,2025-04-07,470000,Instandhaltung,7070.18,S,V10014,Rechnung V10014 04/2025,KOCH_J,BAUER_C
5100003643,1000,2025,2025-07-25,460000,Werbekosten,426.45,S,V10019,Rechnung V10019 07/2025,HOFFMANN_S,WAGNER_P
5100003644,1000,2025,2025-08-07,470000,Instandhaltung,174.89,S,V10013,Rechnung V10013 08/2025,HOFFMANN_S,WAGNER_P
5100003645,1000,2025,2025-08-26,450000,Mietaufwand,317.86,S,V10016,Rechnung V10016 08/2025,BECKER_M,BAUER_C
5100003646,1000,2025,2025-10-20,470000,Instandhaltung,46.35,S,V10023,Rechnung V10023 10/2025,HOFFMANN_S,MEYER_R
5100003647,1000,2025,2025-11-18,440000,IT-Dienstleistungen,4802.79,S,V10012,Rechnung V10012 11/2025,BECKER_M,MEYER_R
5100003648,1000,2025,2025-10-13,400000,Materialaufwand,262.73,S,V10017,Rechnung V10017 10/2025,HOFFMANN_S,WAGNER_P
5100003649,1000,2025,2025-10-17,460000,Werbekosten,4393.33,S,V10015,Rechnung V10015 10/2025,KOCH_J,WAGNER_P
5100003650,1000,2025,2025-11-13,470000,Instandhaltung,535.2,S,V10005,Rechnung V10005 11/2025,KOCH_J,MEYER_R
5100003651,1000,2025,2025-03-28,420000,Reisekosten,4852.51,S,V10032,Rechnung V10032 03/2025,BECKER_M,MEYER_R
5100003652,1000,2025,2025-04-16,430000,Beratungskosten,743.01,S,V10036,Rechnung V10036 04/2025,FISCHER_L,BAUER_C
5100003653,1000,2025,2025-07-17,440000,IT-Dienstleistungen,1929.8,S,V10020,Rechnung V10020 07/2025,BECKER_M,WAGNER_P
5100003654,1000,2025,2025-06-24,450000,Mietaufwand,1557.05,S,V10009,Rechnung V10009 06/2025,HOFFMANN_S,BAUER_C
5100003655,1000,2025,2025-09-15,450000,Mietaufwand,1335.77,S,V10026,Rechnung V10026 09/2025,KOCH_J,WAGNER_P
5100003656,1000,2025,2025-01-07,430000,Beratungskosten,859.8,S,V10022,Rechnung V10022 01/2025,HOFFMANN_S,WAGNER_P
5100003657,1000,2025,2025-02-20,460000,Werbekosten,339.49,S,V10023,Rechnung V10023 02/2025,KOCH_J,WAGNER_P
5100003658,1000,2025,2025-09-30,460000,Werbekosten,10558.6,S,V10024,Rechnung V10024 09/2025,HOFFMANN_S,WAGNER_P
5100003659,1000,2025,2025-10-28,470000,Instandhaltung,115.46,S,V10029,Rechnung V10029 10/2025,KOCH_J,BAUER_C
5100003660,1000,2025,2025-04-22,440000,IT-Dienstleistungen,496.16,S,V10002,Rechnung V10002 04/2025,HOFFMANN_S,BAUER_C
5100003661,1000,2025,2025-04-24,400000,Materialaufwand,504.63,S,V10004,Rechnung V10004 04/2025,KOCH_J,BAUER_C
5100003662,1000,2025,2025-07-28,460000,Werbekosten,938.15,S,V10004,Rechnung V10004 07/2025,WEBER_K,BAUER_C
5100003663,1000,2025,2025-06-27,400000,Materialaufwand,247.85,S,V10007,Rechnung V10007 06/2025,KOCH_J,MEYER_R
5100003664,1000,2025,2025-03-04,410000,Bürobedarf,815.33,S,V10039,Rechnung V10039 03/2025,FISCHER_L,WAGNER_P
5100003665,1000,2025,2025-07-07,420000,Reisekosten,376.1,S,V10030,Rechnung V10030 07/2025,HOFFMANN_S,BAUER_C
5100003666,1000,2025,2025-10-27,410000,Bürobedarf,39.21,S,V10027,Rechnung V10027 10/2025,FISCHER_L,WAGNER_P
5100003667,1000,2025,2025-09-24,450000,Mietaufwand,500.34,S,V10028,Rechnung V10028 09/2025,FISCHER_L,WAGNER_P
5100003668,1000,2025,2025-10-27,430000,Beratungskosten,84.7,S,V10002,Rechnung V10002 10/2025,HOFFMANN_S,MEYER_R
5100003669,1000,2025,2025-08-25,410000,Bürobedarf,30.72,S,V10009,Rechnung V10009 08/2025,BECKER_M,MEYER_R
5100003670,1000,2025,2025-11-17,400000,Materialaufwand,613.39,S,V10032,Rechnung V10032 11/2025,HOFFMANN_S,BAUER_C
5100003671,1000,2025,2025-04-01,410000,Bürobedarf,1075.58,S,V10019,Rechnung V10019 04/2025,SCHMIDT_A,MEYER_R
5100003672,1000,2025,2025-01-20,450000,Mietaufwand,1144.49,S,V10021,Rechnung V10021 01/2025,KOCH_J,WAGNER_P
5100003673,1000,2025,2025-02-12,460000,Werbekosten,1221.06,S,V10031,Rechnung V10031 02/2025,FISCHER_L,WAGNER_P
5100003674,1000,2025,2025-12-30,420000,Reisekosten,22.37,S,V10004,Rechnung V10004 12/2025,HOFFMANN_S,BAUER_C
5100003675,1000,2025,2025-08-25,400000,Materialaufwand,55.83,S,V10032,Rechnung V10032 08/2025,WEBER_K,BAUER_C
5100003676,1000,2025,2025-03-31,440000,IT-Dienstleistungen,11586.94,S,V10028,Rechnung V10028 03/2025,BECKER_M,WAGNER_P
5100003677,1000,2025,2025-11-07,460000,Werbekosten,92.25,S,V10017,Rechnung V10017 11/2025,BECKER_M,MEYER_R
5100003678,1000,2025,2025-04-24,400000,Materialaufwand,1309.43,S,V10020,Rechnung V10020 04/2025,SCHMIDT_A,SCHMIDT_A
5100003679,1000,2025,2025-08-08,460000,Werbekosten,164.17,S,V10003,Rechnung V10003 08/2025,FISCHER_L,BAUER_C
5100003680,1000,2025,2025-04-01,410000,Bürobedarf,559.74,S,V10009,Rechnung V10009 04/2025,BECKER_M,WAGNER_P
5100003681,1000,2025,2025-02-05,420000,Reisekosten,178.89,S,V10010,Rechnung V10010 02/2025,KOCH_J,WAGNER_P
5100003682,1000,2025,2025-04-07,440000,IT-Dienstleistungen,1210.11,S,V10036,Rechnung V10036 04/2025,KOCH_J,BAUER_C
5100003683,1000,2025,2025-03-25,400000,Materialaufwand,50000.0,S,V10005,Rechnung V10005 03/2025,FISCHER_L,WAGNER_P
5100003684,1000,2025,2025-07-24,420000,Reisekosten,240.5,S,V10012,Rechnung V10012 07/2025,BECKER_M,WAGNER_P
5100003685,1000,2025,2025-01-10,410000,Bürobedarf,91.81,S,V10006,Rechnung V10006 01/2025,WEBER_K,WAGNER_P
5100003686,1000,2025,2025-03-27,410000,Bürobedarf,756.3,S,V10012,Rechnung V10012 03/2025,KOCH_J,BAUER_C
5100003687,1000,2025,2025-07-29,460000,Werbekosten,70.79,S,V10001,Rechnung V10001 07/2025,KOCH_J,WAGNER_P
5100003688,1000,2025,2025-05-26,410000,Bürobedarf,976.5,S,V10011,Rechnung V10011 05/2025,KOCH_J,MEYER_R
5100003689,1000,2025,2025-08-21,400000,Materialaufwand,32937.79,S,V10029,Rechnung V10029 08/2025,FISCHER_L,WAGNER_P
5100003690,1000,2025,2025-08-28,410000,Bürobedarf,4273.86,S,V10031,Rechnung V10031 08/2025,FISCHER_L,BAUER_C
5100003691,1000,2025,2025-12-17,400000,Materialaufwand,1555.2,S,V10016,Rechnung V10016 12/2025,HOFFMANN_S,BAUER_C
5100003692,1000,2025,2025-11-03,440000,IT-Dienstleistungen,429.67,S,V10029,Rechnung V10029 11/2025,HOFFMANN_S,BAUER_C
5100003693,1000,2025,2025-03-25,470000,Instandhaltung,22.15,S,V10025,Rechnung V10025 03/2025,WEBER_K,BAUER_C
5100003694,1000,2025,2025-09-11,410000,Bürobedarf,59.4,S,V10037,Rechnung V10037 09/2025,BECKER_M,BAUER_C
5100003695,1000,2025,2025-08-19,450000,Mietaufwand,3837.09,S,V10033,Rechnung V10033 08/2025,BECKER_M,WAGNER_P
5100003696,1000,2025,2025-08-07,420000,Reisekosten,139.27,S,V10010,Rechnung V10010 08/2025,FISCHER_L,WAGNER_P
5100003697,1000,2025,2025-10-20,400000,Materialaufwand,160.97,S,V10024,Rechnung V10024 10/2025,FISCHER_L,WAGNER_P
5100003698,1000,2025,2025-02-24,450000,Mietaufwand,378.02,S,V10032,Rechnung V10032 02/2025,WEBER_K,BAUER_C
5100003699,1000,2025,2025-05-19,410000,Bürobedarf,90.08,S,V10013,Rechnung V10013 05/2025,FISCHER_L,WAGNER_P
5100003700,1000,2025,2025-10-27,440000,IT-Dienstleistungen,69.21,S,V10023,Rechnung V10023 10/2025,WEBER_K,MEYER_R
5100003701,1000,2025,2025-11-21,430000,Beratungskosten,4957.75,S,V10017,Rechnung V10017 11/2025,KOCH_J,MEYER_R
5100003702,1000,2025,2025-01-16,440000,IT-Dienstleistungen,118.34,S,V10013,Rechnung V10013 01/2025,WEBER_K,MEYER_R
5100003703,1000,2025,2025-06-25,410000,Bürobedarf,150.56,S,V10008,Rechnung V10008 06/2025,FISCHER_L,WAGNER_P
5100003704,1000,2025,2025-04-07,420000,Reisekosten,141.19,S,V10002,Rechnung V10002 04/2025,BECKER_M,BAUER_C
5100003705,1000,2025,2025-03-03,450000,Mietaufwand,1136.58,S,V10030,Rechnung V10030 03/2025,FISCHER_L,BAUER_C
5100003706,1000,2025,2025-01-23,470000,Instandhaltung,339.88,S,V10033,Rechnung V10033 01/2025,SCHMIDT_A,BAUER_C
5100003707,1000,2025,2025-07-18,400000,Materialaufwand,370.29,S,V10027,Rechnung V10027 07/2025,HOFFMANN_S,BAUER_C
5100003708,1000,2025,2025-09-02,430000,Beratungskosten,1280.64,S,V10010,Rechnung V10010 09/2025,FISCHER_L,MEYER_R
5100003709,1000,2025,2025-07-16,470000,Instandhaltung,392.58,S,V10001,Rechnung V10001 07/2025,BECKER_M,BAUER_C
5100003710,1000,2025,2025-05-16,420000,Reisekosten,315.7,S,V10026,Rechnung V10026 05/2025,BECKER_M,BAUER_C
5100003711,1000,2025,2025-10-09,430000,Beratungskosten,1045.99,S,V10008,Rechnung V10008 10/2025,BECKER_M,BAUER_C
5100003712,1000,2025,2025-08-28,470000,Instandhaltung,1435.28,S,V10022,Rechnung V10022 08/2025,FISCHER_L,WAGNER_P
5100003713,1000,2025,2025-11-27,470000,Instandhaltung,389.43,S,V10039,Rechnung V10039 11/2025,HOFFMANN_S,MEYER_R
5100003714,1000,2025,2025-05-08,450000,Mietaufwand,560.58,S,V10001,Rechnung V10001 05/2025,KOCH_J,BAUER_C
5100003715,1000,2025,2025-03-27,450000,Mietaufwand,141.05,S,V10024,Rechnung V10024 03/2025,KOCH_J,MEYER_R
5100003716,1000,2025,2025-06-18,440000,IT-Dienstleistungen,124.33,S,V10040,Rechnung V10040 06/2025,FISCHER_L,BAUER_C
5100003717,1000,2025,2025-07-08,420000,Reisekosten,1686.88,S,V10014,Rechnung V10014 07/2025,FISCHER_L,BAUER_C
5100003718,1000,2025,2025-06-20,470000,Instandhaltung,1004.16,S,V10033,Rechnung V10033 06/2025,SCHMIDT_A,BAUER_C
5100003719,1000,2025,2025-10-31,400000,Materialaufwand,1020.94,S,V10034,Rechnung V10034 10/2025,FISCHER_L,WAGNER_P
5100003720,1000,2025,2025-01-20,400000,Materialaufwand,772.3,S,V10020,Rechnung V10020 01/2025,KOCH_J,BAUER_C
5100003721,1000,2025,2025-07-15,440000,IT-Dienstleistungen,530.56,S,V10013,Rechnung V10013 07/2025,WEBER_K,BAUER_C
5100003722,1000,2025,2025-06-10,460000,Werbekosten,1501.56,S,V10028,Rechnung V10028 06/2025,KOCH_J,BAUER_C
5100003723,1000,2025,2025-03-18,460000,Werbekosten,2199.92,S,V10025,Rechnung V10025 03/2025,HOFFMANN_S,WAGNER_P
5100003724,1000,2025,2025-08-25,450000,Mietaufwand,2117.44,S,V10020,Rechnung V10020 08/2025,BECKER_M,WAGNER_P
5100003725,1000,2025,2025-10-21,430000,Beratungskosten,419.37,S,V10008,Rechnung V10008 10/2025,BECKER_M,BAUER_C
5100003726,1000,2025,2025-07-22,420000,Reisekosten,4533.22,S,V10030,Rechnung V10030 07/2025,HOFFMANN_S,MEYER_R
5100003727,1000,2025,2025-02-03,430000,Beratungskosten,710.19,S,V10009,Rechnung V10009 02/2025,SCHMIDT_A,MEYER_R
5100003728,1000,2025,2025-01-29,420000,Reisekosten,1355.33,S,V10006,Rechnung V10006 01/2025,SCHMIDT_A,WAGNER_P
5100003729,1000,2025,2025-06-05,430000,Beratungskosten,773.82,S,V10003,Rechnung V10003 06/2025,WEBER_K,WAGNER_P
5100003730,1000,2025,2025-09-03,400000,Materialaufwand,731.58,S,V10018,Rechnung V10018 09/2025,HOFFMANN_S,BAUER_C
5100003731,1000,2025,2025-04-25,420000,Reisekosten,151.84,S,V10005,Rechnung V10005 04/2025,FISCHER_L,BAUER_C
5100003732,1000,2025,2025-04-24,470000,Instandhaltung,1513.47,S,V10014,Rechnung V10014 04/2025,WEBER_K,MEYER_R
5100003733,1000,2025,2025-11-11,450000,Mietaufwand,46745.4,S,V10010,Rechnung V10010 11/2025,SCHMIDT_A,MEYER_R
5100003734,1000,2025,2025-01-08,410000,Bürobedarf,270.52,S,V10019,Rechnung V10019 01/2025,FISCHER_L,BAUER_C
5100003735,1000,2025,2025-01-30,420000,Reisekosten,552.02,S,V10032,Rechnung V10032 01/2025,FISCHER_L,WAGNER_P
5100003736,1000,2025,2025-02-26,420000,Reisekosten,241.31,S,V10019,Rechnung V10019 02/2025,WEBER_K,MEYER_R
5100003737,1000,2025,2025-12-23,420000,Reisekosten,225.69,S,V10023,Rechnung V10023 12/2025,SCHMIDT_A,WAGNER_P
5100003738,1000,2025,2025-07-04,450000,Mietaufwand,5832.02,S,V10006,Rechnung V10006 07/2025,HOFFMANN_S,BAUER_C
5100003739,1000,2025,2025-02-27,470000,Instandhaltung,167.88,S,V10005,Rechnung V10005 02/2025,HOFFMANN_S,WAGNER_P
5100003740,1000,2025,2025-04-24,450000,Mietaufwand,230.78,S,V10040,Rechnung V10040 04/2025,WEBER_K,WAGNER_P
5100003741,1000,2025,2025-12-18,430000,Beratungskosten,38.86,S,V10025,Rechnung V10025 12/2025,FISCHER_L,WAGNER_P
5100003742,1000,2025,2025-09-11,410000,Bürobedarf,146.62,S,V10001,Rechnung V10001 09/2025,WEBER_K,BAUER_C
5100003743,1000,2025,2025-03-21,430000,Beratungskosten,4841.89,S,V10023,Rechnung V10023 03/2025,KOCH_J,WAGNER_P
5100003744,1000,2025,2025-03-28,460000,Werbekosten,1354.09,S,V10001,Rechnung V10001 03/2025,SCHMIDT_A,BAUER_C
5100003745,1000,2025,2025-01-29,450000,Mietaufwand,43456.49,S,V10004,Rechnung V10004 01/2025,KOCH_J,BAUER_C
5100003746,1000,2025,2025-10-10,440000,IT-Dienstleistungen,274.05,S,V10015,Rechnung V10015 10/2025,HOFFMANN_S,WAGNER_P
5100003747,1000,2025,2025-02-20,440000,IT-Dienstleistungen,34.23,S,V10027,Rechnung V10027 02/2025,KOCH_J,WAGNER_P
5100003748,1000,2025,2025-04-14,460000,Werbekosten,2079.74,S,V10025,Rechnung V10025 04/2025,WEBER_K,BAUER_C
5100003749,1000,2025,2025-05-09,460000,Werbekosten,153.99,S,V10032,Rechnung V10032 05/2025,KOCH_J,MEYER_R
5100003750,1000,2025,2025-08-18,400000,Materialaufwand,3940.08,S,V10008,Rechnung V10008 08/2025,BECKER_M,MEYER_R
5100003751,1000,2025,2025-08-12,430000,Beratungskosten,313.8,S,V10008,Rechnung V10008 08/2025,WEBER_K,MEYER_R
5100003752,1000,2025,2025-10-20,400000,Materialaufwand,179.31,S,V10022,Rechnung V10022 10/2025,WEBER_K,BAUER_C
5100003753,1000,2025,2025-04-17,430000,Beratungskosten,370.65,S,V10035,Rechnung V10035 04/2025,HOFFMANN_S,BAUER_C
5100003754,1000,2025,2025-05-22,450000,Mietaufwand,1656.47,S,V10029,Rechnung V10029 05/2025,HOFFMANN_S,BAUER_C
5100003755,1000,2025,2025-05-23,410000,Bürobedarf,342.45,S,V10027,Rechnung V10027 05/2025,HOFFMANN_S,MEYER_R
5100003756,1000,2025,2025-01-20,410000,Bürobedarf,222.57,S,V10004,Rechnung V10004 01/2025,WEBER_K,MEYER_R
5100003757,1000,2025,2025-09-26,430000,Beratungskosten,358.48,S,V10036,Rechnung V10036 09/2025,BECKER_M,MEYER_R
5100003758,1000,2025,2025-07-17,440000,IT-Dienstleistungen,64.39,S,V10040,Rechnung V10040 07/2025,KOCH_J,MEYER_R
5100003759,1000,2025,2025-06-26,430000,Beratungskosten,4656.15,S,V10024,Rechnung V10024 06/2025,KOCH_J,MEYER_R
5100003760,1000,2025,2025-12-30,400000,Materialaufwand,28.25,S,V10014,Rechnung V10014 12/2025,WEBER_K,WAGNER_P
5100003761,1000,2025,2025-03-06,410000,Bürobedarf,242.11,S,V10027,Rechnung V10027 03/2025,SCHMIDT_A,BAUER_C
5100003762,1000,2025,2025-12-18,460000,Werbekosten,1660.74,S,V10026,Rechnung V10026 12/2025,SCHMIDT_A,MEYER_R
5100003763,1000,2025,2025-09-08,450000,Mietaufwand,800.21,S,V10038,Rechnung V10038 09/2025,KOCH_J,BAUER_C
5100003764,1000,2025,2025-03-21,470000,Instandhaltung,1267.13,S,V10005,Rechnung V10005 03/2025,WEBER_K,BAUER_C
5100003765,1000,2025,2025-09-05,460000,Werbekosten,444.05,S,V10021,Rechnung V10021 09/2025,WEBER_K,MEYER_R
5100003766,1000,2025,2025-10-02,460000,Werbekosten,3202.2,S,V10029,Rechnung V10029 10/2025,SCHMIDT_A,MEYER_R
5100003767,1000,2025,2025-05-14,440000,IT-Dienstleistungen,2163.58,S,V10014,Rechnung V10014 05/2025,KOCH_J,WAGNER_P
5100003768,1000,2025,2025-05-08,470000,Instandhaltung,1006.09,S,V10034,Rechnung V10034 05/2025,FISCHER_L,BAUER_C
5100003769,1000,2025,2025-10-31,430000,Beratungskosten,4942.87,S,V10003,Rechnung V10003 10/2025,KOCH_J,BAUER_C
5100003770,1000,2025,2025-02-28,470000,Instandhaltung,1637.09,S,V10005,Rechnung V10005 02/2025,WEBER_K,BAUER_C
5100003771,1000,2025,2025-01-08,430000,Beratungskosten,243.92,S,V10032,Rechnung V10032 01/2025,BECKER_M,MEYER_R
5100003772,1000,2025,2025-09-02,430000,Beratungskosten,57.38,S,V10006,Rechnung V10006 09/2025,KOCH_J,BAUER_C
5100003773,1000,2025,2025-11-26,450000,Mietaufwand,965.44,S,V10017,Rechnung V10017 11/2025,HOFFMANN_S,BAUER_C
5100003774,1000,2025,2025-07-07,430000,Beratungskosten,1180.56,S,V10012,Rechnung V10012 07/2025,BECKER_M,WAGNER_P
5100003775,1000,2025,2025-02-19,410000,Bürobedarf,2820.74,S,V10028,Rechnung V10028 02/2025,WEBER_K,MEYER_R
5100003776,1000,2025,2025-07-18,470000,Instandhaltung,110.15,S,V10001,Rechnung V10001 07/2025,WEBER_K,MEYER_R
5100003777,1000,2025,2025-04-01,430000,Beratungskosten,115.55,S,V10015,Rechnung V10015 04/2025,BECKER_M,MEYER_R
5100003778,1000,2025,2025-10-29,470000,Instandhaltung,1028.48,S,V10040,Rechnung V10040 10/2025,FISCHER_L,BAUER_C
5100003779,1000,2025,2025-08-14,430000,Beratungskosten,439.72,S,V10015,Rechnung V10015 08/2025,SCHMIDT_A,MEYER_R
5100003780,1000,2025,2025-05-06,470000,Instandhaltung,24.11,S,V10024,Rechnung V10024 05/2025,WEBER_K,BAUER_C
5100003781,1000,2025,2025-08-19,440000,IT-Dienstleistungen,898.0,S,V10040,Rechnung V10040 08/2025,FISCHER_L,MEYER_R
5100003782,1000,2025,2025-09-02,460000,Werbekosten,25.43,S,V10025,Rechnung V10025 09/2025,WEBER_K,BAUER_C
5100003783,1000,2025,2025-09-05,460000,Werbekosten,108.59,S,V10031,Rechnung V10031 09/2025,BECKER_M,BAUER_C
5100003784,1000,2025,2025-05-15,410000,Bürobedarf,4284.2,S,V10039,Rechnung V10039 05/2025,WEBER_K,WAGNER_P
5100003785,1000,2025,2025-07-30,460000,Werbekosten,9134.43,S,V10025,Rechnung V10025 07/2025,WEBER_K,WAGNER_P
5100003786,1000,2025,2025-01-17,470000,Instandhaltung,70.45,S,V10034,Rechnung V10034 01/2025,SCHMIDT_A,MEYER_R
5100003787,1000,2025,2025-05-28,450000,Mietaufwand,290.9,S,V10021,Rechnung V10021 05/2025,BECKER_M,MEYER_R
5100003788,1000,2025,2025-05-20,470000,Instandhaltung,527.52,S,V10033,Rechnung V10033 05/2025,WEBER_K,BAUER_C
5100003789,1000,2025,2025-07-17,460000,Werbekosten,8518.22,S,V10026,Rechnung V10026 07/2025,BECKER_M,BAUER_C
5100003790,1000,2025,2025-12-11,450000,Mietaufwand,223.95,S,V10014,Rechnung V10014 12/2025,KOCH_J,BAUER_C
5100003791,1000,2025,2025-12-12,430000,Beratungskosten,229.75,S,V10023,Rechnung V10023 12/2025,KOCH_J,WAGNER_P
5100003792,1000,2025,2025-06-30,460000,Werbekosten,5872.06,S,V10014,Rechnung V10014 06/2025,HOFFMANN_S,MEYER_R
5100003793,1000,2025,2025-08-26,410000,Bürobedarf,270.52,S,V10016,Rechnung V10016 08/2025,HOFFMANN_S,MEYER_R
5100003794,1000,2025,2025-02-11,440000,IT-Dienstleistungen,1564.81,S,V10012,Rechnung V10012 02/2025,KOCH_J,BAUER_C
5100003795,1000,2025,2025-06-30,460000,Werbekosten,46.37,S,V10020,Rechnung V10020 06/2025,HOFFMANN_S,MEYER_R
5100003796,1000,2025,2025-09-09,470000,Instandhaltung,374.66,S,V10014,Rechnung V10014 09/2025,WEBER_K,MEYER_R
5100003797,1000,2025,2025-09-08,420000,Reisekosten,34.63,S,V10026,Rechnung V10026 09/2025,BECKER_M,MEYER_R
5100003798,1000,2025,2025-12-16,400000,Materialaufwand,91.04,S,V10015,Rechnung V10015 12/2025,KOCH_J,WAGNER_P
5100003799,1000,2025,2025-06-24,420000,Reisekosten,1886.96,S,V10020,Rechnung V10020 06/2025,HOFFMANN_S,BAUER_C
5100003800,1000,2025,2025-11-26,460000,Werbekosten,454.93,S,V10006,Rechnung V10006 11/2025,FISCHER_L,WAGNER_P
5100003801,1000,2025,2025-12-22,440000,IT-Dienstleistungen,295.73,S,V10016,Rechnung V10016 12/2025,WEBER_K,BAUER_C
5100003802,1000,2025,2025-07-30,400000,Materialaufwand,148.71,S,V10015,Rechnung V10015 07/2025,SCHMIDT_A,WAGNER_P
5100003803,1000,2025,2025-02-04,400000,Materialaufwand,346.18,S,V10039,Rechnung V10039 02/2025,FISCHER_L,BAUER_C
5100003804,1000,2025,2025-05-20,420000,Reisekosten,797.74,S,V10018,Rechnung V10018 05/2025,HOFFMANN_S,MEYER_R
5100003805,1000,2025,2025-10-08,420000,Reisekosten,2374.79,S,V10001,Rechnung V10001 10/2025,BECKER_M,WAGNER_P
5100003806,1000,2025,2025-08-04,410000,Bürobedarf,7.39,S,V10013,Rechnung V10013 08/2025,SCHMIDT_A,MEYER_R
5100003807,1000,2025,2025-12-08,430000,Beratungskosten,130.21,S,V10030,Rechnung V10030 12/2025,KOCH_J,BAUER_C
5100003808,1000,2025,2025-10-24,430000,Beratungskosten,635.59,S,V10007,Rechnung V10007 10/2025,FISCHER_L,WAGNER_P
5100003809,1000,2025,2025-01-24,410000,Bürobedarf,420.66,S,V10007,Rechnung V10007 01/2025,FISCHER_L,MEYER_R
5100003810,1000,2025,2025-11-11,410000,Bürobedarf,939.55,S,V10015,Rechnung V10015 11/2025,HOFFMANN_S,MEYER_R
5100003811,1000,2025,2025-07-06,450000,Mietaufwand,756.02,S,V10015,Rechnung V10015 05/2025,FISCHER_L,WAGNER_P
5100003812,1000,2025,2025-10-27,470000,Instandhaltung,302.54,S,V10020,Rechnung V10020 10/2025,BECKER_M,WAGNER_P
5100003813,1000,2025,2025-07-08,470000,Instandhaltung,212.1,S,V10002,Rechnung V10002 07/2025,KOCH_J,MEYER_R
5100003814,1000,2025,2025-06-18,440000,IT-Dienstleistungen,332.69,S,V10029,Rechnung V10029 06/2025,BECKER_M,WAGNER_P
5100003815,1000,2025,2025-01-29,400000,Materialaufwand,3096.38,S,V10009,Rechnung V10009 01/2025,BECKER_M,BAUER_C
5100003816,1000,2025,2025-02-13,470000,Instandhaltung,152.75,S,V10029,Rechnung V10029 02/2025,FISCHER_L,BAUER_C
5100003817,1000,2025,2025-08-07,470000,Instandhaltung,445.64,S,V10023,Rechnung V10023 08/2025,KOCH_J,MEYER_R
5100003818,1000,2025,2025-07-30,420000,Reisekosten,660.73,S,V10009,Rechnung V10009 07/2025,SCHMIDT_A,BAUER_C
5100003819,1000,2025,2025-07-24,430000,Beratungskosten,5982.31,S,V10019,Rechnung V10019 07/2025,WEBER_K,BAUER_C
5100003820,1000,2025,2025-02-27,400000,Materialaufwand,304.75,S,V10002,Rechnung V10002 02/2025,KOCH_J,MEYER_R
5100003821,1000,2025,2025-07-09,460000,Werbekosten,2284.93,S,V10029,Rechnung V10029 07/2025,FISCHER_L,MEYER_R
5100003822,1000,2025,2025-01-24,460000,Werbekosten,3537.47,S,V10013,Rechnung V10013 01/2025,WEBER_K,MEYER_R
5100003823,1000,2025,2025-02-24,400000,Materialaufwand,444.96,S,V10016,Rechnung V10016 02/2025,FISCHER_L,BAUER_C
5100003824,1000,2025,2025-07-04,450000,Mietaufwand,351.73,S,V10007,Rechnung V10007 07/2025,WEBER_K,BAUER_C
5100003825,1000,2025,2025-08-15,430000,Beratungskosten,291.06,S,V10015,Rechnung V10015 08/2025,BECKER_M,WAGNER_P
5100003826,1000,2025,2025-08-28,440000,IT-Dienstleistungen,327.24,S,V10016,Rechnung V10016 08/2025,WEBER_K,BAUER_C
5100003827,1000,2025,2025-12-23,410000,Bürobedarf,1932.91,S,V10009,Rechnung V10009 12/2025,FISCHER_L,WAGNER_P
5100003828,1000,2025,2025-11-07,460000,Werbekosten,713.1,S,V10040,Rechnung V10040 11/2025,KOCH_J,BAUER_C
5100003829,1000,2025,2025-05-20,430000,Beratungskosten,718.0,S,V10012,Rechnung V10012 05/2025,SCHMIDT_A,BAUER_C
5100003830,1000,2025,2025-10-14,460000,Werbekosten,81.42,S,V10008,Rechnung V10008 10/2025,HOFFMANN_S,BAUER_C
5100003831,1000,2025,2025-02-05,410000,Bürobedarf,104.8,S,V10022,Rechnung V10022 02/2025,SCHMIDT_A,WAGNER_P
5100003832,1000,2025,2025-11-10,440000,IT-Dienstleistungen,15207.06,S,V10013,Rechnung V10013 11/2025,FISCHER_L,WAGNER_P
5100003833,1000,2025,2025-05-22,420000,Reisekosten,370.73,S,V10019,Rechnung V10019 05/2025,HOFFMANN_S,MEYER_R
5100003834,1000,2025,2025-10-07,470000,Instandhaltung,142.65,S,V10030,Rechnung V10030 10/2025,KOCH_J,BAUER_C
5100003835,1000,2025,2025-12-18,440000,IT-Dienstleistungen,4864.69,S,V10004,Rechnung V10004 12/2025,WEBER_K,MEYER_R
5100003836,1000,2025,2025-09-15,450000,Mietaufwand,773.48,S,V10021,Rechnung V10021 09/2025,SCHMIDT_A,WAGNER_P
5100003837,1000,2025,2025-12-02,400000,Materialaufwand,1242.71,S,V10001,Rechnung V10001 12/2025,HOFFMANN_S,WAGNER_P
5100003838,1000,2025,2025-01-07,450000,Mietaufwand,395.09,S,V10002,Rechnung V10002 01/2025,KOCH_J,BAUER_C
5100003839,1000,2025,2025-03-04,400000,Materialaufwand,295.93,S,V10004,Rechnung V10004 03/2025,BECKER_M,BAUER_C
5100003840,1000,2025,2025-08-19,420000,Reisekosten,375.65,S,V10007,Rechnung V10007 08/2025,SCHMIDT_A,BAUER_C
5100003841,1000,2025,2025-07-21,410000,Bürobedarf,53.93,S,V10014,Rechnung V10014 07/2025,BECKER_M,BAUER_C
5100003842,1000,2025,2025-02-14,400000,Materialaufwand,428.08,S,V10038,Rechnung V10038 02/2025,FISCHER_L,FISCHER_L
5100003843,1000,2025,2025-09-19,440000,IT-Dienstleistungen,791.28,S,V10037,Rechnung V10037 09/2025,FISCHER_L,WAGNER_P
5100003844,1000,2025,2025-01-23,410000,Bürobedarf,9516.11,S,V10005,Rechnung V10005 01/2025,SCHMIDT_A,WAGNER_P
5100003845,1000,2025,2025-12-29,440000,IT-Dienstleistungen,565.44,S,V10040,Rechnung V10040 12/2025,WEBER_K,BAUER_C
5100003846,1000,2025,2025-02-27,460000,Werbekosten,11.77,S,V10026,Rechnung V10026 02/2025,KOCH_J,WAGNER_P
5100003847,1000,2025,2025-06-16,410000,Bürobedarf,423.95,S,V10023,Rechnung V10023 06/2025,SCHMIDT_A,WAGNER_P
5100003848,1000,2025,2025-10-28,430000,Beratungskosten,4799.31,S,V10032,Rechnung V10032 10/2025,KOCH_J,MEYER_R
5100003849,1000,2025,2025-07-10,420000,Reisekosten,1970.78,S,V10020,Rechnung V10020 07/2025,BECKER_M,WAGNER_P
5100003850,1000,2025,2025-09-29,420000,Reisekosten,134.64,S,V10011,Rechnung V10011 09/2025,BECKER_M,WAGNER_P
5100003851,1000,2025,2025-09-15,440000,IT-Dienstleistungen,1268.73,S,V10022,Rechnung V10022 09/2025,KOCH_J,MEYER_R
5100003852,1000,2025,2025-12-11,450000,Mietaufwand,150.32,S,V10030,Rechnung V10030 12/2025,WEBER_K,BAUER_C
5100003853,1000,2025,2025-06-23,450000,Mietaufwand,56.48,S,V10028,Rechnung V10028 06/2025,KOCH_J,BAUER_C
5100003854,1000,2025,2025-12-22,410000,Bürobedarf,282.2,S,V10007,Rechnung V10007 12/2025,WEBER_K,BAUER_C
5100003855,1000,2025,2025-07-11,440000,IT-Dienstleistungen,570.46,S,V10038,Rechnung V10038 07/2025,FISCHER_L,MEYER_R
5100003856,1000,2025,2025-11-21,420000,Reisekosten,24.64,S,V10012,Rechnung V10012 11/2025,FISCHER_L,MEYER_R
5100003857,1000,2025,2025-09-25,420000,Reisekosten,78.36,S,V10033,Rechnung V10033 09/2025,BECKER_M,MEYER_R
5100003858,1000,2025,2025-02-19,470000,Instandhaltung,500.97,S,V10013,Rechnung V10013 02/2025,WEBER_K,BAUER_C
5100003859,1000,2025,2025-08-25,400000,Materialaufwand,256.45,S,V10003,Rechnung V10003 08/2025,HOFFMANN_S,BAUER_C
5100003860,1000,2025,2025-11-17,430000,Beratungskosten,926.76,S,V10040,Rechnung V10040 11/2025,SCHMIDT_A,WAGNER_P
5100003861,1000,2025,2025-02-18,430000,Beratungskosten,70.56,S,V10024,Rechnung V10024 02/2025,BECKER_M,MEYER_R
5100003862,1000,2025,2025-11-03,410000,Bürobedarf,1544.7,S,V10009,Rechnung V10009 11/2025,BECKER_M,WAGNER_P
5100003863,1000,2025,2025-02-10,460000,Werbekosten,74.14,S,V10001,Rechnung V10001 02/2025,BECKER_M,BAUER_C
5100003864,1000,2025,2025-11-13,430000,Beratungskosten,4866.57,S,V10006,Rechnung V10006 11/2025,KOCH_J,WAGNER_P
5100003865,1000,2025,2025-10-16,450000,Mietaufwand,31.65,S,V10007,Rechnung V10007 10/2025,HOFFMANN_S,MEYER_R
5100003866,1000,2025,2025-02-25,430000,Beratungskosten,85.79,S,V10038,Rechnung V10038 02/2025,KOCH_J,WAGNER_P
5100003867,1000,2025,2025-09-23,470000,Instandhaltung,960.83,S,V10008,Rechnung V10008 09/2025,WEBER_K,BAUER_C
5100003868,1000,2025,2025-02-13,450000,Mietaufwand,7064.05,S,V10007,Rechnung V10007 02/2025,FISCHER_L,BAUER_C
5100003869,1000,2025,2025-07-30,420000,Reisekosten,815.72,S,V10034,Rechnung V10034 07/2025,BECKER_M,WAGNER_P
5100003870,1000,2025,2025-12-02,470000,Instandhaltung,1212.66,S,V10036,Rechnung V10036 12/2025,FISCHER_L,BAUER_C
5100003871,1000,2025,2025-03-17,460000,Werbekosten,506.77,S,V10009,Rechnung V10009 03/2025,KOCH_J,MEYER_R
5100003872,1000,2025,2025-03-05,440000,IT-Dienstleistungen,95.37,S,V10027,Rechnung V10027 03/2025,BECKER_M,BAUER_C
5100003873,1000,2025,2025-06-05,400000,Materialaufwand,224.93,S,V10022,Rechnung V10022 06/2025,BECKER_M,MEYER_R
5100003874,1000,2025,2025-05-16,440000,IT-Dienstleistungen,70.88,S,V10024,Rechnung V10024 05/2025,WEBER_K,WAGNER_P
5100003875,1000,2025,2025-01-21,450000,Mietaufwand,63.69,S,V10013,Rechnung V10013 01/2025,FISCHER_L,WAGNER_P
5100003876,1000,2025,2025-06-18,420000,Reisekosten,937.11,S,V10031,Rechnung V10031 06/2025,BECKER_M,BAUER_C
5100003877,1000,2025,2025-04-03,410000,Bürobedarf,81.69,S,V10036,Rechnung V10036 04/2025,FISCHER_L,MEYER_R
5100003878,1000,2025,2025-02-17,440000,IT-Dienstleistungen,821.63,S,V10030,Rechnung V10030 02/2025,HOFFMANN_S,MEYER_R
5100003879,1000,2025,2025-04-10,460000,Werbekosten,61.38,S,V10037,Rechnung V10037 04/2025,SCHMIDT_A,BAUER_C
5100003880,1000,2025,2025-01-10,420000,Reisekosten,791.72,S,V10005,Rechnung V10005 01/2025,SCHMIDT_A,WAGNER_P
5100003881,1000,2025,2025-11-28,430000,Beratungskosten,225.45,S,V10027,Rechnung V10027 11/2025,FISCHER_L,BAUER_C
5100003882,1000,2025,2025-12-30,400000,Materialaufwand,4677.81,S,V10040,Rechnung V10040 12/2025,WEBER_K,WAGNER_P
5100003883,1000,2025,2025-05-15,450000,Mietaufwand,827.12,S,V10022,Rechnung V10022 05/2025,HOFFMANN_S,WAGNER_P
5100003884,1000,2025,2025-11-17,460000,Werbekosten,3559.06,S,V10038,Rechnung V10038 11/2025,KOCH_J,BAUER_C
5100003885,1000,2025,2025-06-23,460000,Werbekosten,147.08,S,V10014,Rechnung V10014 06/2025,FISCHER_L,BAUER_C
5100003886,1000,2025,2025-11-28,430000,Beratungskosten,539.06,S,V10036,Rechnung V10036 11/2025,BECKER_M,BAUER_C
5100003887,1000,2025,2025-03-05,400000,Materialaufwand,102.54,S,V10038,Rechnung V10038 03/2025,WEBER_K,BAUER_C
5100003888,1000,2025,2025-04-14,430000,Beratungskosten,254.23,S,V10025,Rechnung V10025 04/2025,BECKER_M,MEYER_R
5100003889,1000,2025,2025-09-26,470000,Instandhaltung,323.96,S,V10029,Rechnung V10029 09/2025,HOFFMANN_S,MEYER_R
5100003890,1000,2025,2025-03-21,400000,Materialaufwand,154.26,S,V10021,Rechnung V10021 03/2025,HOFFMANN_S,BAUER_C
5100003891,1000,2025,2025-10-28,410000,Bürobedarf,70.47,S,V10013,Rechnung V10013 10/2025,KOCH_J,WAGNER_P
5100003892,1000,2025,2025-06-06,460000,Werbekosten,51.33,S,V10022,Rechnung V10022 06/2025,BECKER_M,MEYER_R
5100003893,1000,2025,2025-05-28,440000,IT-Dienstleistungen,11.66,S,V10039,Rechnung V10039 05/2025,FISCHER_L,MEYER_R
5100003894,1000,2025,2025-06-18,410000,Bürobedarf,90.91,S,V10001,Rechnung V10001 06/2025,SCHMIDT_A,WAGNER_P
5100003895,1000,2025,2025-10-20,400000,Materialaufwand,1344.79,S,V10009,Rechnung V10009 10/2025,HOFFMANN_S,WAGNER_P
5100003896,1000,2025,2025-01-03,430000,Beratungskosten,38.18,S,V10020,Rechnung V10020 01/2025,HOFFMANN_S,BAUER_C
5100003897,1000,2025,2025-10-01,440000,IT-Dienstleistungen,55.2,S,V10014,Rechnung V10014 10/2025,BECKER_M,BAUER_C
5100003898,1000,2025,2025-10-13,460000,Werbekosten,8651.07,S,V10025,Rechnung V10025 10/2025,KOCH_J,BAUER_C
5100003899,1000,2025,2025-10-28,470000,Instandhaltung,177.97,S,V10015,Rechnung V10015 10/2025,WEBER_K,WAGNER_P
5100003900,1000,2025,2025-12-31,430000,Beratungskosten,823.59,S,V10027,Rechnung V10027 12/2025,SCHMIDT_A,BAUER_C
5100003901,1000,2025,2025-10-14,430000,Beratungskosten,1377.06,S,V10005,Rechnung V10005 10/2025,BECKER_M,BAUER_C
5100003902,1000,2025,2025-07-16,470000,Instandhaltung,1422.32,S,V10014,Rechnung V10014 07/2025,SCHMIDT_A,BAUER_C
5100003903,1000,2025,2025-06-24,460000,Werbekosten,43.13,S,V10028,Rechnung V10028 06/2025,SCHMIDT_A,WAGNER_P
5100003904,1000,2025,2025-05-23,410000,Bürobedarf,340.46,S,V10019,Rechnung V10019 05/2025,HOFFMANN_S,MEYER_R
5100003905,1000,2025,2025-10-29,450000,Mietaufwand,37.0,S,V10029,Rechnung V10029 10/2025,FISCHER_L,MEYER_R
5100003906,1000,2025,2025-07-13,450000,Mietaufwand,24688.89,S,V10026,Rechnung V10026 05/2025,BECKER_M,BAUER_C
5100003907,1000,2025,2025-07-31,410000,Bürobedarf,38.41,S,V10014,Rechnung V10014 07/2025,HOFFMANN_S,BAUER_C
5100003908,1000,2025,2025-02-06,470000,Instandhaltung,92.15,S,V10018,Rechnung V10018 02/2025,FISCHER_L,BAUER_C
5100003909,1000,2025,2025-04-28,420000,Reisekosten,93.23,S,V10039,Rechnung V10039 04/2025,BECKER_M,BAUER_C
5100003910,1000,2025,2025-04-07,440000,IT-Dienstleistungen,44.94,S,V10039,Rechnung V10039 04/2025,BECKER_M,WAGNER_P
5100003911,1000,2025,2025-06-11,430000,Beratungskosten,4290.46,S,V10002,Rechnung V10002 06/2025,BECKER_M,MEYER_R
5100003912,1000,2025,2025-07-07,450000,Mietaufwand,23763.75,S,V10029,Rechnung V10029 07/2025,HOFFMANN_S,MEYER_R
5100003913,1000,2025,2025-09-19,470000,Instandhaltung,230.17,S,V10020,Rechnung V10020 09/2025,FISCHER_L,BAUER_C
5100003914,1000,2025,2025-06-10,430000,Beratungskosten,59.58,S,V10001,Rechnung V10001 06/2025,BECKER_M,MEYER_R
5100003915,1000,2025,2025-02-25,430000,Beratungskosten,13.75,S,V10026,Rechnung V10026 02/2025,BECKER_M,WAGNER_P
5100003916,1000,2025,2025-07-22,460000,Werbekosten,333.43,S,V10001,Rechnung V10001 07/2025,SCHMIDT_A,BAUER_C
5100003917,1000,2025,2025-01-22,470000,Instandhaltung,297.02,S,V10013,Rechnung V10013 01/2025,WEBER_K,WAGNER_P
5100003918,1000,2025,2025-11-06,430000,Beratungskosten,4692.72,S,V10028,Rechnung V10028 11/2025,KOCH_J,BAUER_C
5100003919,1000,2025,2025-10-09,460000,Werbekosten,702.19,S,V10033,Rechnung V10033 10/2025,WEBER_K,WAGNER_P
5100003920,1000,2025,2025-03-24,450000,Mietaufwand,927.3,S,V10017,Rechnung V10017 03/2025,FISCHER_L,BAUER_C
5100003921,1000,2025,2025-04-04,460000,Werbekosten,826.28,S,V10033,Rechnung V10033 04/2025,KOCH_J,MEYER_R
5100003922,1000,2025,2025-01-13,470000,Instandhaltung,297.14,S,V10034,Rechnung V10034 01/2025,KOCH_J,WAGNER_P
5100003923,1000,2025,2025-05-15,400000,Materialaufwand,84.56,S,V10018,Rechnung V10018 05/2025,HOFFMANN_S,MEYER_R
5100003924,1000,2025,2025-01-16,440000,IT-Dienstleistungen,1429.86,S,V10007,Rechnung V10007 01/2025,BECKER_M,MEYER_R
5100003925,1000,2025,2025-12-08,400000,Materialaufwand,502.71,S,V10027,Rechnung V10027 12/2025,WEBER_K,BAUER_C
5100003926,1000,2025,2025-02-19,440000,IT-Dienstleistungen,2041.36,S,V10001,Rechnung V10001 02/2025,FISCHER_L,WAGNER_P
5100003927,1000,2025,2025-08-29,430000,Beratungskosten,1744.32,S,V10036,Rechnung V10036 08/2025,HOFFMANN_S,WAGNER_P
5100003928,1000,2025,2025-07-30,420000,Reisekosten,50.66,S,V10016,Rechnung V10016 07/2025,KOCH_J,WAGNER_P
5100003929,1000,2025,2025-03-27,470000,Instandhaltung,49.66,S,V10031,Rechnung V10031 03/2025,KOCH_J,MEYER_R
5100003930,1000,2025,2025-10-23,450000,Mietaufwand,147.1,S,V10030,Rechnung V10030 10/2025,FISCHER_L,MEYER_R
5100003931,1000,2025,2025-02-11,440000,IT-Dienstleistungen,90.92,S,V10019,Rechnung V10019 02/2025,FISCHER_L,BAUER_C
5100003932,1000,2025,2025-11-19,470000,Instandhaltung,1649.79,S,V10039,Rechnung V10039 11/2025,BECKER_M,MEYER_R
5100003933,1000,2025,2025-09-29,400000,Materialaufwand,864.45,S,V10032,Rechnung V10032 09/2025,SCHMIDT_A,WAGNER_P
5100003934,1000,2025,2025-08-21,450000,Mietaufwand,2860.34,S,V10036,Rechnung V10036 08/2025,SCHMIDT_A,MEYER_R
5100003935,1000,2025,2025-11-17,410000,Bürobedarf,929.25,S,V10004,Rechnung V10004 11/2025,SCHMIDT_A,BAUER_C
5100003936,1000,2025,2025-05-28,410000,Bürobedarf,688.03,S,V10020,Rechnung V10020 05/2025,HOFFMANN_S,MEYER_R
5100003937,1000,2025,2025-04-11,410000,Bürobedarf,3359.57,S,V10039,Rechnung V10039 04/2025,WEBER_K,WAGNER_P
5100003938,1000,2025,2025-02-26,440000,IT-Dienstleistungen,1044.78,S,V10033,Rechnung V10033 02/2025,HOFFMANN_S,BAUER_C
5100003939,1000,2025,2025-12-03,450000,Mietaufwand,549.47,S,V10019,Rechnung V10019 12/2025,FISCHER_L,WAGNER_P
5100003940,1000,2025,2025-05-28,460000,Werbekosten,5264.41,S,V10003,Rechnung V10003 05/2025,HOFFMANN_S,WAGNER_P
5100003941,1000,2025,2025-10-30,430000,Beratungskosten,592.46,S,V10012,Rechnung V10012 10/2025,SCHMIDT_A,WAGNER_P
5100003942,1000,2025,2025-05-05,470000,Instandhaltung,302.79,S,V10023,Rechnung V10023 05/2025,WEBER_K,WAGNER_P
5100003943,1000,2025,2025-12-12,420000,Reisekosten,128.96,S,V10026,Rechnung V10026 12/2025,WEBER_K,MEYER_R
5100003944,1000,2025,2025-11-13,410000,Bürobedarf,1517.53,S,V10037,Rechnung V10037 11/2025,FISCHER_L,WAGNER_P
5100003945,1000,2025,2025-04-24,400000,Materialaufwand,3566.29,S,V10004,Rechnung V10004 04/2025,BECKER_M,WAGNER_P
5100003946,1000,2025,2025-07-01,410000,Bürobedarf,454.44,S,V10016,Rechnung V10016 07/2025,WEBER_K,BAUER_C
5100003947,1000,2025,2025-10-17,430000,Beratungskosten,3994.47,S,V10011,Rechnung V10011 10/2025,HOFFMANN_S,WAGNER_P
5100003948,1000,2025,2025-03-24,430000,Beratungskosten,21.07,S,V10039,Rechnung V10039 03/2025,KOCH_J,BAUER_C
5100003949,1000,2025,2025-01-10,460000,Werbekosten,450.91,S,V10007,Rechnung V10007 01/2025,SCHMIDT_A,MEYER_R
5100003950,1000,2025,2025-04-15,410000,Bürobedarf,462.13,S,V10009,Rechnung V10009 04/2025,SCHMIDT_A,WAGNER_P
5100003951,1000,2025,2025-08-06,420000,Reisekosten,153.98,S,V10012,Rechnung V10012 08/2025,KOCH_J,WAGNER_P
5100003952,1000,2025,2025-02-20,470000,Instandhaltung,22340.97,S,V10005,Rechnung V10005 02/2025,BECKER_M,BAUER_C
5100003953,1000,2025,2025-05-05,400000,Materialaufwand,443.23,S,V10026,Rechnung V10026 05/2025,KOCH_J,WAGNER_P
5100003954,1000,2025,2025-12-01,430000,Beratungskosten,256.63,S,V10021,Rechnung V10021 12/2025,HOFFMANN_S,BAUER_C
5100003955,1000,2025,2025-01-29,410000,Bürobedarf,513.65,S,V10023,Rechnung V10023 01/2025,HOFFMANN_S,MEYER_R
5100003956,1000,2025,2025-01-21,440000,IT-Dienstleistungen,20.0,S,V10037,Rechnung V10037 01/2025,SCHMIDT_A,BAUER_C
5100003957,1000,2025,2025-06-05,470000,Instandhaltung,146.09,S,V10018,Rechnung V10018 06/2025,BECKER_M,BAUER_C
5100003958,1000,2025,2025-01-08,410000,Bürobedarf,2376.02,S,V10013,Rechnung V10013 01/2025,FISCHER_L,WAGNER_P
5100003959,1000,2025,2025-01-13,420000,Reisekosten,180.13,S,V10016,Rechnung V10016 01/2025,KOCH_J,MEYER_R
5100003960,1000,2025,2025-03-07,430000,Beratungskosten,130.82,S,V10033,Rechnung V10033 03/2025,SCHMIDT_A,WAGNER_P
5100003961,1000,2025,2025-02-07,460000,Werbekosten,4004.77,S,V10022,Rechnung V10022 02/2025,SCHMIDT_A,BAUER_C
5100003962,1000,2025,2025-10-23,430000,Beratungskosten,4696.77,S,V10007,Rechnung V10007 10/2025,KOCH_J,WAGNER_P
5100003963,1000,2025,2025-02-14,400000,Materialaufwand,1126.85,S,V10028,Rechnung V10028 02/2025,KOCH_J,MEYER_R
5100003964,1000,2025,2025-07-14,430000,Beratungskosten,237.89,S,V10030,Rechnung V10030 07/2025,KOCH_J,WAGNER_P
5100003965,1000,2025,2025-09-16,460000,Werbekosten,335.91,S,V10010,Rechnung V10010 09/2025,BECKER_M,BAUER_C
5100003966,1000,2025,2025-08-19,400000,Materialaufwand,136.1,S,V10023,Rechnung V10023 08/2025,FISCHER_L,MEYER_R
5100003967,1000,2025,2025-08-28,460000,Werbekosten,100.32,S,V10023,Rechnung V10023 08/2025,WEBER_K,WAGNER_P
5100003968,1000,2025,2025-05-13,410000,Bürobedarf,92.66,S,V10008,Rechnung V10008 05/2025,KOCH_J,WAGNER_P
5100003969,1000,2025,2025-11-20,440000,IT-Dienstleistungen,183.3,S,V10001,Rechnung V10001 11/2025,WEBER_K,BAUER_C
5100003970,1000,2025,2025-01-28,470000,Instandhaltung,94.11,S,V10029,Rechnung V10029 01/2025,SCHMIDT_A,WAGNER_P
5100003971,1000,2025,2025-02-10,450000,Mietaufwand,40.37,S,V10025,Rechnung V10025 02/2025,BECKER_M,WAGNER_P
5100003972,1000,2025,2025-11-10,470000,Instandhaltung,699.97,S,V10029,Rechnung V10029 11/2025,FISCHER_L,WAGNER_P
5100003973,1000,2025,2025-01-28,440000,IT-Dienstleistungen,717.2,S,V10016,Rechnung V10016 01/2025,FISCHER_L,WAGNER_P
5100003974,1000,2025,2025-03-11,410000,Bürobedarf,7489.58,S,V10021,Rechnung V10021 03/2025,KOCH_J,WAGNER_P
5100003975,1000,2025,2025-03-05,450000,Mietaufwand,169.13,S,V10040,Rechnung V10040 03/2025,WEBER_K,MEYER_R
5100003976,1000,2025,2025-01-15,440000,IT-Dienstleistungen,791.37,S,V10010,Rechnung V10010 01/2025,KOCH_J,MEYER_R
5100003977,1000,2025,2025-02-13,420000,Reisekosten,812.68,S,V10027,Rechnung V10027 02/2025,WEBER_K,BAUER_C
5100003978,1000,2025,2025-07-31,400000,Materialaufwand,328.28,S,V10006,Rechnung V10006 07/2025,WEBER_K,WAGNER_P
5100003979,1000,2025,2025-09-01,450000,Mietaufwand,1621.22,S,V10003,Rechnung V10003 09/2025,SCHMIDT_A,WAGNER_P
5100003980,1000,2025,2025-01-31,440000,IT-Dienstleistungen,1703.37,S,V10039,Rechnung V10039 01/2025,HOFFMANN_S,WAGNER_P
5100003981,1000,2025,2025-12-09,460000,Werbekosten,832.02,S,V10006,Rechnung V10006 12/2025,KOCH_J,BAUER_C
5100003982,1000,2025,2025-02-05,410000,Bürobedarf,327.33,S,V10027,Rechnung V10027 02/2025,KOCH_J,BAUER_C
5100003983,1000,2025,2025-09-09,440000,IT-Dienstleistungen,278.09,S,V10021,Rechnung V10021 09/2025,WEBER_K,WAGNER_P
5100003984,1000,2025,2025-10-21,460000,Werbekosten,55.23,S,V10033,Rechnung V10033 10/2025,HOFFMANN_S,MEYER_R
5100003985,1000,2025,2025-07-14,470000,Instandhaltung,135.71,S,V10022,Rechnung V10022 07/2025,SCHMIDT_A,BAUER_C
5100003986,1000,2025,2025-07-02,470000,Instandhaltung,182.14,S,V10028,Rechnung V10028 07/2025,BECKER_M,MEYER_R
5100003987,1000,2025,2025-02-11,410000,Bürobedarf,81.58,S,V10036,Rechnung V10036 02/2025,HOFFMANN_S,MEYER_R
5100003988,1000,2025,2025-03-28,410000,Bürobedarf,996.13,S,V10034,Rechnung V10034 03/2025,SCHMIDT_A,MEYER_R
5100003989,1000,2025,2025-11-06,440000,IT-Dienstleistungen,3342.94,S,V10029,Rechnung V10029 11/2025,SCHMIDT_A,WAGNER_P
5100003990,1000,2025,2025-05-09,430000,Beratungskosten,115.25,S,V10007,Rechnung V10007 05/2025,SCHMIDT_A,WAGNER_P
5100003991,1000,2025,2025-01-15,410000,Bürobedarf,775.5,S,V10007,Rechnung V10007 01/2025,HOFFMANN_S,MEYER_R
5100003992,1000,2025,2025-09-24,400000,Materialaufwand,94.2,S,V10020,Rechnung V10020 09/2025,BECKER_M,MEYER_R
5100003993,1000,2025,2025-09-08,410000,Bürobedarf,302.51,S,V10027,Rechnung V10027 09/2025,SCHMIDT_A,MEYER_R
5100003994,1000,2025,2025-01-27,420000,Reisekosten,163.28,S,V10027,Rechnung V10027 01/2025,BECKER_M,WAGNER_P
5100003995,1000,2025,2025-01-21,450000,Mietaufwand,1290.82,S,V10032,Rechnung V10032 01/2025,HOFFMANN_S,MEYER_R
5100003996,1000,2025,2025-02-13,400000,Materialaufwand,166.32,S,V10005,Rechnung V10005 02/2025,WEBER_K,WAGNER_P
5100003997,1000,2025,2025-01-21,400000,Materialaufwand,2486.56,S,V10007,Rechnung V10007 01/2025,BECKER_M,WAGNER_P
5100003998,1000,2025,2025-08-15,420000,Reisekosten,332.57,S,V10006,Rechnung V10006 08/2025,WEBER_K,BAUER_C
5100003999,1000,2025,2025-02-19,460000,Werbekosten,174.27,S,V10022,Rechnung V10022 02/2025,WEBER_K,BAUER_C
5100004000,1000,2025,2025-08-12,470000,Instandhaltung,66.33,S,V10026,Rechnung V10026 08/2025,FISCHER_L,WAGNER_P
5100004001,1000,2025,2025-06-10,470000,Instandhaltung,27.21,S,V10035,Rechnung V10035 06/2025,HOFFMANN_S,WAGNER_P
5100004002,1000,2025,2025-04-03,420000,Reisekosten,8478.71,S,V10007,Rechnung V10007 04/2025,HOFFMANN_S,BAUER_C
5100004003,1000,2025,2025-10-02,470000,Instandhaltung,73.6,S,V10017,Rechnung V10017 10/2025,BECKER_M,WAGNER_P
5100004004,1000,2025,2025-02-17,450000,Mietaufwand,9153.9,S,V10008,Rechnung V10008 02/2025,BECKER_M,MEYER_R
5100004005,1000,2025,2025-05-19,410000,Bürobedarf,90.08,S,V10013,Rechnung V10013 05/2025,FISCHER_L,WAGNER_P
5100004006,1000,2025,2025-04-29,470000,Instandhaltung,2340.76,S,V10005,Rechnung V10005 04/2025,BECKER_M,MEYER_R
5100004007,1000,2025,2025-12-05,470000,Instandhaltung,383.52,S,V10030,Rechnung V10030 12/2025,FISCHER_L,BAUER_C
5100004008,1000,2025,2025-02-17,430000,Beratungskosten,22.3,S,V10024,Rechnung V10024 02/2025,HOFFMANN_S,MEYER_R
5100004009,1000,2025,2025-05-02,410000,Bürobedarf,419.69,S,V10017,Rechnung V10017 05/2025,SCHMIDT_A,BAUER_C
5100004010,1000,2025,2025-01-15,440000,IT-Dienstleistungen,5201.62,S,V10040,Rechnung V10040 01/2025,WEBER_K,MEYER_R
5100004011,1000,2025,2025-01-03,400000,Materialaufwand,4335.97,S,V10039,Rechnung V10039 01/2025,FISCHER_L,MEYER_R
5100004012,1000,2025,2025-12-23,400000,Materialaufwand,544.74,S,V10028,Rechnung V10028 12/2025,FISCHER_L,WAGNER_P
